split,method,group_id,restart,objective,overall_mse,fraud_mse,non_fraud_mse,prior_fraud_mse,prior_non_fraud_mse,prior_overall_mse
development,baseline,0,0,0.8107172846794128,8.003244597396714,27.32489999371667,1.562692798623395,27.94751252743252,1.1208687767875283,7.827529714448776
development,zero_update,0,0,0.8858755230903625,10.532784516459856,35.66017077309871,2.1569890975802384,27.94751252743252,1.1208687767875283,7.827529714448776
development,baseline,1,0,0.7964965105056763,32.9198240057172,31.41539253701463,33.4213011619514,31.813555740479885,33.00658295441286,32.70832615092962
development,zero_update,1,0,0.8808290362358093,32.27920191274931,32.604203639643515,32.17086800378458,31.813555740479885,33.00658295441286,32.70832615092962
development,baseline,2,0,1.0952259302139282,753.730639365744,2223.0109867294746,263.97052357783383,2241.0861601261226,266.54226790682736,760.1782409616512
development,zero_update,2,0,1.7646303176879883,750.5304930459656,2205.9981939177314,265.37459275537697,2241.0861601261226,266.54226790682736,760.1782409616512
development,baseline,3,0,0.724341869354248,4.812994140033602,15.562822059514078,1.2297181668734425,16.486361438723094,1.1282340791691046,4.9677659190576025
development,zero_update,3,0,0.8483625650405884,5.433510707122007,17.703872949924637,1.3433899595211296,16.486361438723094,1.1282340791691046,4.9677659190576025
development,baseline,0,0,0.796108603477478,7.43896528321817,26.54994320045046,1.0686393108074077,27.94751252743252,1.1208687767875283,7.827529714448776
development,zero_update,0,0,0.8641670942306519,8.896797034381647,31.40083187050641,1.395452089006725,27.94751252743252,1.1208687767875283,7.827529714448776
development,baseline,1,0,0.6927220821380615,32.78901722550903,26.150682559069683,35.001795447655475,31.813555740479885,33.00658295441286,32.70832615092962
development,zero_update,1,0,0.8995052576065063,32.23466453986531,34.588683283571015,31.449991625296736,31.813555740479885,33.00658295441286,32.70832615092962
development,baseline,2,0,1.0426323413848877,750.678003580178,2215.5001446912906,262.4039565431404,2241.0861601261226,266.54226790682736,760.1782409616512
development,zero_update,2,0,1.4096544981002808,753.0272242570688,2212.8192015127943,266.42989850516034,2241.0861601261226,266.54226790682736,760.1782409616512
development,baseline,3,0,0.7399829626083374,6.21311767460818,19.943237163998617,1.6364111781446997,16.486361438723094,1.1282340791691046,4.9677659190576025
development,zero_update,3,0,0.8260979652404785,6.274839283008777,19.57666556522048,1.8408971889382089,16.486361438723094,1.1282340791691046,4.9677659190576025
development,baseline,0,0,0.8107172846794128,8.003244597396714,27.32489999371667,1.562692798623395,27.94751252743252,1.1208687767875283,7.827529714448776
development,zero_update,0,0,0.8523982167243958,12.188024508099916,39.98655423647228,2.9218479319757944,27.94751252743252,1.1208687767875283,7.827529714448776
development,baseline,1,0,0.7964965105056763,32.9198240057172,31.41539253701463,33.4213011619514,31.813555740479885,33.00658295441286,32.70832615092962
development,zero_update,1,0,0.8808290362358093,32.27920191274931,32.604203639643515,32.17086800378458,31.813555740479885,33.00658295441286,32.70832615092962
development,baseline,2,0,1.0952259302139282,753.730639365744,2223.0109867294746,263.97052357783383,2241.0861601261226,266.54226790682736,760.1782409616512
development,zero_update,2,0,1.6880172491073608,736.9726462984346,2166.4641025780793,260.4754942052197,2241.0861601261226,266.54226790682736,760.1782409616512
development,baseline,3,0,0.724341869354248,4.812994140033602,15.562822059514078,1.2297181668734425,16.486361438723094,1.1282340791691046,4.9677659190576025
development,zero_update,3,0,0.8483625650405884,5.433510707122007,17.703872949924637,1.3433899595211296,16.486361438723094,1.1282340791691046,4.9677659190576025
development,baseline,0,0,0.796108603477478,7.43896528321817,26.54994320045046,1.0686393108074077,27.94751252743252,1.1208687767875283,7.827529714448776
development,zero_update,0,0,0.8571796417236328,9.108470102263599,31.811323214831628,1.5408523980742548,27.94751252743252,1.1208687767875283,7.827529714448776
development,baseline,1,0,0.6927220821380615,32.78901722550903,26.150682559069683,35.001795447655475,31.813555740479885,33.00658295441286,32.70832615092962
development,zero_update,1,0,0.8306563496589661,33.3700123362942,38.29168784305426,31.72945383404085,31.813555740479885,33.00658295441286,32.70832615092962
development,baseline,2,0,0.8871041536331177,738.4156841891962,2174.334129260253,259.776202498844,2241.0861601261226,266.54226790682736,760.1782409616512
development,zero_update,2,0,1.06827712059021,752.3346355261192,2209.777819287995,266.5202409388273,2241.0861601261226,266.54226790682736,760.1782409616512
development,baseline,3,0,0.7399829626083374,6.21311767460818,19.943237163998617,1.6364111781446997,16.486361438723094,1.1282340791691046,4.9677659190576025
development,zero_update,3,0,0.8260979652404785,6.274839283008777,19.57666556522048,1.8408971889382089,16.486361438723094,1.1282340791691046,4.9677659190576025
