candidate,feature,scaled_value,raw_value,dataset_min,dataset_p01,dataset_p99,dataset_max,outside_dataset_range,outside_1_99pct_range
original,step,0.14444445073604584,265.00000113248825,1.0,9.0,681.0,743.0,False,False
original,amount,0.2719898223876953,127916.67032569408,0.0,449.46760000000006,1615979.4715999917,92445516.64,False,False
original,oldbalanceOrg,1.0601661205291748,127916.6670935154,0.0,0.0,16027256.133699985,59585040.37,False,False
original,newbalanceOrig,0.0,0.0,0.0,0.0,16176160.557999993,49585040.37,False,False
original,oldbalanceDest,-0.13877904415130615,0.003580337463063188,0.0,0.0,12371819.154799988,356015889.35,False,False
original,newbalanceDest,-0.192098930478096,0.0009007704502437264,0.0,0.0,13137866.940999895,356179278.92,False,False
original,balance_diff_orig,12.665458679199219,127916.66808572764,-1915267.9000000022,-421043.6861000001,218006.0,10000000.000000004,False,False
original,balance_diff_dest,0.0,0.0,-13060826.21,-401556.4368000003,1786256.5095999995,105687838.82000001,False,False
original,type=CASH_IN,0.0,0.0,0.0,0.0,1.0,1.0,False,False
original,type=CASH_OUT,0.0,0.0,0.0,0.0,1.0,1.0,False,False
original,type=DEBIT,0.0,0.0,0.0,0.0,1.0,1.0,False,False
original,type=PAYMENT,0.0,0.0,0.0,0.0,1.0,1.0,False,False
original,type=TRANSFER,1.0,1.0,0.0,0.0,1.0,1.0,False,False
objective_best,step,5.1582770347595215,1167.4898662567139,1.0,9.0,681.0,743.0,True,True
objective_best,amount,-1.1015534400939941,-139832.48226357816,0.0,449.46760000000006,1615979.4715999917,92445516.64,True,True
objective_best,oldbalanceOrg,1.7034213542938232,197101.98376107216,0.0,0.0,16027256.133699985,59585040.37,False,False
objective_best,newbalanceOrig,-2.7547354698181152,-397239.7209259307,0.0,0.0,16176160.557999993,49585040.37,True,True
objective_best,oldbalanceDest,0.20592941343784332,325381.4981793287,0.0,0.0,12371819.154799988,356015889.35,False,False
objective_best,newbalanceDest,1.389048457145691,1758296.7503485028,0.0,0.0,13137866.940999895,356179278.92,False,False
objective_best,balance_diff_orig,-2.228330135345459,-22505.348880616417,-1915267.9000000022,-421043.6861000001,218006.0,10000000.000000004,False,False
objective_best,balance_diff_dest,-0.7905750870704651,-117666.23327942923,-13060826.21,-401556.4368000003,1786256.5095999995,105687838.82000001,False,False
objective_best,type=CASH_IN,0.03391018137335777,0.03391018137335777,0.0,0.0,1.0,1.0,False,False
objective_best,type=CASH_OUT,0.9525529742240906,0.9525529742240906,0.0,0.0,1.0,1.0,False,False
objective_best,type=DEBIT,0.009265872649848461,0.009265872649848461,0.0,0.0,1.0,1.0,False,False
objective_best,type=PAYMENT,0.002922920510172844,0.002922920510172844,0.0,0.0,1.0,1.0,False,False
objective_best,type=TRANSFER,0.0013481088681146502,0.0013481088681146502,0.0,0.0,1.0,1.0,False,False
fraud_mse_best,step,0.08027644455432892,253.4497600197792,1.0,9.0,681.0,743.0,False,False
fraud_mse_best,amount,-0.5787708163261414,-37924.8042707236,0.0,449.46760000000006,1615979.4715999917,92445516.64,True,True
fraud_mse_best,oldbalanceOrg,-0.4137686789035797,-30612.390259474516,0.0,0.0,16027256.133699985,59585040.37,True,True
fraud_mse_best,newbalanceOrig,-0.23620663583278656,-34061.58563212764,0.0,0.0,16176160.557999993,49585040.37,True,True
fraud_mse_best,oldbalanceDest,0.657630443572998,751756.7525760663,0.0,0.0,12371819.154799988,356015889.35,False,False
fraud_mse_best,newbalanceDest,1.3157079219818115,1676739.2525524218,0.0,0.0,13137866.940999895,356179278.92,False,False
fraud_mse_best,balance_diff_orig,4.166037082672119,42075.506006916745,-1915267.9000000022,-421043.6861000001,218006.0,10000000.000000004,False,False
fraud_mse_best,balance_diff_dest,1.0530370473861694,156730.0878766224,-13060826.21,-401556.4368000003,1786256.5095999995,105687838.82000001,False,False
fraud_mse_best,type=CASH_IN,0.35294628143310547,0.35294628143310547,0.0,0.0,1.0,1.0,False,False
fraud_mse_best,type=CASH_OUT,0.13257259130477905,0.13257259130477905,0.0,0.0,1.0,1.0,False,False
fraud_mse_best,type=DEBIT,0.025169087573885918,0.025169087573885918,0.0,0.0,1.0,1.0,False,False
fraud_mse_best,type=PAYMENT,0.12905128300189972,0.12905128300189972,0.0,0.0,1.0,1.0,False,False
fraud_mse_best,type=TRANSFER,0.3602607548236847,0.3602607548236847,0.0,0.0,1.0,1.0,False,False
