group_id,branch,selected_artifact,selection_objective,mse,feature_mse,feature_mae,psnr,ssim,cosine_similarity,pearson_correlation,sign_match_ratio
0,raw,/Users/rhys24z/Documents/UNIVERSITY/Capstone/FL-DNA/artifacts/rq1/confirmatory_run_20260913/raw/group_0_run/harddiff_reparam_rq1_confirmatory_standard_nonneg_0p001/group_0/restart_2/baseline.pt,0.654306948184967,30.63695526123047,30.63695526123047,2.101487159729004,19.245318220839888,0.111595442577718,0.1574650802269954,0.1456896349383372,0.8269230769230769
0,dna,/Users/rhys24z/Documents/UNIVERSITY/Capstone/FL-DNA/artifacts/rq1/confirmatory_run_20260913/dna/group_0_run/dna_level1_forward_attack_rq1_confirmatory_c4_r8_i600_lr0p1_nonneg0p001/group_0/realization_1/restart_4/baseline.pt,0.6310702562332153,37.89152908325195,37.89152908325195,2.3386731147766113,19.8065939640253,0.13445552226207882,0.22112793408421472,0.2262681070514236,0.6730769230769231
0,dp,/Users/rhys24z/Documents/UNIVERSITY/Capstone/FL-DNA/artifacts/rq1/confirmatory_run_20260913/dp/group_0_run/simple_defense_attack_clipping_noise_mc_rq1_confirmatory_r8_i600_lr0p1_nonneg0p001_clip100_mult0p00025_mc100/group_0/restart_6/baseline.pt,0.9169356822967529,17.38158416748047,17.38158416748047,1.8930174112319946,18.574360041021468,0.18019271371838366,0.33812290327095706,0.3310496505890113,0.6153846153846154
1,raw,/Users/rhys24z/Documents/UNIVERSITY/Capstone/FL-DNA/artifacts/rq1/confirmatory_run_20260913/raw/group_1_run/harddiff_reparam_rq1_confirmatory_standard_nonneg_0p001/group_1/restart_7/baseline.pt,0.5631945133209229,30.286550521850586,30.286550521850586,2.2236688137054443,20.905379057619598,0.3907132244846234,0.624137324303222,0.6382867538317861,0.8076923076923077
1,dna,/Users/rhys24z/Documents/UNIVERSITY/Capstone/FL-DNA/artifacts/rq1/confirmatory_run_20260913/dna/group_1_run/dna_level1_forward_attack_rq1_confirmatory_c4_r8_i600_lr0p1_nonneg0p001/group_1/realization_0/restart_1/baseline.pt,0.47276923060417175,17.80360221862793,17.80360221862793,1.9324196577072144,21.082683895135716,0.5191753469625214,0.7598075642919215,0.7979138899733017,0.6923076923076923
1,dp,/Users/rhys24z/Documents/UNIVERSITY/Capstone/FL-DNA/artifacts/rq1/confirmatory_run_20260913/dp/group_1_run/simple_defense_attack_clipping_noise_mc_rq1_confirmatory_r8_i600_lr0p1_nonneg0p001_clip100_mult0p00025_mc100/group_1/restart_7/baseline.pt,0.9187473654747009,19.288301467895508,19.288301467895508,2.028583526611328,18.921115073657294,0.2365031915934516,0.28939680873728085,0.25971365397561114,0.6730769230769231
2,raw,/Users/rhys24z/Documents/UNIVERSITY/Capstone/FL-DNA/artifacts/rq1/confirmatory_run_20260913/raw/group_2_run/harddiff_reparam_rq1_confirmatory_standard_nonneg_0p001/group_2/restart_7/baseline.pt,0.7120659947395325,46.746944427490234,46.746944427490234,3.425178289413452,17.70935923451853,0.2898431230269066,0.27926895868763135,0.29482588986562414,0.75
2,dna,/Users/rhys24z/Documents/UNIVERSITY/Capstone/FL-DNA/artifacts/rq1/confirmatory_run_20260913/dna/group_2_run/dna_level1_forward_attack_rq1_confirmatory_c4_r8_i600_lr0p1_nonneg0p001/group_2/realization_2/restart_1/baseline.pt,0.6490081548690796,41.974544525146484,41.974544525146484,2.7634401321411133,18.88677958644207,0.25925545005180534,0.21936811355209254,0.23508499671983127,0.7884615384615384
2,dp,/Users/rhys24z/Documents/UNIVERSITY/Capstone/FL-DNA/artifacts/rq1/confirmatory_run_20260913/dp/group_2_run/simple_defense_attack_clipping_noise_mc_rq1_confirmatory_r8_i600_lr0p1_nonneg0p001_clip100_mult0p00025_mc100/group_2/restart_4/baseline.pt,0.9603334069252014,21.734752655029297,21.734752655029297,2.369368314743042,20.371045360052914,0.44807414501886134,0.4029840376481328,0.41905661903608815,0.6730769230769231
3,raw,/Users/rhys24z/Documents/UNIVERSITY/Capstone/FL-DNA/artifacts/rq1/confirmatory_run_20260913/raw/group_3_run/harddiff_reparam_rq1_confirmatory_standard_nonneg_0p001/group_3/restart_4/baseline.pt,0.5113276243209839,907.6907958984375,907.6907958984375,10.059690475463867,22.594319650790652,0.6987978215920527,0.9041109484452462,0.9068423522183435,0.8076923076923077
3,dna,/Users/rhys24z/Documents/UNIVERSITY/Capstone/FL-DNA/artifacts/rq1/confirmatory_run_20260913/dna/group_3_run/dna_level1_forward_attack_rq1_confirmatory_c4_r8_i600_lr0p1_nonneg0p001/group_3/realization_3/restart_4/baseline.pt,0.46926000714302063,369.46527099609375,369.46527099609375,7.744105815887451,26.550925511207023,0.9000726410270439,0.947768110237249,0.9499489666260311,0.7307692307692307
3,dp,/Users/rhys24z/Documents/UNIVERSITY/Capstone/FL-DNA/artifacts/rq1/confirmatory_run_20260913/dp/group_3_run/simple_defense_attack_clipping_noise_mc_rq1_confirmatory_r8_i600_lr0p1_nonneg0p001_clip100_mult0p00025_mc100/group_3/restart_3/baseline.pt,1.060838222503662,991.8182373046875,991.8182373046875,12.169422149658203,22.044613197074643,0.6949763167666919,0.7906467218360446,0.7789359437666484,0.7884615384615384
4,raw,/Users/rhys24z/Documents/UNIVERSITY/Capstone/FL-DNA/artifacts/rq1/confirmatory_run_20260913/raw/group_4_run/harddiff_reparam_rq1_confirmatory_standard_nonneg_0p001/group_4/restart_7/baseline.pt,0.48411795496940613,28.892818450927734,28.892818450927734,2.814805030822754,25.05910811722434,0.813530436636385,0.8493041140539419,0.8502998084672587,0.7307692307692307
4,dna,/Users/rhys24z/Documents/UNIVERSITY/Capstone/FL-DNA/artifacts/rq1/confirmatory_run_20260913/dna/group_4_run/dna_level1_forward_attack_rq1_confirmatory_c4_r8_i600_lr0p1_nonneg0p001/group_4/realization_2/restart_2/baseline.pt,0.4445067048072815,19.25825309753418,19.25825309753418,2.03672194480896,25.62276687645431,0.8481048233232911,0.8551429831009336,0.8537489779023435,0.6730769230769231
4,dp,/Users/rhys24z/Documents/UNIVERSITY/Capstone/FL-DNA/artifacts/rq1/confirmatory_run_20260913/dp/group_4_run/simple_defense_attack_clipping_noise_mc_rq1_confirmatory_r8_i600_lr0p1_nonneg0p001_clip100_mult0p00025_mc100/group_4/restart_7/baseline.pt,0.9145656228065491,24.85110855102539,24.85110855102539,2.452627182006836,22.81873727045944,0.7495447452190643,0.7480523441566785,0.7367613660969393,0.8269230769230769
5,raw,/Users/rhys24z/Documents/UNIVERSITY/Capstone/FL-DNA/artifacts/rq1/confirmatory_run_20260913/raw/group_5_run/harddiff_reparam_rq1_confirmatory_standard_nonneg_0p001/group_5/restart_7/baseline.pt,0.3572743535041809,1162.78955078125,1162.78955078125,8.059630393981934,22.559161972435735,0.6574124955147288,0.96552008209758,0.9672445809498841,0.7692307692307693
5,dna,/Users/rhys24z/Documents/UNIVERSITY/Capstone/FL-DNA/artifacts/rq1/confirmatory_run_20260913/dna/group_5_run/dna_level1_forward_attack_rq1_confirmatory_c4_r8_i600_lr0p1_nonneg0p001/group_5/realization_0/restart_1/baseline.pt,0.37651726603507996,798.019775390625,798.019775390625,7.253885746002197,24.56534468774667,0.7877151319420921,0.9674597207029888,0.9690416414069388,0.7115384615384616
5,dp,/Users/rhys24z/Documents/UNIVERSITY/Capstone/FL-DNA/artifacts/rq1/confirmatory_run_20260913/dp/group_5_run/simple_defense_attack_clipping_noise_mc_rq1_confirmatory_r8_i600_lr0p1_nonneg0p001_clip100_mult0p00025_mc100/group_5/restart_2/baseline.pt,0.9222877621650696,1949.8060302734375,1949.8060302734375,16.141239166259766,22.747754047607636,0.5836558378518417,0.5820647295346577,0.5720854885671759,0.7307692307692307
6,raw,/Users/rhys24z/Documents/UNIVERSITY/Capstone/FL-DNA/artifacts/rq1/confirmatory_run_20260913/raw/group_6_run/harddiff_reparam_rq1_confirmatory_standard_nonneg_0p001/group_6/restart_7/baseline.pt,0.4686524569988251,124.97486114501953,124.97486114501953,3.515170097351074,27.156951446638395,0.8692951481407526,0.8593691957150421,0.8612740938462952,0.6923076923076923
6,dna,/Users/rhys24z/Documents/UNIVERSITY/Capstone/FL-DNA/artifacts/rq1/confirmatory_run_20260913/dna/group_6_run/dna_level1_forward_attack_rq1_confirmatory_c4_r8_i600_lr0p1_nonneg0p001/group_6/realization_3/restart_5/baseline.pt,0.3958662152290344,10.249309539794922,10.249309539794922,1.9430999755859375,35.51678683954046,0.9893161831113427,0.9899805712797707,0.9900335789461966,0.7307692307692307
6,dp,/Users/rhys24z/Documents/UNIVERSITY/Capstone/FL-DNA/artifacts/rq1/confirmatory_run_20260913/dp/group_6_run/simple_defense_attack_clipping_noise_mc_rq1_confirmatory_r8_i600_lr0p1_nonneg0p001_clip100_mult0p00025_mc100/group_6/restart_1/baseline.pt,0.9190468192100525,28.607906341552734,28.607906341552734,2.820434331893921,31.15325501078642,0.9692877686516463,0.9686375826888232,0.9683032819018723,0.7115384615384616
7,raw,/Users/rhys24z/Documents/UNIVERSITY/Capstone/FL-DNA/artifacts/rq1/confirmatory_run_20260913/raw/group_7_run/harddiff_reparam_rq1_confirmatory_standard_nonneg_0p001/group_7/restart_5/baseline.pt,0.4733187258243561,118.10213470458984,118.10213470458984,4.7824320793151855,26.18103567109699,0.8826298691585339,0.880187611837354,0.8787791112605795,0.6923076923076923
7,dna,/Users/rhys24z/Documents/UNIVERSITY/Capstone/FL-DNA/artifacts/rq1/confirmatory_run_20260913/dna/group_7_run/dna_level1_forward_attack_rq1_confirmatory_c4_r8_i600_lr0p1_nonneg0p001/group_7/realization_0/restart_7/baseline.pt,0.35906782746315,28.537113189697266,28.537113189697266,2.336265802383423,31.979538491004096,0.9704649981186818,0.969056630904193,0.9694332805357173,0.7307692307692307
7,dp,/Users/rhys24z/Documents/UNIVERSITY/Capstone/FL-DNA/artifacts/rq1/confirmatory_run_20260913/dp/group_7_run/simple_defense_attack_clipping_noise_mc_rq1_confirmatory_r8_i600_lr0p1_nonneg0p001_clip100_mult0p00025_mc100/group_7/restart_1/baseline.pt,0.8050399422645569,54.029151916503906,54.029151916503906,3.2696447372436523,29.758924337356586,0.9422575676665103,0.9401708119380816,0.9391818529586572,0.7692307692307693
8,raw,/Users/rhys24z/Documents/UNIVERSITY/Capstone/FL-DNA/artifacts/rq1/confirmatory_run_20260913/raw/group_8_run/harddiff_reparam_rq1_confirmatory_standard_nonneg_0p001/group_8/restart_0/baseline.pt,0.41984081268310547,7.909704208374023,7.909704208374023,1.3611081838607788,25.66658801354214,0.8464603565222534,0.8739785045470241,0.8746164852029852,0.7692307692307693
8,dna,/Users/rhys24z/Documents/UNIVERSITY/Capstone/FL-DNA/artifacts/rq1/confirmatory_run_20260913/dna/group_8_run/dna_level1_forward_attack_rq1_confirmatory_c4_r8_i600_lr0p1_nonneg0p001/group_8/realization_3/restart_2/baseline.pt,0.43924757838249207,9.87460708618164,9.87460708618164,1.451737642288208,25.91036003568995,0.8537742959395619,0.9501149206753291,0.9509247295938155,0.7115384615384616
8,dp,/Users/rhys24z/Documents/UNIVERSITY/Capstone/FL-DNA/artifacts/rq1/confirmatory_run_20260913/dp/group_8_run/simple_defense_attack_clipping_noise_mc_rq1_confirmatory_r8_i600_lr0p1_nonneg0p001_clip100_mult0p00025_mc100/group_8/restart_3/baseline.pt,0.7485525608062744,4.12930154800415,4.12930154800415,1.185732364654541,27.078034628239095,0.9114267650170216,0.9325050726089176,0.9301676808645687,0.75
9,raw,/Users/rhys24z/Documents/UNIVERSITY/Capstone/FL-DNA/artifacts/rq1/confirmatory_run_20260913/raw/group_9_run/harddiff_reparam_rq1_confirmatory_standard_nonneg_0p001/group_9/restart_4/baseline.pt,0.4441734552383423,53.238365173339844,53.238365173339844,3.136744260787964,26.220431695491445,0.8530733050119422,0.8624156122499613,0.8579374896845559,0.6730769230769231
9,dna,/Users/rhys24z/Documents/UNIVERSITY/Capstone/FL-DNA/artifacts/rq1/confirmatory_run_20260913/dna/group_9_run/dna_level1_forward_attack_rq1_confirmatory_c4_r8_i600_lr0p1_nonneg0p001/group_9/realization_0/restart_0/baseline.pt,0.37895017862319946,23.49843406677246,23.49843406677246,2.494879722595215,29.45884426046828,0.9532136179060265,0.9662811597786416,0.9656704938153449,0.6730769230769231
9,dp,/Users/rhys24z/Documents/UNIVERSITY/Capstone/FL-DNA/artifacts/rq1/confirmatory_run_20260913/dp/group_9_run/simple_defense_attack_clipping_noise_mc_rq1_confirmatory_r8_i600_lr0p1_nonneg0p001_clip100_mult0p00025_mc100/group_9/restart_5/baseline.pt,0.7622215747833252,87.25395965576172,87.25395965576172,3.7438948154449463,23.609834817653322,0.7835327322012755,0.7786731605419186,0.7735059393965285,0.7115384615384616
10,raw,/Users/rhys24z/Documents/UNIVERSITY/Capstone/FL-DNA/artifacts/rq1/confirmatory_run_20260913/raw/group_10_run/harddiff_reparam_rq1_confirmatory_standard_nonneg_0p001/group_10/restart_4/baseline.pt,0.6226097941398621,10.179459571838379,10.179459571838379,1.6869570016860962,21.498736968106446,0.5323015087984885,0.5885196562890938,0.5830725183179694,0.7692307692307693
10,dna,/Users/rhys24z/Documents/UNIVERSITY/Capstone/FL-DNA/artifacts/rq1/confirmatory_run_20260913/dna/group_10_run/dna_level1_forward_attack_rq1_confirmatory_c4_r8_i600_lr0p1_nonneg0p001/group_10/realization_2/restart_0/baseline.pt,0.6316567063331604,24.41176986694336,24.41176986694336,2.385087251663208,20.310991265012763,0.41057484690467655,0.5574097494781928,0.5614288132292533,0.75
10,dp,/Users/rhys24z/Documents/UNIVERSITY/Capstone/FL-DNA/artifacts/rq1/confirmatory_run_20260913/dp/group_10_run/simple_defense_attack_clipping_noise_mc_rq1_confirmatory_r8_i600_lr0p1_nonneg0p001_clip100_mult0p00025_mc100/group_10/restart_4/baseline.pt,0.8908360004425049,18.54955291748047,18.54955291748047,2.3109493255615234,20.27661194863651,0.41894767452770365,0.5204733420171851,0.5158076057862246,0.6923076923076923
11,raw,/Users/rhys24z/Documents/UNIVERSITY/Capstone/FL-DNA/artifacts/rq1/confirmatory_run_20260913/raw/group_11_run/harddiff_reparam_rq1_confirmatory_standard_nonneg_0p001/group_11/restart_2/baseline.pt,0.5954506993293762,21.935182571411133,21.935182571411133,1.9160006046295166,22.23687198491152,0.5092592032412496,0.7718129928897657,0.7765991438263181,0.75
11,dna,/Users/rhys24z/Documents/UNIVERSITY/Capstone/FL-DNA/artifacts/rq1/confirmatory_run_20260913/dna/group_11_run/dna_level1_forward_attack_rq1_confirmatory_c4_r8_i600_lr0p1_nonneg0p001/group_11/realization_0/restart_1/baseline.pt,0.5910729169845581,26.070362091064453,26.070362091064453,2.149898052215576,21.680901670390927,0.44898993751663235,0.6879419828984159,0.6875505328472367,0.7115384615384616
11,dp,/Users/rhys24z/Documents/UNIVERSITY/Capstone/FL-DNA/artifacts/rq1/confirmatory_run_20260913/dp/group_11_run/simple_defense_attack_clipping_noise_mc_rq1_confirmatory_r8_i600_lr0p1_nonneg0p001_clip100_mult0p00025_mc100/group_11/restart_7/baseline.pt,0.9286866784095764,6.722352027893066,6.722352027893066,1.2777574062347412,25.08020549199291,0.7351975110196931,0.9276091655992766,0.9281164775335606,0.75
12,raw,/Users/rhys24z/Documents/UNIVERSITY/Capstone/FL-DNA/artifacts/rq1/confirmatory_run_20260913/raw/group_12_run/harddiff_reparam_rq1_confirmatory_standard_nonneg_0p001/group_12/restart_7/baseline.pt,0.4686073362827301,17.57731056213379,17.57731056213379,1.9665415287017822,22.175230343919452,0.6806165501960225,0.7445238369609558,0.75127639590224,0.7115384615384616
12,dna,/Users/rhys24z/Documents/UNIVERSITY/Capstone/FL-DNA/artifacts/rq1/confirmatory_run_20260913/dna/group_12_run/dna_level1_forward_attack_rq1_confirmatory_c4_r8_i600_lr0p1_nonneg0p001/group_12/realization_3/restart_4/baseline.pt,0.44854217767715454,23.482704162597656,23.482704162597656,1.9306012392044067,23.27521512616578,0.7019088329379656,0.8610539593925245,0.8764604637035537,0.7115384615384616
12,dp,/Users/rhys24z/Documents/UNIVERSITY/Capstone/FL-DNA/artifacts/rq1/confirmatory_run_20260913/dp/group_12_run/simple_defense_attack_clipping_noise_mc_rq1_confirmatory_r8_i600_lr0p1_nonneg0p001_clip100_mult0p00025_mc100/group_12/restart_0/baseline.pt,0.7919582724571228,5.695815086364746,5.695815086364746,1.1718175411224365,26.396357681565203,0.8759699878135778,0.9322295960950734,0.9332226978160023,0.7692307692307693
13,raw,/Users/rhys24z/Documents/UNIVERSITY/Capstone/FL-DNA/artifacts/rq1/confirmatory_run_20260913/raw/group_13_run/harddiff_reparam_rq1_confirmatory_standard_nonneg_0p001/group_13/restart_4/baseline.pt,0.4200664758682251,30.284101486206055,30.284101486206055,2.2891347408294678,28.853212539354264,0.9372862642987694,0.9338753553041821,0.9361231414198491,0.75
13,dna,/Users/rhys24z/Documents/UNIVERSITY/Capstone/FL-DNA/artifacts/rq1/confirmatory_run_20260913/dna/group_13_run/dna_level1_forward_attack_rq1_confirmatory_c4_r8_i600_lr0p1_nonneg0p001/group_13/realization_1/restart_6/baseline.pt,0.4269331693649292,77.41842651367188,77.41842651367188,3.9595985412597656,26.548582642945963,0.8792951633094417,0.9152503047698952,0.9152358065629416,0.6923076923076923
13,dp,/Users/rhys24z/Documents/UNIVERSITY/Capstone/FL-DNA/artifacts/rq1/confirmatory_run_20260913/dp/group_13_run/simple_defense_attack_clipping_noise_mc_rq1_confirmatory_r8_i600_lr0p1_nonneg0p001_clip100_mult0p00025_mc100/group_13/restart_3/baseline.pt,0.7275269031524658,21.285993576049805,21.285993576049805,2.4297242164611816,30.083973697966528,0.9579258021320051,0.9625769056517597,0.9632029379102989,0.7307692307692307
14,raw,/Users/rhys24z/Documents/UNIVERSITY/Capstone/FL-DNA/artifacts/rq1/confirmatory_run_20260913/raw/group_14_run/harddiff_reparam_rq1_confirmatory_standard_nonneg_0p001/group_14/restart_4/baseline.pt,0.5041459202766418,186.8303985595703,186.8303985595703,5.72490930557251,22.859039771272734,0.7402052179587076,0.7331365220989228,0.7316096768256379,0.8076923076923077
14,dna,/Users/rhys24z/Documents/UNIVERSITY/Capstone/FL-DNA/artifacts/rq1/confirmatory_run_20260913/dna/group_14_run/dna_level1_forward_attack_rq1_confirmatory_c4_r8_i600_lr0p1_nonneg0p001/group_14/realization_0/restart_2/baseline.pt,0.4976726770401001,160.82518005371094,160.82518005371094,5.183303356170654,21.615843511763533,0.7457043318108251,0.7432334502817073,0.738372990947018,0.6730769230769231
14,dp,/Users/rhys24z/Documents/UNIVERSITY/Capstone/FL-DNA/artifacts/rq1/confirmatory_run_20260913/dp/group_14_run/simple_defense_attack_clipping_noise_mc_rq1_confirmatory_r8_i600_lr0p1_nonneg0p001_clip100_mult0p00025_mc100/group_14/restart_4/baseline.pt,0.7994321584701538,152.27755737304688,152.27755737304688,4.503562927246094,22.752870033031737,0.7850589987511216,0.7876431821680985,0.7837164634794586,0.7307692307692307
15,raw,/Users/rhys24z/Documents/UNIVERSITY/Capstone/FL-DNA/artifacts/rq1/confirmatory_run_20260913/raw/group_15_run/harddiff_reparam_rq1_confirmatory_standard_nonneg_0p001/group_15/restart_7/baseline.pt,0.35337966680526733,23.31902313232422,23.31902313232422,2.5650172233581543,30.604115455314343,0.9648118866821676,0.9646504945319937,0.9679279381415862,0.75
15,dna,/Users/rhys24z/Documents/UNIVERSITY/Capstone/FL-DNA/artifacts/rq1/confirmatory_run_20260913/dna/group_15_run/dna_level1_forward_attack_rq1_confirmatory_c4_r8_i600_lr0p1_nonneg0p001/group_15/realization_1/restart_5/baseline.pt,0.395746111869812,32.970367431640625,32.970367431640625,2.582908868789673,29.333663104483666,0.9459184654588344,0.9529789896750882,0.9530385529080586,0.7884615384615384
15,dp,/Users/rhys24z/Documents/UNIVERSITY/Capstone/FL-DNA/artifacts/rq1/confirmatory_run_20260913/dp/group_15_run/simple_defense_attack_clipping_noise_mc_rq1_confirmatory_r8_i600_lr0p1_nonneg0p001_clip100_mult0p00025_mc100/group_15/restart_0/baseline.pt,0.8922932744026184,61.40372085571289,61.40372085571289,3.438612937927246,27.250513083768276,0.9084568163277326,0.905916790254769,0.9042412141402871,0.7115384615384616
16,raw,/Users/rhys24z/Documents/UNIVERSITY/Capstone/FL-DNA/artifacts/rq1/confirmatory_run_20260913/raw/group_16_run/harddiff_reparam_rq1_confirmatory_standard_nonneg_0p001/group_16/restart_6/baseline.pt,0.6439042091369629,25.040508270263672,25.040508270263672,2.702913522720337,23.95337414362443,0.8345227162911701,0.8895410968775156,0.886408664530557,0.6730769230769231
16,dna,/Users/rhys24z/Documents/UNIVERSITY/Capstone/FL-DNA/artifacts/rq1/confirmatory_run_20260913/dna/group_16_run/dna_level1_forward_attack_rq1_confirmatory_c4_r8_i600_lr0p1_nonneg0p001/group_16/realization_3/restart_6/baseline.pt,0.4542221128940582,14.515629768371582,14.515629768371582,1.8306952714920044,24.26119634852369,0.861124268608771,0.855110467355109,0.8578321428890785,0.75
16,dp,/Users/rhys24z/Documents/UNIVERSITY/Capstone/FL-DNA/artifacts/rq1/confirmatory_run_20260913/dp/group_16_run/simple_defense_attack_clipping_noise_mc_rq1_confirmatory_r8_i600_lr0p1_nonneg0p001_clip100_mult0p00025_mc100/group_16/restart_6/baseline.pt,0.8683263659477234,46.73130416870117,46.73130416870117,3.0241963863372803,17.962650188621197,0.5507784370822117,0.5680600111516874,0.5339867392483107,0.7692307692307693
17,raw,/Users/rhys24z/Documents/UNIVERSITY/Capstone/FL-DNA/artifacts/rq1/confirmatory_run_20260913/raw/group_17_run/harddiff_reparam_rq1_confirmatory_standard_nonneg_0p001/group_17/restart_2/baseline.pt,0.4919418692588806,31.26140594482422,31.26140594482422,2.1936960220336914,22.57604843127519,0.5904157572059576,0.8707406908069228,0.8681523503421038,0.7884615384615384
17,dna,/Users/rhys24z/Documents/UNIVERSITY/Capstone/FL-DNA/artifacts/rq1/confirmatory_run_20260913/dna/group_17_run/dna_level1_forward_attack_rq1_confirmatory_c4_r8_i600_lr0p1_nonneg0p001/group_17/realization_1/restart_6/baseline.pt,0.47450026869773865,15.294740676879883,15.294740676879883,1.7611534595489502,23.10279259968779,0.6927249069860919,0.8761410517205717,0.8830395992570962,0.7692307692307693
17,dp,/Users/rhys24z/Documents/UNIVERSITY/Capstone/FL-DNA/artifacts/rq1/confirmatory_run_20260913/dp/group_17_run/simple_defense_attack_clipping_noise_mc_rq1_confirmatory_r8_i600_lr0p1_nonneg0p001_clip100_mult0p00025_mc100/group_17/restart_2/baseline.pt,0.9188382029533386,7.294366836547852,7.294366836547852,1.36899733543396,24.75499375785917,0.7880117938211348,0.8794752374540122,0.8863660266702232,0.7692307692307693
18,raw,/Users/rhys24z/Documents/UNIVERSITY/Capstone/FL-DNA/artifacts/rq1/confirmatory_run_20260913/raw/group_18_run/harddiff_reparam_rq1_confirmatory_standard_nonneg_0p001/group_18/restart_7/baseline.pt,0.45998987555503845,14170.15234375,14170.15234375,27.969196319580078,19.857132653592615,0.32706220281101267,0.867144044396022,0.8690931900134866,0.7884615384615384
18,dna,/Users/rhys24z/Documents/UNIVERSITY/Capstone/FL-DNA/artifacts/rq1/confirmatory_run_20260913/dna/group_18_run/dna_level1_forward_attack_rq1_confirmatory_c4_r8_i600_lr0p1_nonneg0p001/group_18/realization_3/restart_5/baseline.pt,0.4168368875980377,15413.1943359375,15413.1943359375,27.02663230895996,19.1246251879766,0.22035153612778902,0.9419196022438319,0.9438800927864068,0.7115384615384616
18,dp,/Users/rhys24z/Documents/UNIVERSITY/Capstone/FL-DNA/artifacts/rq1/confirmatory_run_20260913/dp/group_18_run/simple_defense_attack_clipping_noise_mc_rq1_confirmatory_r8_i600_lr0p1_nonneg0p001_clip100_mult0p00025_mc100/group_18/restart_3/baseline.pt,1.0330435037612915,14529.0849609375,14529.0849609375,31.353403091430664,19.599331635640137,0.32256461184549196,0.6067531209062923,0.5873246611815732,0.6538461538461539
19,raw,/Users/rhys24z/Documents/UNIVERSITY/Capstone/FL-DNA/artifacts/rq1/confirmatory_run_20260913/raw/group_19_run/harddiff_reparam_rq1_confirmatory_standard_nonneg_0p001/group_19/restart_7/baseline.pt,0.41495227813720703,2157.36865234375,2157.36865234375,9.5289306640625,20.761216268935495,0.46616021588974055,0.9788835867136172,0.979652820515291,0.7692307692307693
19,dna,/Users/rhys24z/Documents/UNIVERSITY/Capstone/FL-DNA/artifacts/rq1/confirmatory_run_20260913/dna/group_19_run/dna_level1_forward_attack_rq1_confirmatory_c4_r8_i600_lr0p1_nonneg0p001/group_19/realization_0/restart_0/baseline.pt,0.38878870010375977,1696.219970703125,1696.219970703125,9.58309268951416,22.19457283732977,0.6302676857422742,0.9503608260149857,0.9500110740684061,0.8461538461538461
19,dp,/Users/rhys24z/Documents/UNIVERSITY/Capstone/FL-DNA/artifacts/rq1/confirmatory_run_20260913/dp/group_19_run/simple_defense_attack_clipping_noise_mc_rq1_confirmatory_r8_i600_lr0p1_nonneg0p001_clip100_mult0p00025_mc100/group_19/restart_1/baseline.pt,0.9198022484779358,4271.6552734375,4271.6552734375,16.702102661132812,18.279947321616337,0.1939617367287047,0.19899429207344804,0.17292622010163425,0.75
20,raw,/Users/rhys24z/Documents/UNIVERSITY/Capstone/FL-DNA/artifacts/rq1/confirmatory_run_20260913/raw/group_20_run/harddiff_reparam_rq1_confirmatory_standard_nonneg_0p001/group_20/restart_0/baseline.pt,0.5943180322647095,43.165645599365234,43.165645599365234,2.7940077781677246,20.60289428102669,0.24951241808665223,0.5840108826901933,0.6107151423799159,0.7307692307692307
20,dna,/Users/rhys24z/Documents/UNIVERSITY/Capstone/FL-DNA/artifacts/rq1/confirmatory_run_20260913/dna/group_20_run/dna_level1_forward_attack_rq1_confirmatory_c4_r8_i600_lr0p1_nonneg0p001/group_20/realization_1/restart_1/baseline.pt,0.6087116599082947,35.84175491333008,35.84175491333008,2.636113405227661,19.29269459565742,0.24360665731001363,0.5737987309399257,0.5926312848265052,0.7115384615384616
20,dp,/Users/rhys24z/Documents/UNIVERSITY/Capstone/FL-DNA/artifacts/rq1/confirmatory_run_20260913/dp/group_20_run/simple_defense_attack_clipping_noise_mc_rq1_confirmatory_r8_i600_lr0p1_nonneg0p001_clip100_mult0p00025_mc100/group_20/restart_4/baseline.pt,0.8005955815315247,13.337533950805664,13.337533950805664,1.9732500314712524,18.454735990457692,0.07951474107269198,0.07062874685263182,0.030895303298423132,0.75
21,raw,/Users/rhys24z/Documents/UNIVERSITY/Capstone/FL-DNA/artifacts/rq1/confirmatory_run_20260913/raw/group_21_run/harddiff_reparam_rq1_confirmatory_standard_nonneg_0p001/group_21/restart_6/baseline.pt,0.624775230884552,465.8053283691406,465.8053283691406,9.59636402130127,19.553751712516238,0.5549632039495801,0.546005004043362,0.5411904303700341,0.7692307692307693
21,dna,/Users/rhys24z/Documents/UNIVERSITY/Capstone/FL-DNA/artifacts/rq1/confirmatory_run_20260913/dna/group_21_run/dna_level1_forward_attack_rq1_confirmatory_c4_r8_i600_lr0p1_nonneg0p001/group_21/realization_3/restart_4/baseline.pt,0.6097100973129272,381.9971923828125,381.9971923828125,8.055951118469238,21.41225674517277,0.6499333039847114,0.6405989575302814,0.6411365928658218,0.7692307692307693
21,dp,/Users/rhys24z/Documents/UNIVERSITY/Capstone/FL-DNA/artifacts/rq1/confirmatory_run_20260913/dp/group_21_run/simple_defense_attack_clipping_noise_mc_rq1_confirmatory_r8_i600_lr0p1_nonneg0p001_clip100_mult0p00025_mc100/group_21/restart_1/baseline.pt,0.8689985275268555,465.48779296875,465.48779296875,8.612253189086914,17.93533102617549,0.49616373511000217,0.4965658188796106,0.4789609980852678,0.75
22,raw,/Users/rhys24z/Documents/UNIVERSITY/Capstone/FL-DNA/artifacts/rq1/confirmatory_run_20260913/raw/group_22_run/harddiff_reparam_rq1_confirmatory_standard_nonneg_0p001/group_22/restart_3/baseline.pt,0.36154046654701233,73.30188751220703,73.30188751220703,3.8868584632873535,31.39737634128945,0.9677317301442386,0.9666209798502896,0.97031506254578,0.6538461538461539
22,dna,/Users/rhys24z/Documents/UNIVERSITY/Capstone/FL-DNA/artifacts/rq1/confirmatory_run_20260913/dna/group_22_run/dna_level1_forward_attack_rq1_confirmatory_c4_r8_i600_lr0p1_nonneg0p001/group_22/realization_1/restart_6/baseline.pt,0.3448227643966675,192.54269409179688,192.54269409179688,4.798533916473389,25.75568035103764,0.8606024628339254,0.9625537924783927,0.9666879457372031,0.6730769230769231
22,dp,/Users/rhys24z/Documents/UNIVERSITY/Capstone/FL-DNA/artifacts/rq1/confirmatory_run_20260913/dp/group_22_run/simple_defense_attack_clipping_noise_mc_rq1_confirmatory_r8_i600_lr0p1_nonneg0p001_clip100_mult0p00025_mc100/group_22/restart_4/baseline.pt,0.8931089043617249,502.01776123046875,502.01776123046875,8.526172637939453,22.28340266967201,0.6792571674064019,0.696409894212928,0.6881417831837446,0.6923076923076923
23,raw,/Users/rhys24z/Documents/UNIVERSITY/Capstone/FL-DNA/artifacts/rq1/confirmatory_run_20260913/raw/group_23_run/harddiff_reparam_rq1_confirmatory_standard_nonneg_0p001/group_23/restart_0/baseline.pt,0.6552380919456482,49.74196243286133,49.74196243286133,3.0058810710906982,20.500777954698577,0.1514139227893337,0.1483012388262369,0.15440819305875783,0.75
23,dna,/Users/rhys24z/Documents/UNIVERSITY/Capstone/FL-DNA/artifacts/rq1/confirmatory_run_20260913/dna/group_23_run/dna_level1_forward_attack_rq1_confirmatory_c4_r8_i600_lr0p1_nonneg0p001/group_23/realization_2/restart_3/baseline.pt,0.6424859762191772,43.665836334228516,43.665836334228516,3.044198513031006,18.676583248996884,0.1219141144548824,0.13928955683978664,0.1352845277198334,0.7307692307692307
23,dp,/Users/rhys24z/Documents/UNIVERSITY/Capstone/FL-DNA/artifacts/rq1/confirmatory_run_20260913/dp/group_23_run/simple_defense_attack_clipping_noise_mc_rq1_confirmatory_r8_i600_lr0p1_nonneg0p001_clip100_mult0p00025_mc100/group_23/restart_3/baseline.pt,0.7709147334098816,4.680030822753906,4.680030822753906,1.3875192403793335,19.85861584250198,0.5038789743742322,0.5080950187602815,0.5059553745420154,0.8653846153846154
24,raw,/Users/rhys24z/Documents/UNIVERSITY/Capstone/FL-DNA/artifacts/rq1/confirmatory_run_20260913/raw/group_24_run/harddiff_reparam_rq1_confirmatory_standard_nonneg_0p001/group_24/restart_4/baseline.pt,0.49533313512802124,35.54792404174805,35.54792404174805,2.3827381134033203,21.21160614551148,0.38182429015864555,0.7325309827958841,0.7562169437855981,0.7307692307692307
24,dna,/Users/rhys24z/Documents/UNIVERSITY/Capstone/FL-DNA/artifacts/rq1/confirmatory_run_20260913/dna/group_24_run/dna_level1_forward_attack_rq1_confirmatory_c4_r8_i600_lr0p1_nonneg0p001/group_24/realization_1/restart_0/baseline.pt,0.5278799533843994,37.96840286254883,37.96840286254883,2.555427074432373,21.139092019679808,0.3542168391174602,0.666554701837333,0.6919598405329571,0.7307692307692307
24,dp,/Users/rhys24z/Documents/UNIVERSITY/Capstone/FL-DNA/artifacts/rq1/confirmatory_run_20260913/dp/group_24_run/simple_defense_attack_clipping_noise_mc_rq1_confirmatory_r8_i600_lr0p1_nonneg0p001_clip100_mult0p00025_mc100/group_24/restart_7/baseline.pt,0.7987141013145447,7.531637191772461,7.531637191772461,1.3009957075119019,22.333342089631756,0.6034546233400281,0.7844168041087639,0.8015323852993069,0.7307692307692307
25,raw,/Users/rhys24z/Documents/UNIVERSITY/Capstone/FL-DNA/artifacts/rq1/confirmatory_run_20260913/raw/group_25_run/harddiff_reparam_rq1_confirmatory_standard_nonneg_0p001/group_25/restart_7/baseline.pt,0.6121339797973633,19.13283348083496,19.13283348083496,2.0615320205688477,20.79174816667834,0.5660171300468251,0.5480900728473589,0.5667591111896185,0.8076923076923077
25,dna,/Users/rhys24z/Documents/UNIVERSITY/Capstone/FL-DNA/artifacts/rq1/confirmatory_run_20260913/dna/group_25_run/dna_level1_forward_attack_rq1_confirmatory_c4_r8_i600_lr0p1_nonneg0p001/group_25/realization_3/restart_4/baseline.pt,0.4928818345069885,23.92268180847168,23.92268180847168,2.547811985015869,21.1428173645254,0.5446338640574406,0.5604817466528544,0.5646055732054968,0.7307692307692307
25,dp,/Users/rhys24z/Documents/UNIVERSITY/Capstone/FL-DNA/artifacts/rq1/confirmatory_run_20260913/dp/group_25_run/simple_defense_attack_clipping_noise_mc_rq1_confirmatory_r8_i600_lr0p1_nonneg0p001_clip100_mult0p00025_mc100/group_25/restart_2/baseline.pt,0.8303350210189819,14.450576782226562,14.450576782226562,2.0227952003479004,20.561127661615934,0.6100279206196507,0.6028769490712831,0.6001666653017041,0.8269230769230769
26,raw,/Users/rhys24z/Documents/UNIVERSITY/Capstone/FL-DNA/artifacts/rq1/confirmatory_run_20260913/raw/group_26_run/harddiff_reparam_rq1_confirmatory_standard_nonneg_0p001/group_26/restart_7/baseline.pt,0.6496174335479736,295.96221923828125,295.96221923828125,6.608371257781982,22.42798062691394,0.6718779253316103,0.7027930249127297,0.7001161114440129,0.6923076923076923
26,dna,/Users/rhys24z/Documents/UNIVERSITY/Capstone/FL-DNA/artifacts/rq1/confirmatory_run_20260913/dna/group_26_run/dna_level1_forward_attack_rq1_confirmatory_c4_r8_i600_lr0p1_nonneg0p001/group_26/realization_0/restart_0/baseline.pt,0.4232924282550812,46.45695114135742,46.45695114135742,3.01230788230896,29.54557673798993,0.9492180386127493,0.9818365768146219,0.9821086377819412,0.6730769230769231
26,dp,/Users/rhys24z/Documents/UNIVERSITY/Capstone/FL-DNA/artifacts/rq1/confirmatory_run_20260913/dp/group_26_run/simple_defense_attack_clipping_noise_mc_rq1_confirmatory_r8_i600_lr0p1_nonneg0p001_clip100_mult0p00025_mc100/group_26/restart_2/baseline.pt,0.8417245745658875,958.3048095703125,958.3048095703125,8.87138843536377,17.289365800748605,0.12866678807790877,0.10506227921997136,0.08744573042109845,0.6923076923076923
27,raw,/Users/rhys24z/Documents/UNIVERSITY/Capstone/FL-DNA/artifacts/rq1/confirmatory_run_20260913/raw/group_27_run/harddiff_reparam_rq1_confirmatory_standard_nonneg_0p001/group_27/restart_0/baseline.pt,0.7968698740005493,234.65771484375,234.65771484375,5.92730188369751,17.943744987904633,0.2457189779782224,0.2238872568329625,0.214565379702951,0.8269230769230769
27,dna,/Users/rhys24z/Documents/UNIVERSITY/Capstone/FL-DNA/artifacts/rq1/confirmatory_run_20260913/dna/group_27_run/dna_level1_forward_attack_rq1_confirmatory_c4_r8_i600_lr0p1_nonneg0p001/group_27/realization_0/restart_6/baseline.pt,0.7599024176597595,240.59640502929688,240.59640502929688,6.496211051940918,18.21464831903235,0.37599968808381184,0.3688932046571244,0.3483938869665513,0.75
27,dp,/Users/rhys24z/Documents/UNIVERSITY/Capstone/FL-DNA/artifacts/rq1/confirmatory_run_20260913/dp/group_27_run/simple_defense_attack_clipping_noise_mc_rq1_confirmatory_r8_i600_lr0p1_nonneg0p001_clip100_mult0p00025_mc100/group_27/restart_7/baseline.pt,1.0344940423965454,287.48260498046875,287.48260498046875,7.538809776306152,17.44883621457611,0.305818302220124,0.29355680638856785,0.28016453139543895,0.7307692307692307
28,raw,/Users/rhys24z/Documents/UNIVERSITY/Capstone/FL-DNA/artifacts/rq1/confirmatory_run_20260913/raw/group_28_run/harddiff_reparam_rq1_confirmatory_standard_nonneg_0p001/group_28/restart_0/baseline.pt,0.6305318474769592,522.2178344726562,522.2178344726562,9.531601905822754,18.902613381665603,0.5242257009191245,0.5287719998061605,0.5195422161495729,0.7307692307692307
28,dna,/Users/rhys24z/Documents/UNIVERSITY/Capstone/FL-DNA/artifacts/rq1/confirmatory_run_20260913/dna/group_28_run/dna_level1_forward_attack_rq1_confirmatory_c4_r8_i600_lr0p1_nonneg0p001/group_28/realization_3/restart_7/baseline.pt,0.5437906980514526,364.548828125,364.548828125,7.582009315490723,21.959849050900935,0.7332416796392359,0.7234960664235549,0.7243224643036628,0.75
28,dp,/Users/rhys24z/Documents/UNIVERSITY/Capstone/FL-DNA/artifacts/rq1/confirmatory_run_20260913/dp/group_28_run/simple_defense_attack_clipping_noise_mc_rq1_confirmatory_r8_i600_lr0p1_nonneg0p001_clip100_mult0p00025_mc100/group_28/restart_0/baseline.pt,0.9713620543479919,449.1842956542969,449.1842956542969,8.922391891479492,20.945246814370336,0.6663420437943804,0.662648914603826,0.6515630321454015,0.6730769230769231
29,raw,/Users/rhys24z/Documents/UNIVERSITY/Capstone/FL-DNA/artifacts/rq1/confirmatory_run_20260913/raw/group_29_run/harddiff_reparam_rq1_confirmatory_standard_nonneg_0p001/group_29/restart_1/baseline.pt,0.434597373008728,15.982949256896973,15.982949256896973,2.0012683868408203,27.624019024019844,0.9256226568129383,0.9469349761670034,0.9458240502788479,0.7692307692307693
29,dna,/Users/rhys24z/Documents/UNIVERSITY/Capstone/FL-DNA/artifacts/rq1/confirmatory_run_20260913/dna/group_29_run/dna_level1_forward_attack_rq1_confirmatory_c4_r8_i600_lr0p1_nonneg0p001/group_29/realization_1/restart_5/baseline.pt,0.4223770797252655,12.492717742919922,12.492717742919922,1.8216826915740967,29.377150098571406,0.9428894954883158,0.9657339103954897,0.966109457952436,0.7884615384615384
29,dp,/Users/rhys24z/Documents/UNIVERSITY/Capstone/FL-DNA/artifacts/rq1/confirmatory_run_20260913/dp/group_29_run/simple_defense_attack_clipping_noise_mc_rq1_confirmatory_r8_i600_lr0p1_nonneg0p001_clip100_mult0p00025_mc100/group_29/restart_1/baseline.pt,0.7915750741958618,21.152559280395508,21.152559280395508,2.3679583072662354,26.237444917020007,0.903706702608035,0.9359862559731456,0.9337365378243724,0.7115384615384616
30,raw,/Users/rhys24z/Documents/UNIVERSITY/Capstone/FL-DNA/artifacts/rq1/confirmatory_run_20260913/raw/group_30_run/harddiff_reparam_rq1_confirmatory_standard_nonneg_0p001/group_30/restart_2/baseline.pt,0.6552708745002747,24.934480667114258,24.934480667114258,1.9353923797607422,19.36125854022716,0.18350712687613546,0.4599545776888808,0.4914096446206977,0.7692307692307693
30,dna,/Users/rhys24z/Documents/UNIVERSITY/Capstone/FL-DNA/artifacts/rq1/confirmatory_run_20260913/dna/group_30_run/dna_level1_forward_attack_rq1_confirmatory_c4_r8_i600_lr0p1_nonneg0p001/group_30/realization_0/restart_3/baseline.pt,0.5649473071098328,17.251060485839844,17.251060485839844,1.9866160154342651,20.105598466727102,0.23847225145925824,0.5697003999595652,0.5952442582690026,0.8269230769230769
30,dp,/Users/rhys24z/Documents/UNIVERSITY/Capstone/FL-DNA/artifacts/rq1/confirmatory_run_20260913/dp/group_30_run/simple_defense_attack_clipping_noise_mc_rq1_confirmatory_r8_i600_lr0p1_nonneg0p001_clip100_mult0p00025_mc100/group_30/restart_0/baseline.pt,0.7791931629180908,10.161956787109375,10.161956787109375,1.518844723701477,20.235273342455827,0.2314895153091921,0.4187255237364441,0.43137621252770497,0.7692307692307693
31,raw,/Users/rhys24z/Documents/UNIVERSITY/Capstone/FL-DNA/artifacts/rq1/confirmatory_run_20260913/raw/group_31_run/harddiff_reparam_rq1_confirmatory_standard_nonneg_0p001/group_31/restart_7/baseline.pt,0.5159182548522949,45.97416305541992,45.97416305541992,2.41666841506958,21.321505889449668,0.4901365378133185,0.9049139243124393,0.9027353892111715,0.7692307692307693
31,dna,/Users/rhys24z/Documents/UNIVERSITY/Capstone/FL-DNA/artifacts/rq1/confirmatory_run_20260913/dna/group_31_run/dna_level1_forward_attack_rq1_confirmatory_c4_r8_i600_lr0p1_nonneg0p001/group_31/realization_2/restart_5/baseline.pt,0.5404720902442932,25.86965560913086,25.86965560913086,2.158221483230591,22.767589440508562,0.5488448093640742,0.8154650952454515,0.8253155736953429,0.75
31,dp,/Users/rhys24z/Documents/UNIVERSITY/Capstone/FL-DNA/artifacts/rq1/confirmatory_run_20260913/dp/group_31_run/simple_defense_attack_clipping_noise_mc_rq1_confirmatory_r8_i600_lr0p1_nonneg0p001_clip100_mult0p00025_mc100/group_31/restart_7/baseline.pt,0.8086838722229004,10.691008567810059,10.691008567810059,1.6572473049163818,23.003492528427067,0.6780175592013423,0.8467014371039141,0.8523924312938169,0.7884615384615384
32,raw,/Users/rhys24z/Documents/UNIVERSITY/Capstone/FL-DNA/artifacts/rq1/confirmatory_run_20260913/raw/group_32_run/harddiff_reparam_rq1_confirmatory_standard_nonneg_0p001/group_32/restart_0/baseline.pt,0.40739914774894714,2928.437744140625,2928.437744140625,12.454289436340332,21.46503311337122,0.5564182716340573,0.9240815085690431,0.923235138470934,0.7115384615384616
32,dna,/Users/rhys24z/Documents/UNIVERSITY/Capstone/FL-DNA/artifacts/rq1/confirmatory_run_20260913/dna/group_32_run/dna_level1_forward_attack_rq1_confirmatory_c4_r8_i600_lr0p1_nonneg0p001/group_32/realization_2/restart_4/baseline.pt,0.3889421820640564,2868.829833984375,2868.829833984375,11.062727928161621,21.35685348811842,0.5452566326736374,0.974347857442411,0.9769595823377281,0.6538461538461539
32,dp,/Users/rhys24z/Documents/UNIVERSITY/Capstone/FL-DNA/artifacts/rq1/confirmatory_run_20260913/dp/group_32_run/simple_defense_attack_clipping_noise_mc_rq1_confirmatory_r8_i600_lr0p1_nonneg0p001_clip100_mult0p00025_mc100/group_32/restart_4/baseline.pt,0.9216278195381165,7393.26220703125,7393.26220703125,21.930604934692383,17.697088262849444,-0.0891870569945556,-0.2129413666986319,-0.25453736404482746,0.75
33,raw,/Users/rhys24z/Documents/UNIVERSITY/Capstone/FL-DNA/artifacts/rq1/confirmatory_run_20260913/raw/group_33_run/harddiff_reparam_rq1_confirmatory_standard_nonneg_0p001/group_33/restart_0/baseline.pt,0.4978785514831543,28.380603790283203,28.380603790283203,2.814910650253296,30.489477173514906,0.9584958780923002,0.9607002271241987,0.9596854972542315,0.75
33,dna,/Users/rhys24z/Documents/UNIVERSITY/Capstone/FL-DNA/artifacts/rq1/confirmatory_run_20260913/dna/group_33_run/dna_level1_forward_attack_rq1_confirmatory_c4_r8_i600_lr0p1_nonneg0p001/group_33/realization_2/restart_7/baseline.pt,0.3783826231956482,22.186206817626953,22.186206817626953,2.3145663738250732,31.59068565165156,0.9680171541854288,0.9705395141831847,0.9707169427839114,0.7307692307692307
33,dp,/Users/rhys24z/Documents/UNIVERSITY/Capstone/FL-DNA/artifacts/rq1/confirmatory_run_20260913/dp/group_33_run/simple_defense_attack_clipping_noise_mc_rq1_confirmatory_r8_i600_lr0p1_nonneg0p001_clip100_mult0p00025_mc100/group_33/restart_2/baseline.pt,0.906180202960968,49.774803161621094,49.774803161621094,3.203247547149658,28.316712579509623,0.9212149351227189,0.9372038545784025,0.9370701203607156,0.75
34,raw,/Users/rhys24z/Documents/UNIVERSITY/Capstone/FL-DNA/artifacts/rq1/confirmatory_run_20260913/raw/group_34_run/harddiff_reparam_rq1_confirmatory_standard_nonneg_0p001/group_34/restart_1/baseline.pt,0.4096110463142395,77.11131286621094,77.11131286621094,4.279415607452393,24.838905906343435,0.821640840473157,0.8205099208730124,0.8234301399113315,0.75
34,dna,/Users/rhys24z/Documents/UNIVERSITY/Capstone/FL-DNA/artifacts/rq1/confirmatory_run_20260913/dna/group_34_run/dna_level1_forward_attack_rq1_confirmatory_c4_r8_i600_lr0p1_nonneg0p001/group_34/realization_0/restart_2/baseline.pt,0.412296861410141,52.68357849121094,52.68357849121094,3.5702104568481445,26.96482864451029,0.89508941326296,0.9126837624357566,0.9241713678785646,0.7884615384615384
34,dp,/Users/rhys24z/Documents/UNIVERSITY/Capstone/FL-DNA/artifacts/rq1/confirmatory_run_20260913/dp/group_34_run/simple_defense_attack_clipping_noise_mc_rq1_confirmatory_r8_i600_lr0p1_nonneg0p001_clip100_mult0p00025_mc100/group_34/restart_1/baseline.pt,0.8959439396858215,33.445594787597656,33.445594787597656,3.077362060546875,26.804494380425204,0.9145945029772506,0.915403545076247,0.9163752851117077,0.7692307692307693
35,raw,/Users/rhys24z/Documents/UNIVERSITY/Capstone/FL-DNA/artifacts/rq1/confirmatory_run_20260913/raw/group_35_run/harddiff_reparam_rq1_confirmatory_standard_nonneg_0p001/group_35/restart_6/baseline.pt,0.487358421087265,757.2901611328125,757.2901611328125,8.127500534057617,23.321441559103956,0.6932129025897776,0.8659280106140311,0.8636254044804866,0.7884615384615384
35,dna,/Users/rhys24z/Documents/UNIVERSITY/Capstone/FL-DNA/artifacts/rq1/confirmatory_run_20260913/dna/group_35_run/dna_level1_forward_attack_rq1_confirmatory_c4_r8_i600_lr0p1_nonneg0p001/group_35/realization_1/restart_7/baseline.pt,0.3493625819683075,221.85903930664062,221.85903930664062,4.853488445281982,28.050399908672297,0.9232379959274395,0.9795602925570004,0.980474642675442,0.7884615384615384
35,dp,/Users/rhys24z/Documents/UNIVERSITY/Capstone/FL-DNA/artifacts/rq1/confirmatory_run_20260913/dp/group_35_run/simple_defense_attack_clipping_noise_mc_rq1_confirmatory_r8_i600_lr0p1_nonneg0p001_clip100_mult0p00025_mc100/group_35/restart_7/baseline.pt,0.9258057475090027,565.4740600585938,565.4740600585938,9.177385330200195,24.861801904995033,0.8056371085078521,0.8522005232826972,0.847772791876547,0.6730769230769231
36,raw,/Users/rhys24z/Documents/UNIVERSITY/Capstone/FL-DNA/artifacts/rq1/confirmatory_run_20260913/raw/group_36_run/harddiff_reparam_rq1_confirmatory_standard_nonneg_0p001/group_36/restart_6/baseline.pt,0.45906129479408264,64.21882629394531,64.21882629394531,3.812636375427246,30.230613656320728,0.9556387043993125,0.956788925319613,0.9586895316920951,0.7115384615384616
36,dna,/Users/rhys24z/Documents/UNIVERSITY/Capstone/FL-DNA/artifacts/rq1/confirmatory_run_20260913/dna/group_36_run/dna_level1_forward_attack_rq1_confirmatory_c4_r8_i600_lr0p1_nonneg0p001/group_36/realization_1/restart_5/baseline.pt,0.3881736695766449,57.97835159301758,57.97835159301758,2.9629733562469482,29.65801300998408,0.949320819420818,0.9893957354466338,0.9907314651182595,0.7115384615384616
36,dp,/Users/rhys24z/Documents/UNIVERSITY/Capstone/FL-DNA/artifacts/rq1/confirmatory_run_20260913/dp/group_36_run/simple_defense_attack_clipping_noise_mc_rq1_confirmatory_r8_i600_lr0p1_nonneg0p001_clip100_mult0p00025_mc100/group_36/restart_6/baseline.pt,0.8413185477256775,184.05880737304688,184.05880737304688,5.056325912475586,25.85993121149519,0.8668278138896138,0.8671885251965206,0.8636377270360726,0.7115384615384616
37,raw,/Users/rhys24z/Documents/UNIVERSITY/Capstone/FL-DNA/artifacts/rq1/confirmatory_run_20260913/raw/group_37_run/harddiff_reparam_rq1_confirmatory_standard_nonneg_0p001/group_37/restart_6/baseline.pt,0.44782745838165283,1876.420166015625,1876.420166015625,10.997397422790527,22.026743561583867,0.6085973996802505,0.9393084350899675,0.9411415688686939,0.6923076923076923
37,dna,/Users/rhys24z/Documents/UNIVERSITY/Capstone/FL-DNA/artifacts/rq1/confirmatory_run_20260913/dna/group_37_run/dna_level1_forward_attack_rq1_confirmatory_c4_r8_i600_lr0p1_nonneg0p001/group_37/realization_3/restart_2/baseline.pt,0.4228895306587219,1843.3377685546875,1843.3377685546875,10.671271324157715,22.20200064557357,0.6181482882488295,0.9426982959378256,0.9430782076966304,0.6923076923076923
37,dp,/Users/rhys24z/Documents/UNIVERSITY/Capstone/FL-DNA/artifacts/rq1/confirmatory_run_20260913/dp/group_37_run/simple_defense_attack_clipping_noise_mc_rq1_confirmatory_r8_i600_lr0p1_nonneg0p001_clip100_mult0p00025_mc100/group_37/restart_4/baseline.pt,0.9829666614532471,1515.7313232421875,1515.7313232421875,11.596186637878418,22.66745901315627,0.7008271166230028,0.893870239523962,0.8903637540128668,0.6923076923076923
38,raw,/Users/rhys24z/Documents/UNIVERSITY/Capstone/FL-DNA/artifacts/rq1/confirmatory_run_20260913/raw/group_38_run/harddiff_reparam_rq1_confirmatory_standard_nonneg_0p001/group_38/restart_1/baseline.pt,0.5995892882347107,44.40822219848633,44.40822219848633,2.5892961025238037,19.081429193097375,0.2691154079166541,0.638935461073285,0.6343122076934843,0.6923076923076923
38,dna,/Users/rhys24z/Documents/UNIVERSITY/Capstone/FL-DNA/artifacts/rq1/confirmatory_run_20260913/dna/group_38_run/dna_level1_forward_attack_rq1_confirmatory_c4_r8_i600_lr0p1_nonneg0p001/group_38/realization_1/restart_5/baseline.pt,0.47150081396102905,29.46168327331543,29.46168327331543,2.4812135696411133,20.110416738664792,0.34603459818651827,0.7107003412199562,0.73817167770028,0.7692307692307693
38,dp,/Users/rhys24z/Documents/UNIVERSITY/Capstone/FL-DNA/artifacts/rq1/confirmatory_run_20260913/dp/group_38_run/simple_defense_attack_clipping_noise_mc_rq1_confirmatory_r8_i600_lr0p1_nonneg0p001_clip100_mult0p00025_mc100/group_38/restart_2/baseline.pt,0.8340772986412048,8.829079627990723,8.829079627990723,1.5895272493362427,19.617687211374633,0.46274435027185484,0.6656343487901628,0.6715686501784085,0.7692307692307693
