method,group_id,restart,objective,fraud_mse,non_fraud_mse,prior_fraud_mse,max_balance_residual_raw,defense_relative_l2_delta,defense_keep_ratio
baseline,0,0,0.004928360227495432,4.295599807887329,16.077444957312576,73.73524272820842,0.10259518151087832,0.10000000171146585,1.0
zero_update,0,0,0.9364697337150574,85.45879551897679,78.80529939648471,73.73524272820842,0.32119353022426367,0.10000000171146585,1.0
baseline,0,1,0.03036467544734478,12.354545997993736,29.53074965062275,11.075207203593415,0.05703824191368767,0.10000000171146585,1.0
zero_update,0,1,0.9344179034233093,110.52075277750512,79.75839200241613,11.075207203593415,0.23773960414109752,0.10000000171146585,1.0
baseline,0,2,0.03489958122372627,1.6531572789162228,28.146322603029592,99.4300430899008,0.07107878090027953,0.10000000171146585,1.0
zero_update,0,2,0.913346529006958,23.95986551047582,92.71386376556903,99.4300430899008,0.25397202279418707,0.10000000171146585,1.0
baseline,0,3,0.006279901601374149,2.986155642314041,18.827148935817473,21.15312059330048,0.0905110555426063,0.10000000171146585,1.0
zero_update,0,3,0.9089649319648743,47.694963896587325,89.73505724306904,21.15312059330048,0.1512757521122694,0.10000000171146585,1.0
baseline,0,4,0.011304235085844994,3.143580061918364,20.341461906978747,14.243883488103982,0.04559531253289606,0.10000000171146585,1.0
zero_update,0,4,1.052463173866272,86.40821909066344,90.08053027528912,14.243883488103982,0.4364542458206415,0.10000000171146585,1.0
baseline,0,5,0.022594057023525238,6.743930373682094,27.31115093506472,9.201357388648747,0.10801714678927965,0.10000000171146585,1.0
zero_update,0,5,0.9155175089836121,118.62849547800026,63.395971054752756,9.201357388648747,0.25673927390016615,0.10000000171146585,1.0
baseline,0,6,0.01774083636701107,4.832518405574583,25.426245863688866,33.413419856887785,0.12240208471848746,0.10000000171146585,1.0
zero_update,0,6,0.9202302694320679,100.6551197966734,67.28913258449055,33.413419856887785,0.40556358825415373,0.10000000171146585,1.0
baseline,0,7,0.021142952144145966,4.051016605981646,24.67267972073199,27.66421665915727,0.07492308849941764,0.10000000171146585,1.0
zero_update,0,7,0.9291806817054749,119.02311823923563,66.36311022027516,27.66421665915727,0.17597243608906865,0.10000000171146585,1.0
baseline,1,0,0.00441734679043293,26249.983587405564,2613.2671003921278,29108.774868976212,0.4602587651461363,0.10000000002718304,1.0
zero_update,1,0,0.9303702116012573,26746.618696215355,13.607514387159844,29108.774868976212,0.2209890610538423,0.10000000002718304,1.0
baseline,1,1,0.0026503645349293947,13069.755597484082,3221.6716971308633,26596.639520159217,0.24996353033930063,0.10000000002718304,1.0
zero_update,1,1,0.9306912422180176,25717.124211861155,67.77220601273342,26596.639520159217,0.31918454356491566,0.10000000002718304,1.0
baseline,1,2,0.004160385578870773,31083.1144278248,2746.64530366323,29844.468294223596,0.05553389713168144,0.10000000002718304,1.0
zero_update,1,2,0.9308557510375977,30874.86641714445,41.6862688967095,29844.468294223596,0.16485349461436272,0.10000000002718304,1.0
baseline,1,3,0.0032250424847006798,7768.948946987205,1590.2321286671274,28444.817898783243,0.2823014436289668,0.10000000002718304,1.0
zero_update,1,3,0.9303791522979736,26932.99883846271,14.809263063606565,28444.817898783243,0.20075890282168984,0.10000000002718304,1.0
baseline,1,4,0.002637876197695732,14997.478708108214,3469.226479403167,26848.05992188713,0.23488764092326164,0.10000000002718304,1.0
zero_update,1,4,0.9303486347198486,26048.521300381883,63.4764238212787,26848.05992188713,0.2583474228158593,0.10000000002718304,1.0
baseline,1,5,0.004125439561903477,11877.362553146419,1798.0657559522476,24421.05776796597,0.2548657599836588,0.10000000002718304,1.0
zero_update,1,5,0.9308556914329529,26549.63794242193,27.831872815905644,24421.05776796597,0.15560016175732017,0.10000000002718304,1.0
baseline,1,6,0.0023454143665730953,14032.910524624693,3682.9532461387103,22139.33550600494,0.5350053468719125,0.10000000002718304,1.0
zero_update,1,6,0.9305110573768616,23805.096383057968,23.122385643207803,22139.33550600494,0.1497790589928627,0.10000000002718304,1.0
baseline,1,7,0.0030888868495821953,13416.81505560353,2837.172688215116,26581.80337173946,0.21661455184221268,0.10000000002718304,1.0
zero_update,1,7,0.9303913116455078,26008.998210490965,49.1988698811131,26581.80337173946,0.1595396799966693,0.10000000002718304,1.0
baseline,2,0,0.008582531474530697,83839.9864820476,3128.6110490545484,85092.17975949388,0.4361855573952198,0.09999999765988901,1.0
zero_update,2,0,0.9424861073493958,84091.87904130752,10.547047994951434,85092.17975949388,0.09002210840117186,0.09999999765988901,1.0
baseline,2,1,0.008338729850947857,53977.66802535191,2326.111061885909,80638.00811069741,0.4248091671615839,0.09999999765988901,1.0
zero_update,2,1,0.9422798752784729,78524.1286849961,56.568584125655185,80638.00811069741,0.35386799089610577,0.09999999765988901,1.0
baseline,2,2,0.008335177786648273,87163.86554677527,3231.7593063707604,81452.71822685945,0.463241676799953,0.09999999765988901,1.0
zero_update,2,2,0.9426251649856567,84118.55062063862,5.651849200529753,81452.71822685945,0.03622441217885353,0.09999999765988901,1.0
baseline,2,3,0.008398398756980896,91299.4160523218,3147.970831429601,84557.91035212207,0.6592328129336238,0.09999999765988901,1.0
zero_update,2,3,0.9425396919250488,88015.9082292611,31.036949295365165,84557.91035212207,0.24061800865456462,0.09999999765988901,1.0
baseline,2,4,0.008544420823454857,49102.566848901755,1576.4037365905813,78677.80603987031,0.13592139724642038,0.09999999765988901,1.0
zero_update,2,4,0.9424347877502441,80095.1662487793,29.632975251881714,78677.80603987031,0.3085496434941888,0.09999999765988901,1.0
baseline,2,5,0.007980097085237503,86690.61186320774,3520.77362049162,84919.32056137182,0.5383003260940313,0.09999999765988901,1.0
zero_update,2,5,0.942466676235199,76816.53908499618,78.77452369928905,84919.32056137182,0.0975744086317718,0.09999999765988901,1.0
baseline,2,6,0.008464561775326729,50114.22122400098,1755.4743300863338,79072.52612138355,0.44321717973798513,0.09999999765988901,1.0
zero_update,2,6,0.9424129724502563,75524.21196596579,77.72167107976382,79072.52612138355,0.5004596835933626,0.09999999765988901,1.0
baseline,2,7,0.006190337706357241,79405.96944973485,6364.345341128656,83500.1648921725,0.3307895896723494,0.09999999765988901,1.0
zero_update,2,7,0.9422065615653992,83491.86285921189,8.429651581908614,83500.1648921725,0.07274972432060167,0.09999999765988901,1.0
baseline,3,0,0.00017246222705580294,0.22210379657806747,0.110183715100721,206.57501300861367,0.13417125419073272,0.10000000273275257,1.0
zero_update,3,0,0.9030379056930542,583.8287086810569,40.39940697615967,206.57501300861367,0.25215745251625776,0.10000000273275257,1.0
baseline,3,1,0.010133023373782635,311.3038723791557,99.96128684515305,335.06211377965906,0.03972321993205696,0.10000000273275257,1.0
zero_update,3,1,0.8889994621276855,420.51010264026365,50.07215582371513,335.06211377965906,0.49981296341866255,0.10000000273275257,1.0
baseline,3,2,7.968823774717748e-05,0.09618779107358304,0.043997971598718814,115.04284329113996,0.1112800757837249,0.10000000273275257,1.0
zero_update,3,2,0.9004923701286316,241.30797329548002,49.598751197545425,115.04284329113996,0.10530898440629244,0.10000000273275257,1.0
baseline,3,3,0.00015245418762788177,0.09467180014555611,0.17344216842137902,177.09678272965357,0.06985364717547782,0.10000000273275257,1.0
zero_update,3,3,0.9095945954322815,454.08487289013914,47.996659176280474,177.09678272965357,0.13125526998192072,0.10000000273275257,1.0
baseline,3,4,0.0001920075446832925,0.11721777561344633,0.11204251884666327,227.96419416633594,0.05765024991706014,0.10000000273275257,1.0
zero_update,3,4,0.9042961001396179,386.61704516601907,33.269721085068305,227.96419416633594,0.2542497869580984,0.10000000273275257,1.0
baseline,3,5,0.010957982391119003,333.6094209807795,100.26846476580273,361.7108491929963,0.0706571692135185,0.10000000273275257,1.0
zero_update,3,5,0.8942802548408508,307.2305190693591,41.09277600209324,361.7108491929963,0.23252851283177733,0.10000000273275257,1.0
baseline,3,6,0.00015503561007790267,0.18872923687467352,0.09161236485629308,259.622202170179,0.10592648049350828,0.10000000273275257,1.0
zero_update,3,6,0.8899025321006775,259.9874511295083,44.416559363471414,259.622202170179,0.2316779256798327,0.10000000273275257,1.0
baseline,3,7,0.021752314642071724,353.0087672783841,99.62226951721617,497.31454844944955,0.09616055944934487,0.10000000273275257,1.0
zero_update,3,7,0.8967317938804626,382.32505719457424,41.40406312891265,497.31454844944955,0.34668608102947474,0.10000000273275257,1.0
baseline,4,0,0.010464449413120747,18.7932672001876,5.169754874951859,41.96150140383216,0.24672335293143988,0.10000000390361632,1.0
zero_update,4,0,0.9040147662162781,124.90338664453856,22.909428878744023,41.96150140383216,0.13841180875897408,0.10000000390361632,1.0
baseline,4,1,0.009549183771014214,45.2787406266967,11.680889454494258,29.465043195916852,0.1874037771485746,0.10000000390361632,1.0
zero_update,4,1,0.9045366048812866,31.799912171447758,58.03454202008725,29.465043195916852,0.29704937152564526,0.10000000390361632,1.0
baseline,4,2,0.009129224345088005,49.31974206076056,11.726869867348876,264.1534345643094,0.0826912047341466,0.10000000390361632,1.0
zero_update,4,2,0.9010219573974609,102.75364951581894,60.88320783431262,264.1534345643094,0.16450436878949404,0.10000000390361632,1.0
baseline,4,3,5.851075184182264e-05,0.04645657392461958,0.04182381601827251,9.992665451540496,0.19431842543417588,0.10000000390361632,1.0
zero_update,4,3,0.8954941630363464,36.71643760347315,47.04660307996449,9.992665451540496,0.3977638790383935,0.10000000390361632,1.0
baseline,4,4,0.008844972588121891,6.160149778793852,5.421518112331881,33.19256213288218,0.16745598131092265,0.10000000390361632,1.0
zero_update,4,4,0.8884517550468445,42.2513494855466,40.560127022444085,33.19256213288218,0.3005885603834031,0.10000000390361632,1.0
baseline,4,5,0.005070580169558525,29.951926840449314,10.129079972196521,288.72317987227717,0.1479251086129807,0.10000000390361632,1.0
zero_update,4,5,0.8887180685997009,44.533496181765265,47.2733140078297,288.72317987227717,0.27311137272045016,0.10000000390361632,1.0
baseline,4,6,4.329863440943882e-05,0.027806799981338233,0.006714305763428153,161.86666394219543,0.10123964253580198,0.10000000390361632,1.0
zero_update,4,6,0.9110109210014343,30.09472732624059,43.93562735548053,161.86666394219543,0.1260953964665532,0.10000000390361632,1.0
baseline,4,7,6.793737611587858e-06,0.00029647487279257516,0.0009870093276448978,22.157390532492148,0.3422629829510697,0.10000000390361632,1.0
zero_update,4,7,0.9048708081245422,23.050787921248574,43.67689459081928,22.157390532492148,0.4022753480821848,0.10000000390361632,1.0
baseline,5,0,0.0008904766873456538,0.5559365501115557,2.497115619349875,600.0392744649973,0.14472808787832037,0.09999999727326588,1.0
zero_update,5,0,0.8614546656608582,766.395380148105,61.67431340653934,600.0392744649973,0.2285140361636877,0.09999999727326588,1.0
baseline,5,1,0.014830820262432098,768.283288014225,220.4102061978467,790.3497460435664,0.04527889983728528,0.09999999727326588,1.0
zero_update,5,1,0.8622159957885742,876.6968167713178,59.227513030280726,790.3497460435664,0.2242526514455676,0.09999999727326588,1.0
baseline,5,2,0.0008399806101806462,0.4772256216457317,2.004542465301022,369.97047249102195,0.08359492820454761,0.09999999727326588,1.0
zero_update,5,2,0.8535178303718567,739.5588327359781,55.46113928511196,369.97047249102195,0.48254620749503374,0.09999999727326588,1.0
baseline,5,3,0.008438322693109512,542.2654700709624,217.76723714672235,353.86854251995607,0.09015925275161862,0.09999999727326588,1.0
zero_update,5,3,0.8656092882156372,1029.4559875264538,28.94779541565526,353.86854251995607,0.3410053248517215,0.09999999727326588,1.0
baseline,5,4,0.008882691152393818,407.8703037478538,205.5232404115892,763.329577841123,0.04905138979665935,0.09999999727326588,1.0
zero_update,5,4,0.8604544401168823,802.4867087831808,44.40162304771274,763.329577841123,0.1664937981404364,0.09999999727326588,1.0
baseline,5,5,0.0018718504579737782,1.6681817873619882,3.6786178953655244,539.0862055477828,0.03808367520105094,0.09999999727326588,1.0
zero_update,5,5,0.8640440106391907,403.1874391023663,57.1853930693103,539.0862055477828,0.43052729219198227,0.09999999727326588,1.0
baseline,5,6,0.0010818002047017217,0.9031079487477796,1.179657701054051,524.9679798856585,0.015186455653747544,0.09999999727326588,1.0
zero_update,5,6,0.8593028783798218,642.4436878240239,72.76506678316473,524.9679798856585,0.5416300827637315,0.09999999727326588,1.0
baseline,5,7,0.014884945005178452,765.6160144773596,222.45648233380186,658.9526537790741,0.09145566669758409,0.09999999727326588,1.0
zero_update,5,7,0.8580689430236816,706.441435678446,49.04946688523219,658.9526537790741,0.31152348418254405,0.09999999727326588,1.0
baseline,6,0,0.00023636480909772217,0.43757973758751595,0.27435577022784624,305.9416210575997,0.06849784555379301,0.10000000296789582,1.0
zero_update,6,0,0.8802294135093689,287.61270612124866,65.32087452734814,305.9416210575997,0.12410356709733605,0.10000000296789582,1.0
baseline,6,1,3.380170164746232e-05,0.08654452254839096,0.009616336351542732,331.0304719015118,0.08139154547825456,0.10000000296789582,1.0
zero_update,6,1,0.8809769749641418,627.877317982851,43.6673591095638,331.0304719015118,0.3095889938995242,0.10000000296789582,1.0
baseline,6,2,0.009334719739854336,351.13267683254367,170.32895892116338,742.8003345219228,0.07703535724431276,0.10000000296789582,1.0
zero_update,6,2,0.8766851425170898,583.9336919681708,56.841501809727895,742.8003345219228,0.25660135596990585,0.10000000296789582,1.0
baseline,6,3,7.89508776506409e-05,0.1672647486899437,0.07296022959911706,350.41786507312065,0.08807230612728745,0.10000000296789582,1.0
zero_update,6,3,0.8850010633468628,281.327370076587,50.5527825428616,350.41786507312065,0.4242946789599955,0.10000000296789582,1.0
baseline,6,4,0.01250749733299017,572.5943715695773,174.0592640233923,728.0092116920157,0.13003032887354493,0.10000000296789582,1.0
zero_update,6,4,0.8743036985397339,659.0620039631192,58.51666030569566,728.0092116920157,0.17506594769656658,0.10000000296789582,1.0
baseline,6,5,0.009290514513850212,268.78268940886653,162.0929483129655,805.1377921982681,0.16769618861144409,0.10000000296789582,1.0
zero_update,6,5,0.8806106448173523,662.8024830878966,57.44566979261726,805.1377921982681,0.6844748612493277,0.10000000296789582,1.0
baseline,6,6,7.336961425608024e-05,0.1284976344629374,0.07679845484479947,421.3093199486283,0.06856406049337238,0.10000000296789582,1.0
zero_update,6,6,0.8790296912193298,835.7124514575078,58.616914356776135,421.3093199486283,0.24036971479654312,0.10000000296789582,1.0
baseline,6,7,0.010014156810939312,412.919098753799,174.6754450509167,853.3504022404534,0.07786959386430681,0.10000000296789582,1.0
zero_update,6,7,0.892312228679657,902.5814777908282,55.409342505141105,853.3504022404534,0.22174727357923985,0.10000000296789582,1.0
baseline,7,0,0.00771756237372756,684.588329844857,145.53773340783002,628.2455833134019,0.12704917261726223,0.10000000064229247,1.0
zero_update,7,0,0.9029192924499512,907.1237360070627,63.13393295302375,628.2455833134019,0.13883346505463123,0.10000000064229247,1.0
baseline,7,1,0.008221300318837166,220.0602511850448,108.23174090291388,403.00962508773125,0.48874756321310997,0.10000000064229247,1.0
zero_update,7,1,0.8974885940551758,386.8870738422395,58.41989646799112,403.00962508773125,0.05241505056619644,0.10000000064229247,1.0
baseline,7,2,0.007953094318509102,351.15707255948746,125.38015909607958,194.16391409841998,0.31387259205803275,0.10000000064229247,1.0
zero_update,7,2,0.9021971225738525,941.9285032719932,38.35595122341255,194.16391409841998,0.3285079160705209,0.10000000064229247,1.0
baseline,7,3,0.007820110768079758,649.4743532731414,138.98528277035808,698.7385980637927,0.26668843219522387,0.10000000064229247,1.0
zero_update,7,3,0.8924590945243835,897.3555318059838,41.108406106209564,698.7385980637927,0.395187112968415,0.10000000064229247,1.0
baseline,7,4,0.008140839636325836,707.3363160907217,137.39715476330292,711.9725565781034,0.10112790763378143,0.10000000064229247,1.0
zero_update,7,4,0.8988426923751831,625.095529751618,31.277352263993123,711.9725565781034,0.5552780786529183,0.10000000064229247,1.0
baseline,7,5,8.038072701310739e-05,0.026482100382701008,0.45497232379516567,260.2136475103561,0.6044884514994919,0.10000000064229247,1.0
zero_update,7,5,0.9021458029747009,530.9446024040692,59.0876716884012,260.2136475103561,0.27645016089081764,0.10000000064229247,1.0
baseline,7,6,0.009548792615532875,555.4778727320773,146.7307157822174,581.7426370310224,0.32996537594590336,0.10000000064229247,1.0
zero_update,7,6,0.895284116268158,787.2595367430396,56.10642948191992,581.7426370310224,0.248996177688241,0.10000000064229247,1.0
baseline,7,7,0.0017556898528710008,0.266308778289822,6.119637434639318,443.4395039773815,0.07807288796175271,0.10000000064229247,1.0
zero_update,7,7,0.8948078751564026,377.4287252936632,52.970461626323704,443.4395039773815,0.07800067402422428,0.10000000064229247,1.0
baseline,8,0,0.012868848629295826,4.385918964693089,8.266675703441665,14.583984828652502,0.5931422242429107,0.09999999920315361,1.0
zero_update,8,0,0.9179706573486328,45.45298751350254,61.76747468613078,14.583984828652502,0.2781068398617208,0.09999999920315361,1.0
baseline,8,1,0.0066340528428554535,0.8866695032189084,4.586497730681955,13.878744602958163,0.5928921581362374,0.09999999920315361,1.0
zero_update,8,1,0.9242663383483887,108.83038734965592,55.5857924709262,13.878744602958163,0.5209164191037416,0.09999999920315361,1.0
baseline,8,2,0.0032750938553363085,0.3482321246459387,2.9649226879370896,14.788845757239844,0.30224628932774067,0.09999999920315361,1.0
zero_update,8,2,0.9187392592430115,18.374328628127415,59.61209311252582,14.788845757239844,0.24028450343757868,0.09999999920315361,1.0
baseline,8,3,0.012348729185760021,7.7331738580052,8.53922580447608,71.82292799905967,0.3935805887449533,0.09999999920315361,1.0
zero_update,8,3,0.9246565103530884,140.22692453926183,42.15235038130657,71.82292799905967,0.4353326861746609,0.09999999920315361,1.0
baseline,8,4,0.000960700970608741,1.151303738912272,2.93417770211353,119.13466270104891,0.40246300224680454,0.09999999920315361,1.0
zero_update,8,4,0.9208017587661743,108.27526396384344,62.29584057706436,119.13466270104891,0.24788893666118383,0.09999999920315361,1.0
baseline,8,5,0.006604189984500408,0.6504468192907769,5.081556940006377,36.8894413004477,0.37477343913633376,0.09999999920315361,1.0
zero_update,8,5,0.9255804419517517,31.387085305930256,57.69984248525361,36.8894413004477,0.11648565903306007,0.09999999920315361,1.0
baseline,8,6,0.0003344756260048598,0.41445579092750806,1.1796302592405696,16.629144625412547,0.33588237944059074,0.09999999920315361,1.0
zero_update,8,6,0.903377890586853,78.25066732047718,67.61472768891922,16.629144625412547,0.331183735281229,0.09999999920315361,1.0
baseline,8,7,0.009294119663536549,1.37164185268161,6.64273267138844,25.144867076327902,0.22530936542898417,0.09999999920315361,1.0
zero_update,8,7,0.9070383906364441,11.56466746142183,68.20904777506986,25.144867076327902,0.1907828375697136,0.09999999920315361,1.0
baseline,9,0,0.013506880030035973,94824.41692831236,1873.7522986153829,96559.78485980071,0.7357743256725371,0.1000000020881661,1.0
zero_update,9,0,0.9424489736557007,97361.87632419202,210.8812485173356,96559.78485980071,0.5186655428260565,0.1000000020881661,1.0
baseline,9,1,0.013006508350372314,70784.59365918291,1724.185621319082,96462.6046260637,0.7967302962206304,0.1000000020881661,1.0
zero_update,9,1,0.9419329762458801,111071.60056409241,700.7809359586344,96462.6046260637,0.31073414254933596,0.1000000020881661,1.0
baseline,9,2,0.012224246747791767,69939.72067512326,2553.2175990426053,91289.06224221896,0.3787284754216671,0.1000000020881661,1.0
zero_update,9,2,0.9422407150268555,105368.8793094179,423.3229016000678,91289.06224221896,0.08982889296021312,0.1000000020881661,1.0
baseline,9,3,0.012776117771863937,63848.455263186705,1819.7033807654798,91922.48883017438,0.6792436260730028,0.1000000020881661,1.0
zero_update,9,3,0.9423646330833435,104326.15467961718,375.33763553798417,91922.48883017438,0.2484834068454802,0.1000000020881661,1.0
baseline,9,4,0.01272580772638321,68278.82334485186,1944.1363977547996,94028.50471766814,0.4655377147719264,0.1000000020881661,1.0
zero_update,9,4,0.9421738386154175,106160.46640282005,548.4313821384559,94028.50471766814,0.43468565959483385,0.1000000020881661,1.0
baseline,9,5,0.01275697723031044,63385.619436776185,1632.0756286413343,95333.58359370191,0.1891879802569747,0.1000000020881661,1.0
zero_update,9,5,0.942211925983429,104586.13401286995,352.45263898265557,95333.58359370191,0.2943453420884907,0.1000000020881661,1.0
baseline,9,6,0.012736096046864986,73856.36858273094,2415.243165875718,95523.55753937557,0.421611987054348,0.1000000020881661,1.0
zero_update,9,6,0.9421161413192749,107063.6230395682,587.9742737342103,95523.55753937557,0.3345401701517403,0.1000000020881661,1.0
baseline,9,7,0.012487432919442654,70463.43149266814,2235.2796327104584,92784.95614116009,0.7507729921489954,0.1000000020881661,1.0
zero_update,9,7,0.9421382546424866,111298.61163036586,638.4187789708226,92784.95614116009,0.3461788147687912,0.1000000020881661,1.0
baseline,10,0,0.0013919695047661662,10591.954672454744,3741.3016578737675,16671.331874454365,0.14493746729567647,0.10000000179540973,1.0
zero_update,10,0,0.9241090416908264,19320.796624591654,29.157553844129893,16671.331874454365,0.3755713941063732,0.10000000179540973,1.0
baseline,10,1,0.0034911585971713066,7851.545981598542,1735.8474835962677,19764.918058427156,0.36330278404057026,0.10000000179540973,1.0
zero_update,10,1,0.9246582984924316,19822.352230333163,21.329743279135183,19764.918058427156,0.19056784128770232,0.10000000179540973,1.0
baseline,10,2,0.0019640326499938965,28856.01409006622,3392.6414776103516,21466.963047862926,0.37005743756890297,0.10000000179540973,1.0
zero_update,10,2,0.9240156412124634,19526.45970356912,13.508926861980996,21466.963047862926,0.15081087849102914,0.10000000179540973,1.0
baseline,10,3,0.0036011531483381987,5304.640354433808,1102.0027281194464,19868.660127599553,0.5185849787667394,0.10000000179540973,1.0
zero_update,10,3,0.9237797856330872,19302.306912663364,9.06900231606223,19868.660127599553,0.12936397548764944,0.10000000179540973,1.0
baseline,10,4,0.0007953751483000815,31962.324380697024,4382.143418369028,23919.747924548028,0.4023424219340086,0.10000000179540973,1.0
zero_update,10,4,0.9241382479667664,19966.887821260996,30.58902680136677,23919.747924548028,0.20060688978992403,0.10000000179540973,1.0
baseline,10,5,0.002250341232866049,10408.208232231951,2973.363112967802,18995.669520444913,0.6086490582674742,0.10000000179540973,1.0
zero_update,10,5,0.9236801266670227,19303.706043200298,14.854705704363889,18995.669520444913,0.2001673304475844,0.10000000179540973,1.0
baseline,10,6,0.0016479195328429341,28238.60587893799,3757.5064745347117,19518.509730816215,0.3727140296250582,0.10000000179540973,1.0
zero_update,10,6,0.9244220852851868,19499.03851934702,15.578567500280007,19518.509730816215,0.08773781079798937,0.10000000179540973,1.0
baseline,10,7,0.0018539498560130596,2360.114039513669,1055.3044012685848,18204.034192284034,0.380537087097764,0.10000000179540973,1.0
zero_update,10,7,0.9241476058959961,19306.573533394934,27.41897782524565,18204.034192284034,0.11166234663687646,0.10000000179540973,1.0
baseline,11,0,5.419460649136454e-05,0.02647465119788819,0.018170355181459572,13.018753730556483,0.06879925235170958,0.09999999690659579,1.0
zero_update,11,0,0.8908639550209045,58.956633586851694,47.8945883377549,13.018753730556483,0.3086060327477753,0.09999999690659579,1.0
baseline,11,1,3.6002471460960805e-05,0.08049964967984437,0.016476428685076695,30.85272827626557,0.13955543801648673,0.09999999690659579,1.0
zero_update,11,1,0.9291472434997559,23.31060987026627,75.69214950942096,30.85272827626557,0.23360452335327864,0.09999999690659579,1.0
baseline,11,2,3.0790219170739874e-05,0.19098720694995436,0.05932285724691875,9.783218900882767,0.11880572195150307,0.09999999690659579,1.0
zero_update,11,2,0.8874502182006836,85.5667498779443,53.083999430048756,9.783218900882767,0.31568954791873693,0.09999999690659579,1.0
baseline,11,3,1.3662882338394411e-05,0.003224753922965197,0.0014207603995007357,6.12936972818609,0.1839785037936963,0.09999999690659579,1.0
zero_update,11,3,0.8859106302261353,68.891732130191,49.11520031944994,6.12936972818609,0.22492246143519878,0.09999999690659579,1.0
baseline,11,4,2.169155231968034e-05,0.0066806709426236,0.0035309365634707164,1.4109374567099535,0.24482051860559295,0.09999999690659579,1.0
zero_update,11,4,0.9016918540000916,25.111544802290247,55.263195943982645,1.4109374567099535,0.3690731730312109,0.09999999690659579,1.0
baseline,11,5,0.00042170664528384805,0.5267158825977792,0.14086605504364846,6.953906644863119,0.3243462046411878,0.09999999690659579,1.0
zero_update,11,5,0.8895139098167419,64.93487975115991,48.84415244163379,6.953906644863119,0.3586568757891655,0.09999999690659579,1.0
baseline,11,6,0.0016678617103025317,1.1729206791008628,0.6811265099702196,29.70287570739275,0.09091644884028938,0.09999999690659579,1.0
zero_update,11,6,0.9007970094680786,166.58375596402573,28.26609698989006,29.70287570739275,0.3954477496445179,0.09999999690659579,1.0
baseline,11,7,0.011052394285798073,18.46989195778622,2.8131579375120705,111.19085824120445,0.10305628163041547,0.09999999690659579,1.0
zero_update,11,7,0.8990557193756104,224.06994681696563,28.877960412620467,111.19085824120445,0.07563268765807152,0.09999999690659579,1.0
