noise_multiplier,median_relative_l2,dna_median_relative_l2,absolute_distance,relative_distance,within_tolerance,observations
0.0001,0.031233671775318217,0.12096458952207162,0.0897309177467534,0.7417949178456129,False,40
0.0002,0.06246734351132452,0.12096458952207162,0.0584972460107471,0.48358983601621275,False,40
0.00025,0.07808418251845803,0.12096458952207162,0.04288040700361359,0.3544872691506921,False,40
0.0003,0.09370101536353256,0.12096458952207162,0.027263574158539056,0.22538475322618648,False,40
0.00035,0.10931785357350356,0.12096458952207162,0.011646735948568063,0.09628219295071438,False,40
0.0004,0.12493468685167303,0.12096458952207162,0.0039700973296014075,0.03282032655413599,True,40
0.00045,0.1405515309877538,0.12096458952207162,0.019586941465682184,0.161922935820059,False,40
0.0005,0.15616836444947446,0.12096458952207162,0.03520377492740284,0.2910254568423054,False,40
0.00075,0.2342525525080969,0.12096458952207162,0.11328796298602528,0.9365382334914993,False,40
0.001,0.31233672864747125,0.12096458952207162,0.19137213912539963,1.5820509116056745,False,40
0.005,1.1134901857067212,0.12096458952207162,0.9925255961846495,8.205092086089788,False,40
0.01,2.2269803712233576,0.12096458952207162,2.106015781701286,17.41018417060817,False,40
