dataset,source,artifact,group_id,source_signature,floating_keys,nonfloating_keys,nonfloating_key_names,total_energy,ratio_sum,percent_sum,absolute_error_from_one
PaySim,stored_observed_update,artifacts/rq1_v2/confirmatory_run_20260916/dna_v2/group_0_run/dna_v2_iht_attack_rq1_v2_confirmatory_ratio0p95_eta0p01_s0p2_iht80_step1_r4_i600_lr0p1_nonneg0p001/group_0/restart_0/baseline.pt,0,"2229460,1080211,5266686,6272965",20,3,network.1.num_batches_tracked;network.5.num_batches_tracked;network.9.num_batches_tracked,594619.2531872989,1.0,100.0,0.0
PaySim,stored_observed_update,artifacts/rq1_v2/confirmatory_run_20260916/dna_v2/group_100_run/dna_v2_iht_attack_rq1_v2_confirmatory_ratio0p95_eta0p01_s0p2_iht80_step1_r4_i600_lr0p1_nonneg0p001/group_100/restart_0/baseline.pt,100,"4654590,1237162,4605206,5994339",20,3,network.1.num_batches_tracked;network.5.num_batches_tracked;network.9.num_batches_tracked,102094818.1362449,0.9999999999999999,99.99999999999999,1.1102230246251565e-16
PaySim,stored_observed_update,artifacts/rq1_v2/confirmatory_run_20260916/dna_v2/group_101_run/dna_v2_iht_attack_rq1_v2_confirmatory_ratio0p95_eta0p01_s0p2_iht80_step1_r4_i600_lr0p1_nonneg0p001/group_101/restart_0/baseline.pt,101,"2950936,1402258,3975978,5987923",20,3,network.1.num_batches_tracked;network.5.num_batches_tracked;network.9.num_batches_tracked,108095302.1158566,1.0,100.0,0.0
PaySim,stored_observed_update,artifacts/rq1_v2/confirmatory_run_20260916/dna_v2/group_102_run/dna_v2_iht_attack_rq1_v2_confirmatory_ratio0p95_eta0p01_s0p2_iht80_step1_r4_i600_lr0p1_nonneg0p001/group_102/restart_0/baseline.pt,102,"6362501,1626588,1046869,6211340",20,3,network.1.num_batches_tracked;network.5.num_batches_tracked;network.9.num_batches_tracked,44743.874576496484,1.0000000000000002,100.00000000000003,2.220446049250313e-16
PaySim,stored_observed_update,artifacts/rq1_v2/confirmatory_run_20260916/dna_v2/group_103_run/dna_v2_iht_attack_rq1_v2_confirmatory_ratio0p95_eta0p01_s0p2_iht80_step1_r4_i600_lr0p1_nonneg0p001/group_103/restart_0/baseline.pt,103,"3541530,1907937,4905695,6362610",20,3,network.1.num_batches_tracked;network.5.num_batches_tracked;network.9.num_batches_tracked,518.5378341821576,0.9999999999999999,99.99999999999999,1.1102230246251565e-16
PaySim,stored_observed_update,artifacts/rq1_v2/confirmatory_run_20260916/dna_v2/group_104_run/dna_v2_iht_attack_rq1_v2_confirmatory_ratio0p95_eta0p01_s0p2_iht80_step1_r4_i600_lr0p1_nonneg0p001/group_104/restart_0/baseline.pt,104,"4573909,2037815,3857526,5731212",20,3,network.1.num_batches_tracked;network.5.num_batches_tracked;network.9.num_batches_tracked,5458.758978579673,1.0,100.0,0.0
PaySim,stored_observed_update,artifacts/rq1_v2/confirmatory_run_20260916/dna_v2/group_105_run/dna_v2_iht_attack_rq1_v2_confirmatory_ratio0p95_eta0p01_s0p2_iht80_step1_r4_i600_lr0p1_nonneg0p001/group_105/restart_0/baseline.pt,105,"3341113,6009597,2979940,3434974",20,3,network.1.num_batches_tracked;network.5.num_batches_tracked;network.9.num_batches_tracked,3561418.0769709987,0.9999999999999999,99.99999999999999,1.1102230246251565e-16
PaySim,stored_observed_update,artifacts/rq1_v2/confirmatory_run_20260916/dna_v2/group_106_run/dna_v2_iht_attack_rq1_v2_confirmatory_ratio0p95_eta0p01_s0p2_iht80_step1_r4_i600_lr0p1_nonneg0p001/group_106/restart_0/baseline.pt,106,"2581551,4154972,3067829,3158409",20,3,network.1.num_batches_tracked;network.5.num_batches_tracked;network.9.num_batches_tracked,104286649.32208061,1.0,100.0,0.0
PaySim,stored_observed_update,artifacts/rq1_v2/confirmatory_run_20260916/dna_v2/group_107_run/dna_v2_iht_attack_rq1_v2_confirmatory_ratio0p95_eta0p01_s0p2_iht80_step1_r4_i600_lr0p1_nonneg0p001/group_107/restart_0/baseline.pt,107,"1375368,1062066,6271133,1260549",20,3,network.1.num_batches_tracked;network.5.num_batches_tracked;network.9.num_batches_tracked,2088.5187268655095,1.0,100.0,0.0
PaySim,stored_observed_update,artifacts/rq1_v2/confirmatory_run_20260916/dna_v2/group_108_run/dna_v2_iht_attack_rq1_v2_confirmatory_ratio0p95_eta0p01_s0p2_iht80_step1_r4_i600_lr0p1_nonneg0p001/group_108/restart_0/baseline.pt,108,"1122739,3760286,2466965,2766116",20,3,network.1.num_batches_tracked;network.5.num_batches_tracked;network.9.num_batches_tracked,103437451.74026528,1.0,100.0,0.0
PaySim,stored_observed_update,artifacts/rq1_v2/confirmatory_run_20260916/dna_v2/group_109_run/dna_v2_iht_attack_rq1_v2_confirmatory_ratio0p95_eta0p01_s0p2_iht80_step1_r4_i600_lr0p1_nonneg0p001/group_109/restart_0/baseline.pt,109,"4158016,5572044,4315435,2091951",20,3,network.1.num_batches_tracked;network.5.num_batches_tracked;network.9.num_batches_tracked,19239151.325168718,1.0000000000000002,100.00000000000003,2.220446049250313e-16
PaySim,stored_observed_update,artifacts/rq1_v2/confirmatory_run_20260916/dna_v2/group_10_run/dna_v2_iht_attack_rq1_v2_confirmatory_ratio0p95_eta0p01_s0p2_iht80_step1_r4_i600_lr0p1_nonneg0p001/group_10/restart_0/baseline.pt,10,"6158816,5924955,6281655,5050639",20,3,network.1.num_batches_tracked;network.5.num_batches_tracked;network.9.num_batches_tracked,7400.354076501922,0.9999999999999999,99.99999999999999,1.1102230246251565e-16
PaySim,stored_observed_update,artifacts/rq1_v2/confirmatory_run_20260916/dna_v2/group_110_run/dna_v2_iht_attack_rq1_v2_confirmatory_ratio0p95_eta0p01_s0p2_iht80_step1_r4_i600_lr0p1_nonneg0p001/group_110/restart_0/baseline.pt,110,"5128584,2961627,5174192,2480051",20,3,network.1.num_batches_tracked;network.5.num_batches_tracked;network.9.num_batches_tracked,12345338.074696993,0.9999999999999999,99.99999999999999,1.1102230246251565e-16
PaySim,stored_observed_update,artifacts/rq1_v2/confirmatory_run_20260916/dna_v2/group_111_run/dna_v2_iht_attack_rq1_v2_confirmatory_ratio0p95_eta0p01_s0p2_iht80_step1_r4_i600_lr0p1_nonneg0p001/group_111/restart_0/baseline.pt,111,"2041058,5315200,2631225,2727732",20,3,network.1.num_batches_tracked;network.5.num_batches_tracked;network.9.num_batches_tracked,104636.0390439724,1.0,100.0,0.0
PaySim,stored_observed_update,artifacts/rq1_v2/confirmatory_run_20260916/dna_v2/group_112_run/dna_v2_iht_attack_rq1_v2_confirmatory_ratio0p95_eta0p01_s0p2_iht80_step1_r4_i600_lr0p1_nonneg0p001/group_112/restart_0/baseline.pt,112,"5987934,197796,3817167,872516",20,3,network.1.num_batches_tracked;network.5.num_batches_tracked;network.9.num_batches_tracked,16791141.15463164,0.9999999999999998,99.99999999999997,2.220446049250313e-16
PaySim,stored_observed_update,artifacts/rq1_v2/confirmatory_run_20260916/dna_v2/group_113_run/dna_v2_iht_attack_rq1_v2_confirmatory_ratio0p95_eta0p01_s0p2_iht80_step1_r4_i600_lr0p1_nonneg0p001/group_113/restart_0/baseline.pt,113,"421657,2801085,2035096,22070",20,3,network.1.num_batches_tracked;network.5.num_batches_tracked;network.9.num_batches_tracked,2425.4785046475877,1.0,100.0,0.0
PaySim,stored_observed_update,artifacts/rq1_v2/confirmatory_run_20260916/dna_v2/group_114_run/dna_v2_iht_attack_rq1_v2_confirmatory_ratio0p95_eta0p01_s0p2_iht80_step1_r4_i600_lr0p1_nonneg0p001/group_114/restart_0/baseline.pt,114,"4299786,5204677,4045007,3187147",20,3,network.1.num_batches_tracked;network.5.num_batches_tracked;network.9.num_batches_tracked,194270.21785090852,1.0,100.0,0.0
PaySim,stored_observed_update,artifacts/rq1_v2/confirmatory_run_20260916/dna_v2/group_115_run/dna_v2_iht_attack_rq1_v2_confirmatory_ratio0p95_eta0p01_s0p2_iht80_step1_r4_i600_lr0p1_nonneg0p001/group_115/restart_0/baseline.pt,115,"6203410,1105787,294362,6032206",20,3,network.1.num_batches_tracked;network.5.num_batches_tracked;network.9.num_batches_tracked,48158971.1325099,1.0000000000000002,100.00000000000003,2.220446049250313e-16
PaySim,stored_observed_update,artifacts/rq1_v2/confirmatory_run_20260916/dna_v2/group_116_run/dna_v2_iht_attack_rq1_v2_confirmatory_ratio0p95_eta0p01_s0p2_iht80_step1_r4_i600_lr0p1_nonneg0p001/group_116/restart_0/baseline.pt,116,"2539235,6009078,5350913,3061950",20,3,network.1.num_batches_tracked;network.5.num_batches_tracked;network.9.num_batches_tracked,81.21530990969953,0.9999999999999998,99.99999999999997,2.220446049250313e-16
PaySim,stored_observed_update,artifacts/rq1_v2/confirmatory_run_20260916/dna_v2/group_117_run/dna_v2_iht_attack_rq1_v2_confirmatory_ratio0p95_eta0p01_s0p2_iht80_step1_r4_i600_lr0p1_nonneg0p001/group_117/restart_0/baseline.pt,117,"3404183,209405,2010339,1148109",20,3,network.1.num_batches_tracked;network.5.num_batches_tracked;network.9.num_batches_tracked,536125.1674596778,1.0,100.0,0.0
PaySim,stored_observed_update,artifacts/rq1_v2/confirmatory_run_20260916/dna_v2/group_118_run/dna_v2_iht_attack_rq1_v2_confirmatory_ratio0p95_eta0p01_s0p2_iht80_step1_r4_i600_lr0p1_nonneg0p001/group_118/restart_0/baseline.pt,118,"1030512,4622841,4669009,3347131",20,3,network.1.num_batches_tracked;network.5.num_batches_tracked;network.9.num_batches_tracked,2085.6156336532827,1.0,100.0,0.0
PaySim,stored_observed_update,artifacts/rq1_v2/confirmatory_run_20260916/dna_v2/group_119_run/dna_v2_iht_attack_rq1_v2_confirmatory_ratio0p95_eta0p01_s0p2_iht80_step1_r4_i600_lr0p1_nonneg0p001/group_119/restart_0/baseline.pt,119,"1813434,2048056,2128371,6018858",20,3,network.1.num_batches_tracked;network.5.num_batches_tracked;network.9.num_batches_tracked,16640.132739195302,0.9999999999999999,99.99999999999999,1.1102230246251565e-16
PaySim,stored_observed_update,artifacts/rq1_v2/confirmatory_run_20260916/dna_v2/group_11_run/dna_v2_iht_attack_rq1_v2_confirmatory_ratio0p95_eta0p01_s0p2_iht80_step1_r4_i600_lr0p1_nonneg0p001/group_11/restart_0/baseline.pt,11,"3362592,3935233,2955662,3406436",20,3,network.1.num_batches_tracked;network.5.num_batches_tracked;network.9.num_batches_tracked,1560666.7461366209,1.0,100.0,0.0
PaySim,stored_observed_update,artifacts/rq1_v2/confirmatory_run_20260916/dna_v2/group_120_run/dna_v2_iht_attack_rq1_v2_confirmatory_ratio0p95_eta0p01_s0p2_iht80_step1_r4_i600_lr0p1_nonneg0p001/group_120/restart_0/baseline.pt,120,"6262274,6056714,264021,4910312",20,3,network.1.num_batches_tracked;network.5.num_batches_tracked;network.9.num_batches_tracked,9729.852315563214,1.0,100.0,0.0
PaySim,stored_observed_update,artifacts/rq1_v2/confirmatory_run_20260916/dna_v2/group_121_run/dna_v2_iht_attack_rq1_v2_confirmatory_ratio0p95_eta0p01_s0p2_iht80_step1_r4_i600_lr0p1_nonneg0p001/group_121/restart_0/baseline.pt,121,"2392535,980644,6322291,5195404",20,3,network.1.num_batches_tracked;network.5.num_batches_tracked;network.9.num_batches_tracked,669688.7004003221,0.9999999999999999,99.99999999999999,1.1102230246251565e-16
PaySim,stored_observed_update,artifacts/rq1_v2/confirmatory_run_20260916/dna_v2/group_122_run/dna_v2_iht_attack_rq1_v2_confirmatory_ratio0p95_eta0p01_s0p2_iht80_step1_r4_i600_lr0p1_nonneg0p001/group_122/restart_0/baseline.pt,122,"5210415,4569941,1771084,3148385",20,3,network.1.num_batches_tracked;network.5.num_batches_tracked;network.9.num_batches_tracked,3641402.883649249,1.0,100.0,0.0
PaySim,stored_observed_update,artifacts/rq1_v2/confirmatory_run_20260916/dna_v2/group_123_run/dna_v2_iht_attack_rq1_v2_confirmatory_ratio0p95_eta0p01_s0p2_iht80_step1_r4_i600_lr0p1_nonneg0p001/group_123/restart_0/baseline.pt,123,"1030347,5553485,2337093,2087547",20,3,network.1.num_batches_tracked;network.5.num_batches_tracked;network.9.num_batches_tracked,2063.1020162926147,1.0,100.0,0.0
PaySim,stored_observed_update,artifacts/rq1_v2/confirmatory_run_20260916/dna_v2/group_124_run/dna_v2_iht_attack_rq1_v2_confirmatory_ratio0p95_eta0p01_s0p2_iht80_step1_r4_i600_lr0p1_nonneg0p001/group_124/restart_0/baseline.pt,124,"1994620,610342,6053281,4942046",20,3,network.1.num_batches_tracked;network.5.num_batches_tracked;network.9.num_batches_tracked,2409.618627725908,1.0,100.0,0.0
PaySim,stored_observed_update,artifacts/rq1_v2/confirmatory_run_20260916/dna_v2/group_125_run/dna_v2_iht_attack_rq1_v2_confirmatory_ratio0p95_eta0p01_s0p2_iht80_step1_r4_i600_lr0p1_nonneg0p001/group_125/restart_0/baseline.pt,125,"4794864,191666,6020333,707247",20,3,network.1.num_batches_tracked;network.5.num_batches_tracked;network.9.num_batches_tracked,13341.373058493034,1.0,100.0,0.0
PaySim,stored_observed_update,artifacts/rq1_v2/confirmatory_run_20260916/dna_v2/group_126_run/dna_v2_iht_attack_rq1_v2_confirmatory_ratio0p95_eta0p01_s0p2_iht80_step1_r4_i600_lr0p1_nonneg0p001/group_126/restart_0/baseline.pt,126,"6362331,5264122,2510082,894123",20,3,network.1.num_batches_tracked;network.5.num_batches_tracked;network.9.num_batches_tracked,15491953.282277908,1.0,100.0,0.0
PaySim,stored_observed_update,artifacts/rq1_v2/confirmatory_run_20260916/dna_v2/group_127_run/dna_v2_iht_attack_rq1_v2_confirmatory_ratio0p95_eta0p01_s0p2_iht80_step1_r4_i600_lr0p1_nonneg0p001/group_127/restart_0/baseline.pt,127,"4022521,915313,3613348,6362480",20,3,network.1.num_batches_tracked;network.5.num_batches_tracked;network.9.num_batches_tracked,10352.341218413958,0.9999999999999999,99.99999999999999,1.1102230246251565e-16
PaySim,stored_observed_update,artifacts/rq1_v2/confirmatory_run_20260916/dna_v2/group_128_run/dna_v2_iht_attack_rq1_v2_confirmatory_ratio0p95_eta0p01_s0p2_iht80_step1_r4_i600_lr0p1_nonneg0p001/group_128/restart_0/baseline.pt,128,"12582,106945,6090194,6201643",20,3,network.1.num_batches_tracked;network.5.num_batches_tracked;network.9.num_batches_tracked,6392.244108040524,0.9999999999999999,99.99999999999999,1.1102230246251565e-16
PaySim,stored_observed_update,artifacts/rq1_v2/confirmatory_run_20260916/dna_v2/group_129_run/dna_v2_iht_attack_rq1_v2_confirmatory_ratio0p95_eta0p01_s0p2_iht80_step1_r4_i600_lr0p1_nonneg0p001/group_129/restart_0/baseline.pt,129,"6047538,1998975,1511349,1168907",20,3,network.1.num_batches_tracked;network.5.num_batches_tracked;network.9.num_batches_tracked,198.22993341486736,0.9999999999999999,99.99999999999999,1.1102230246251565e-16
PaySim,stored_observed_update,artifacts/rq1_v2/confirmatory_run_20260916/dna_v2/group_12_run/dna_v2_iht_attack_rq1_v2_confirmatory_ratio0p95_eta0p01_s0p2_iht80_step1_r4_i600_lr0p1_nonneg0p001/group_12/restart_0/baseline.pt,12,"3015159,4994513,4543478,6168686",20,3,network.1.num_batches_tracked;network.5.num_batches_tracked;network.9.num_batches_tracked,2252.8421128066475,0.9999999999999999,99.99999999999999,1.1102230246251565e-16
PaySim,stored_observed_update,artifacts/rq1_v2/confirmatory_run_20260916/dna_v2/group_130_run/dna_v2_iht_attack_rq1_v2_confirmatory_ratio0p95_eta0p01_s0p2_iht80_step1_r4_i600_lr0p1_nonneg0p001/group_130/restart_0/baseline.pt,130,"219938,3693807,674636,1059536",20,3,network.1.num_batches_tracked;network.5.num_batches_tracked;network.9.num_batches_tracked,4065.0135205982124,0.9999999999999999,99.99999999999999,1.1102230246251565e-16
PaySim,stored_observed_update,artifacts/rq1_v2/confirmatory_run_20260916/dna_v2/group_131_run/dna_v2_iht_attack_rq1_v2_confirmatory_ratio0p95_eta0p01_s0p2_iht80_step1_r4_i600_lr0p1_nonneg0p001/group_131/restart_0/baseline.pt,131,"1393703,1030376,4323929,6055278",20,3,network.1.num_batches_tracked;network.5.num_batches_tracked;network.9.num_batches_tracked,19307.891537944968,1.0,100.0,0.0
PaySim,stored_observed_update,artifacts/rq1_v2/confirmatory_run_20260916/dna_v2/group_132_run/dna_v2_iht_attack_rq1_v2_confirmatory_ratio0p95_eta0p01_s0p2_iht80_step1_r4_i600_lr0p1_nonneg0p001/group_132/restart_0/baseline.pt,132,"3033605,1180671,4550950,1407431",20,3,network.1.num_batches_tracked;network.5.num_batches_tracked;network.9.num_batches_tracked,560722.980573863,0.9999999999999999,99.99999999999999,1.1102230246251565e-16
PaySim,stored_observed_update,artifacts/rq1_v2/confirmatory_run_20260916/dna_v2/group_133_run/dna_v2_iht_attack_rq1_v2_confirmatory_ratio0p95_eta0p01_s0p2_iht80_step1_r4_i600_lr0p1_nonneg0p001/group_133/restart_0/baseline.pt,133,"6205433,1696641,5901740,4028107",20,3,network.1.num_batches_tracked;network.5.num_batches_tracked;network.9.num_batches_tracked,128197323.80356053,1.0000000000000002,100.00000000000003,2.220446049250313e-16
PaySim,stored_observed_update,artifacts/rq1_v2/confirmatory_run_20260916/dna_v2/group_134_run/dna_v2_iht_attack_rq1_v2_confirmatory_ratio0p95_eta0p01_s0p2_iht80_step1_r4_i600_lr0p1_nonneg0p001/group_134/restart_0/baseline.pt,134,"2132439,6278155,2558479,4104662",20,3,network.1.num_batches_tracked;network.5.num_batches_tracked;network.9.num_batches_tracked,2705.2633771514097,0.9999999999999999,99.99999999999999,1.1102230246251565e-16
PaySim,stored_observed_update,artifacts/rq1_v2/confirmatory_run_20260916/dna_v2/group_135_run/dna_v2_iht_attack_rq1_v2_confirmatory_ratio0p95_eta0p01_s0p2_iht80_step1_r4_i600_lr0p1_nonneg0p001/group_135/restart_0/baseline.pt,135,"5015759,2332960,3718894,257400",20,3,network.1.num_batches_tracked;network.5.num_batches_tracked;network.9.num_batches_tracked,1920983.4051531078,0.9999999999999999,99.99999999999999,1.1102230246251565e-16
IEEE-CIS,stored_observed_update,artifacts/priority5_ieee_cis/phase53_rq1_development_gate_20260916_rerun1/development/group_0/restart_0/baseline.pt,0,"492693,348861,475253,542546",20,3,network.1.num_batches_tracked;network.5.num_batches_tracked;network.9.num_batches_tracked,93795.83242944072,1.0,100.0,0.0
IEEE-CIS,stored_observed_update,artifacts/priority5_ieee_cis/phase53_rq1_development_gate_20260916_rerun1/development/group_1/restart_0/baseline.pt,1,"568619,176101,414794,274230",20,3,network.1.num_batches_tracked;network.5.num_batches_tracked;network.9.num_batches_tracked,98183.66367933578,1.0,100.0,0.0
IEEE-CIS,stored_observed_update,artifacts/priority5_ieee_cis/phase53_rq1_development_gate_20260916_rerun1/development/group_2/restart_0/baseline.pt,2,"17725,410550,20687,170563",20,3,network.1.num_batches_tracked;network.5.num_batches_tracked;network.9.num_batches_tracked,96872.47421003465,1.0000000000000002,100.00000000000003,2.220446049250313e-16
IEEE-CIS,stored_observed_update,artifacts/priority5_ieee_cis/phase53_rq1_development_gate_20260916_rerun1/development/group_3/restart_0/baseline.pt,3,"145251,455393,357599,113476",20,3,network.1.num_batches_tracked;network.5.num_batches_tracked;network.9.num_batches_tracked,98299.28340060647,0.9999999999999999,99.99999999999999,1.1102230246251565e-16
IEEE-CIS,stored_observed_update,artifacts/priority5_ieee_cis/phase53_rq1_development_gate_20260916_rerun1/development/group_4/restart_0/baseline.pt,4,"363098,24146,41094,241137",20,3,network.1.num_batches_tracked;network.5.num_batches_tracked;network.9.num_batches_tracked,98496.88775237964,1.0,100.0,0.0
IEEE-CIS,stored_observed_update,artifacts/priority5_ieee_cis/phase53_rq1_development_gate_20260916_rerun1/development/group_5/restart_0/baseline.pt,5,"406389,394873,531563,343568",20,3,network.1.num_batches_tracked;network.5.num_batches_tracked;network.9.num_batches_tracked,91488.0422998657,1.0,100.0,0.0
IEEE-CIS,stored_observed_update,artifacts/priority5_ieee_cis/phase53_rq1_development_gate_20260916_rerun1/development/group_6/restart_0/baseline.pt,6,"372252,278925,440532,446090",20,3,network.1.num_batches_tracked;network.5.num_batches_tracked;network.9.num_batches_tracked,67981.85787333208,1.0,100.0,0.0
IEEE-CIS,stored_observed_update,artifacts/priority5_ieee_cis/phase53_rq1_development_gate_20260916_rerun1/development/group_7/restart_0/baseline.pt,7,"60711,480278,236849,427834",20,3,network.1.num_batches_tracked;network.5.num_batches_tracked;network.9.num_batches_tracked,84284.8637851909,0.9999999999999999,99.99999999999999,1.1102230246251565e-16
IEEE-CIS,recomputed_from_saved_ieee_bundle_priority6_n24,artifacts/priority6_sota_attackers/targets_ieee_n24/ieee_priority6_bundle.pt,0,"585396,564388,320567,348449",20,3,network.1.num_batches_tracked;network.5.num_batches_tracked;network.9.num_batches_tracked,328421.12458997837,0.9999999999999997,99.99999999999997,3.3306690738754696e-16
IEEE-CIS,recomputed_from_saved_ieee_bundle_priority6_n24,artifacts/priority6_sota_attackers/targets_ieee_n24/ieee_priority6_bundle.pt,1,"201142,395175,233557,236824",20,3,network.1.num_batches_tracked;network.5.num_batches_tracked;network.9.num_batches_tracked,1599741.6830909215,0.9999999999999999,99.99999999999999,1.1102230246251565e-16
IEEE-CIS,recomputed_from_saved_ieee_bundle_priority6_n24,artifacts/priority6_sota_attackers/targets_ieee_n24/ieee_priority6_bundle.pt,2,"437780,87330,61782,80763",20,3,network.1.num_batches_tracked;network.5.num_batches_tracked;network.9.num_batches_tracked,357662.9047115465,0.9999999999999999,99.99999999999999,1.1102230246251565e-16
IEEE-CIS,recomputed_from_saved_ieee_bundle_priority6_n24,artifacts/priority6_sota_attackers/targets_ieee_n24/ieee_priority6_bundle.pt,3,"493954,208239,88983,427040",20,3,network.1.num_batches_tracked;network.5.num_batches_tracked;network.9.num_batches_tracked,377007.971535253,1.0,100.0,0.0
IEEE-CIS,recomputed_from_saved_ieee_bundle_priority6_n24,artifacts/priority6_sota_attackers/targets_ieee_n24/ieee_priority6_bundle.pt,4,"79845,257825,523969,582402",20,3,network.1.num_batches_tracked;network.5.num_batches_tracked;network.9.num_batches_tracked,375699.8464158079,0.9999999999999998,99.99999999999997,2.220446049250313e-16
IEEE-CIS,recomputed_from_saved_ieee_bundle_priority6_n24,artifacts/priority6_sota_attackers/targets_ieee_n24/ieee_priority6_bundle.pt,5,"230810,303312,438458,230659",20,3,network.1.num_batches_tracked;network.5.num_batches_tracked;network.9.num_batches_tracked,376923.658425716,1.0000000000000002,100.00000000000003,2.220446049250313e-16
IEEE-CIS,recomputed_from_saved_ieee_bundle_priority6_n24,artifacts/priority6_sota_attackers/targets_ieee_n24/ieee_priority6_bundle.pt,6,"531316,513598,76122,511162",20,3,network.1.num_batches_tracked;network.5.num_batches_tracked;network.9.num_batches_tracked,9462706.760125512,1.0,100.0,0.0
IEEE-CIS,recomputed_from_saved_ieee_bundle_priority6_n24,artifacts/priority6_sota_attackers/targets_ieee_n24/ieee_priority6_bundle.pt,7,"396115,412747,478586,131462",20,3,network.1.num_batches_tracked;network.5.num_batches_tracked;network.9.num_batches_tracked,376468.54539154854,1.0,100.0,0.0
IEEE-CIS,recomputed_from_saved_ieee_bundle_priority6_n24,artifacts/priority6_sota_attackers/targets_ieee_n24/ieee_priority6_bundle.pt,8,"80498,375135,129759,468589",20,3,network.1.num_batches_tracked;network.5.num_batches_tracked;network.9.num_batches_tracked,377182.3307933912,0.9999999999999999,99.99999999999999,1.1102230246251565e-16
IEEE-CIS,recomputed_from_saved_ieee_bundle_priority6_n24,artifacts/priority6_sota_attackers/targets_ieee_n24/ieee_priority6_bundle.pt,9,"48271,329213,299188,189732",20,3,network.1.num_batches_tracked;network.5.num_batches_tracked;network.9.num_batches_tracked,370136.72270671505,0.9999999999999998,99.99999999999997,2.220446049250313e-16
IEEE-CIS,recomputed_from_saved_ieee_bundle_priority6_n24,artifacts/priority6_sota_attackers/targets_ieee_n24/ieee_priority6_bundle.pt,10,"511387,236008,432509,73181",20,3,network.1.num_batches_tracked;network.5.num_batches_tracked;network.9.num_batches_tracked,240357.01660151777,1.0,100.0,0.0
IEEE-CIS,recomputed_from_saved_ieee_bundle_priority6_n24,artifacts/priority6_sota_attackers/targets_ieee_n24/ieee_priority6_bundle.pt,11,"354292,241649,572218,465103",20,3,network.1.num_batches_tracked;network.5.num_batches_tracked;network.9.num_batches_tracked,12344750.00381637,1.0,100.0,0.0
IEEE-CIS,recomputed_from_saved_ieee_bundle_priority6_n24,artifacts/priority6_sota_attackers/targets_ieee_n24/ieee_priority6_bundle.pt,12,"331047,156471,421651,516293",20,3,network.1.num_batches_tracked;network.5.num_batches_tracked;network.9.num_batches_tracked,374031.46202552615,1.0000000000000002,100.00000000000003,2.220446049250313e-16
IEEE-CIS,recomputed_from_saved_ieee_bundle_priority6_n24,artifacts/priority6_sota_attackers/targets_ieee_n24/ieee_priority6_bundle.pt,13,"332456,85647,81654,409251",20,3,network.1.num_batches_tracked;network.5.num_batches_tracked;network.9.num_batches_tracked,285443.48398250446,1.0,100.0,0.0
IEEE-CIS,recomputed_from_saved_ieee_bundle_priority6_n24,artifacts/priority6_sota_attackers/targets_ieee_n24/ieee_priority6_bundle.pt,14,"205333,442171,15648,315589",20,3,network.1.num_batches_tracked;network.5.num_batches_tracked;network.9.num_batches_tracked,377166.3562894248,0.9999999999999999,99.99999999999999,1.1102230246251565e-16
IEEE-CIS,recomputed_from_saved_ieee_bundle_priority6_n24,artifacts/priority6_sota_attackers/targets_ieee_n24/ieee_priority6_bundle.pt,15,"261871,150819,270822,352064",20,3,network.1.num_batches_tracked;network.5.num_batches_tracked;network.9.num_batches_tracked,368443.51069920056,0.9999999999999998,99.99999999999997,2.220446049250313e-16
IEEE-CIS,recomputed_from_saved_ieee_bundle_priority6_n24,artifacts/priority6_sota_attackers/targets_ieee_n24/ieee_priority6_bundle.pt,16,"388425,409882,95101,170222",20,3,network.1.num_batches_tracked;network.5.num_batches_tracked;network.9.num_batches_tracked,308859.4458212257,1.0000000000000002,100.00000000000003,2.220446049250313e-16
IEEE-CIS,recomputed_from_saved_ieee_bundle_priority6_n24,artifacts/priority6_sota_attackers/targets_ieee_n24/ieee_priority6_bundle.pt,17,"182933,121880,258445,319068",20,3,network.1.num_batches_tracked;network.5.num_batches_tracked;network.9.num_batches_tracked,372692.2647144133,1.0000000000000002,100.00000000000003,2.220446049250313e-16
IEEE-CIS,recomputed_from_saved_ieee_bundle_priority6_n24,artifacts/priority6_sota_attackers/targets_ieee_n24/ieee_priority6_bundle.pt,18,"339090,73039,245847,155439",20,3,network.1.num_batches_tracked;network.5.num_batches_tracked;network.9.num_batches_tracked,387317.183237315,1.0000000000000002,100.00000000000003,2.220446049250313e-16
IEEE-CIS,recomputed_from_saved_ieee_bundle_priority6_n24,artifacts/priority6_sota_attackers/targets_ieee_n24/ieee_priority6_bundle.pt,19,"363230,277295,310030,183559",20,3,network.1.num_batches_tracked;network.5.num_batches_tracked;network.9.num_batches_tracked,316206.76914860884,1.0,100.0,0.0
IEEE-CIS,recomputed_from_saved_ieee_bundle_priority6_n24,artifacts/priority6_sota_attackers/targets_ieee_n24/ieee_priority6_bundle.pt,20,"344740,238219,439122,198889",20,3,network.1.num_batches_tracked;network.5.num_batches_tracked;network.9.num_batches_tracked,325769.108034156,1.0000000000000002,100.00000000000003,2.220446049250313e-16
IEEE-CIS,recomputed_from_saved_ieee_bundle_priority6_n24,artifacts/priority6_sota_attackers/targets_ieee_n24/ieee_priority6_bundle.pt,21,"144743,552350,124130,529587",20,3,network.1.num_batches_tracked;network.5.num_batches_tracked;network.9.num_batches_tracked,371956.06283544796,1.0,100.0,0.0
IEEE-CIS,recomputed_from_saved_ieee_bundle_priority6_n24,artifacts/priority6_sota_attackers/targets_ieee_n24/ieee_priority6_bundle.pt,22,"372364,116491,534585,114304",20,3,network.1.num_batches_tracked;network.5.num_batches_tracked;network.9.num_batches_tracked,269885.8117654632,1.0000000000000002,100.00000000000003,2.220446049250313e-16
IEEE-CIS,recomputed_from_saved_ieee_bundle_priority6_n24,artifacts/priority6_sota_attackers/targets_ieee_n24/ieee_priority6_bundle.pt,23,"406102,13272,188765,580515",20,3,network.1.num_batches_tracked;network.5.num_batches_tracked;network.9.num_batches_tracked,377040.3517436403,1.0000000000000002,100.00000000000003,2.220446049250313e-16
IEEE-CIS,recomputed_from_saved_ieee_bundle_priority10_v3_n8,artifacts/priority10_v3/ieee_n8_targets_20260921/ieee_priority6_bundle.pt,0,"163683,317675,574768,336940",20,3,network.1.num_batches_tracked;network.5.num_batches_tracked;network.9.num_batches_tracked,36382.36993034165,1.0,100.0,0.0
IEEE-CIS,recomputed_from_saved_ieee_bundle_priority10_v3_n8,artifacts/priority10_v3/ieee_n8_targets_20260921/ieee_priority6_bundle.pt,1,"504177,67824,439809,462300",20,3,network.1.num_batches_tracked;network.5.num_batches_tracked;network.9.num_batches_tracked,39652.7422602446,1.0,100.0,0.0
IEEE-CIS,recomputed_from_saved_ieee_bundle_priority10_v3_n8,artifacts/priority10_v3/ieee_n8_targets_20260921/ieee_priority6_bundle.pt,2,"201437,387132,69655,334660",20,3,network.1.num_batches_tracked;network.5.num_batches_tracked;network.9.num_batches_tracked,820778.8217363113,0.9999999999999999,99.99999999999999,1.1102230246251565e-16
IEEE-CIS,recomputed_from_saved_ieee_bundle_priority10_v3_n8,artifacts/priority10_v3/ieee_n8_targets_20260921/ieee_priority6_bundle.pt,3,"556379,119557,576203,59796",20,3,network.1.num_batches_tracked;network.5.num_batches_tracked;network.9.num_batches_tracked,60478.21356619367,0.9999999999999999,99.99999999999999,1.1102230246251565e-16
IEEE-CIS,recomputed_from_saved_ieee_bundle_priority10_v3_n8,artifacts/priority10_v3/ieee_n8_targets_20260921/ieee_priority6_bundle.pt,4,"200959,191983,326954,479860",20,3,network.1.num_batches_tracked;network.5.num_batches_tracked;network.9.num_batches_tracked,56170.802530159934,0.9999999999999999,99.99999999999999,1.1102230246251565e-16
IEEE-CIS,recomputed_from_saved_ieee_bundle_priority10_v3_n8,artifacts/priority10_v3/ieee_n8_targets_20260921/ieee_priority6_bundle.pt,5,"236147,414891,23091,354002",20,3,network.1.num_batches_tracked;network.5.num_batches_tracked;network.9.num_batches_tracked,59671.96058974881,1.0,100.0,0.0
IEEE-CIS,recomputed_from_saved_ieee_bundle_priority10_v3_n8,artifacts/priority10_v3/ieee_n8_targets_20260921/ieee_priority6_bundle.pt,6,"397380,234350,441876,293726",20,3,network.1.num_batches_tracked;network.5.num_batches_tracked;network.9.num_batches_tracked,60604.916611792585,1.0,100.0,0.0
IEEE-CIS,recomputed_from_saved_ieee_bundle_priority10_v3_n8,artifacts/priority10_v3/ieee_n8_targets_20260921/ieee_priority6_bundle.pt,7,"502304,158281,49353,469858",20,3,network.1.num_batches_tracked;network.5.num_batches_tracked;network.9.num_batches_tracked,58807.59723579009,1.0,100.0,0.0
PaySim,recomputed_from_saved_paysim_targets_priority6_n24,artifacts/priority6_sota_attackers/targets_paysim_n24/paysim_priority6_n24_targets.pt,0,"3166407,5563783,155334,367419",20,3,network.1.num_batches_tracked;network.5.num_batches_tracked;network.9.num_batches_tracked,634938.1650948832,1.0,100.0,0.0
PaySim,recomputed_from_saved_paysim_targets_priority6_n24,artifacts/priority6_sota_attackers/targets_paysim_n24/paysim_priority6_n24_targets.pt,1,"5971707,1018658,4503591,5701797",20,3,network.1.num_batches_tracked;network.5.num_batches_tracked;network.9.num_batches_tracked,2626.4407672287102,1.0000000000000002,100.00000000000003,2.220446049250313e-16
PaySim,recomputed_from_saved_paysim_targets_priority6_n24,artifacts/priority6_sota_attackers/targets_paysim_n24/paysim_priority6_n24_targets.pt,2,"3632872,5786645,3898830,1496506",20,3,network.1.num_batches_tracked;network.5.num_batches_tracked;network.9.num_batches_tracked,2272.72534772526,1.0,100.0,0.0
PaySim,recomputed_from_saved_paysim_targets_priority6_n24,artifacts/priority6_sota_attackers/targets_paysim_n24/paysim_priority6_n24_targets.pt,3,"2654457,1622803,2940679,3016856",20,3,network.1.num_batches_tracked;network.5.num_batches_tracked;network.9.num_batches_tracked,7481.126216895913,1.0,100.0,0.0
PaySim,recomputed_from_saved_paysim_targets_priority6_n24,artifacts/priority6_sota_attackers/targets_paysim_n24/paysim_priority6_n24_targets.pt,4,"1992569,5702130,2999157,6039814",20,3,network.1.num_batches_tracked;network.5.num_batches_tracked;network.9.num_batches_tracked,2391.715786803465,0.9999999999999999,99.99999999999999,1.1102230246251565e-16
PaySim,recomputed_from_saved_paysim_targets_priority6_n24,artifacts/priority6_sota_attackers/targets_paysim_n24/paysim_priority6_n24_targets.pt,5,"1784226,627342,5373887,6358608",20,3,network.1.num_batches_tracked;network.5.num_batches_tracked;network.9.num_batches_tracked,99195801.71503098,1.0,100.0,0.0
PaySim,recomputed_from_saved_paysim_targets_priority6_n24,artifacts/priority6_sota_attackers/targets_paysim_n24/paysim_priority6_n24_targets.pt,6,"3794518,4703672,2986143,6053802",20,3,network.1.num_batches_tracked;network.5.num_batches_tracked;network.9.num_batches_tracked,2827.972254376692,1.0,100.0,0.0
PaySim,recomputed_from_saved_paysim_targets_priority6_n24,artifacts/priority6_sota_attackers/targets_paysim_n24/paysim_priority6_n24_targets.pt,7,"6260392,6086754,400895,4576402",20,3,network.1.num_batches_tracked;network.5.num_batches_tracked;network.9.num_batches_tracked,5025639.968218117,1.0,100.0,0.0
PaySim,recomputed_from_saved_paysim_targets_priority6_n24,artifacts/priority6_sota_attackers/targets_paysim_n24/paysim_priority6_n24_targets.pt,8,"4291473,33472,3167009,4675747",20,3,network.1.num_batches_tracked;network.5.num_batches_tracked;network.9.num_batches_tracked,2421.4284061626836,0.9999999999999999,99.99999999999999,1.1102230246251565e-16
PaySim,recomputed_from_saved_paysim_targets_priority6_n24,artifacts/priority6_sota_attackers/targets_paysim_n24/paysim_priority6_n24_targets.pt,9,"6362556,3341339,4222938,5290424",20,3,network.1.num_batches_tracked;network.5.num_batches_tracked;network.9.num_batches_tracked,3002.150117305956,0.9999999999999999,99.99999999999999,1.1102230246251565e-16
PaySim,recomputed_from_saved_paysim_targets_priority6_n24,artifacts/priority6_sota_attackers/targets_paysim_n24/paysim_priority6_n24_targets.pt,10,"3516742,6020290,3610987,1995408",20,3,network.1.num_batches_tracked;network.5.num_batches_tracked;network.9.num_batches_tracked,2746.5566461293133,1.0000000000000002,100.00000000000003,2.220446049250313e-16
PaySim,recomputed_from_saved_paysim_targets_priority6_n24,artifacts/priority6_sota_attackers/targets_paysim_n24/paysim_priority6_n24_targets.pt,11,"3456158,2140548,3394559,6362538",20,3,network.1.num_batches_tracked;network.5.num_batches_tracked;network.9.num_batches_tracked,2238912.78471464,1.0000000000000002,100.00000000000003,2.220446049250313e-16
PaySim,recomputed_from_saved_paysim_targets_priority6_n24,artifacts/priority6_sota_attackers/targets_paysim_n24/paysim_priority6_n24_targets.pt,12,"2900680,3763074,6362546,4297875",20,3,network.1.num_batches_tracked;network.5.num_batches_tracked;network.9.num_batches_tracked,2682.7497297648747,1.0000000000000002,100.00000000000003,2.220446049250313e-16
PaySim,recomputed_from_saved_paysim_targets_priority6_n24,artifacts/priority6_sota_attackers/targets_paysim_n24/paysim_priority6_n24_targets.pt,13,"820427,3669000,3693644,5221941",20,3,network.1.num_batches_tracked;network.5.num_batches_tracked;network.9.num_batches_tracked,271.48710268665627,0.9999999999999998,99.99999999999997,2.220446049250313e-16
PaySim,recomputed_from_saved_paysim_targets_priority6_n24,artifacts/priority6_sota_attackers/targets_paysim_n24/paysim_priority6_n24_targets.pt,14,"5013495,4141170,1740528,6287841",20,3,network.1.num_batches_tracked;network.5.num_batches_tracked;network.9.num_batches_tracked,2194.640828586958,0.9999999999999999,99.99999999999999,1.1102230246251565e-16
PaySim,recomputed_from_saved_paysim_targets_priority6_n24,artifacts/priority6_sota_attackers/targets_paysim_n24/paysim_priority6_n24_targets.pt,15,"5310290,3183854,5320523,6145884",20,3,network.1.num_batches_tracked;network.5.num_batches_tracked;network.9.num_batches_tracked,55826.11848576512,1.0000000000000002,100.00000000000003,2.220446049250313e-16
PaySim,recomputed_from_saved_paysim_targets_priority6_n24,artifacts/priority6_sota_attackers/targets_paysim_n24/paysim_priority6_n24_targets.pt,16,"3761760,595954,6058629,6282441",20,3,network.1.num_batches_tracked;network.5.num_batches_tracked;network.9.num_batches_tracked,10239.2415915633,1.0,100.0,0.0
PaySim,recomputed_from_saved_paysim_targets_priority6_n24,artifacts/priority6_sota_attackers/targets_paysim_n24/paysim_priority6_n24_targets.pt,17,"5188002,2714271,3471036,116334",20,3,network.1.num_batches_tracked;network.5.num_batches_tracked;network.9.num_batches_tracked,17720427.15846657,0.9999999999999999,99.99999999999999,1.1102230246251565e-16
PaySim,recomputed_from_saved_paysim_targets_priority6_n24,artifacts/priority6_sota_attackers/targets_paysim_n24/paysim_priority6_n24_targets.pt,18,"810893,6336637,5188046,4821241",20,3,network.1.num_batches_tracked;network.5.num_batches_tracked;network.9.num_batches_tracked,1672.9175004217138,1.0,100.0,0.0
PaySim,recomputed_from_saved_paysim_targets_priority6_n24,artifacts/priority6_sota_attackers/targets_paysim_n24/paysim_priority6_n24_targets.pt,19,"1610470,4118616,2224601,6168506",20,3,network.1.num_batches_tracked;network.5.num_batches_tracked;network.9.num_batches_tracked,10001.02190467056,1.0,100.0,0.0
PaySim,recomputed_from_saved_paysim_targets_priority6_n24,artifacts/priority6_sota_attackers/targets_paysim_n24/paysim_priority6_n24_targets.pt,20,"696506,5468626,4060239,1030503",20,3,network.1.num_batches_tracked;network.5.num_batches_tracked;network.9.num_batches_tracked,2833.5168689956677,1.0,100.0,0.0
PaySim,recomputed_from_saved_paysim_targets_priority6_n24,artifacts/priority6_sota_attackers/targets_paysim_n24/paysim_priority6_n24_targets.pt,21,"4171350,5978602,6061826,1730923",20,3,network.1.num_batches_tracked;network.5.num_batches_tracked;network.9.num_batches_tracked,102586562.45872387,0.9999999999999999,99.99999999999999,1.1102230246251565e-16
PaySim,recomputed_from_saved_paysim_targets_priority6_n24,artifacts/priority6_sota_attackers/targets_paysim_n24/paysim_priority6_n24_targets.pt,22,"4176145,1302472,4965642,356422",20,3,network.1.num_batches_tracked;network.5.num_batches_tracked;network.9.num_batches_tracked,2798.1579030978037,1.0,100.0,0.0
PaySim,recomputed_from_saved_paysim_targets_priority6_n24,artifacts/priority6_sota_attackers/targets_paysim_n24/paysim_priority6_n24_targets.pt,23,"5987937,4053300,579415,1480812",20,3,network.1.num_batches_tracked;network.5.num_batches_tracked;network.9.num_batches_tracked,2470.701835434892,1.0000000000000002,100.00000000000003,2.220446049250313e-16
PaySim,recomputed_from_saved_paysim_targets_priority9_stronger_n24,artifacts/priority9_v1_family/stronger_n24_targets_20260917/paysim_priority9_stronger_n24_targets.pt,0,"1148137,2218348,4382680,6271472",20,3,network.1.num_batches_tracked;network.5.num_batches_tracked;network.9.num_batches_tracked,244245.72411667282,0.9999999999999999,99.99999999999999,1.1102230246251565e-16
PaySim,recomputed_from_saved_paysim_targets_priority9_stronger_n24,artifacts/priority9_v1_family/stronger_n24_targets_20260917/paysim_priority9_stronger_n24_targets.pt,1,"2701566,6019392,299148,2308149",20,3,network.1.num_batches_tracked;network.5.num_batches_tracked;network.9.num_batches_tracked,2039.9297171746143,1.0,100.0,0.0
PaySim,recomputed_from_saved_paysim_targets_priority9_stronger_n24,artifacts/priority9_v1_family/stronger_n24_targets_20260917/paysim_priority9_stronger_n24_targets.pt,2,"4045523,1059502,6007527,3322855",20,3,network.1.num_batches_tracked;network.5.num_batches_tracked;network.9.num_batches_tracked,4303479.9080135785,1.0000000000000002,100.00000000000003,2.220446049250313e-16
PaySim,recomputed_from_saved_paysim_targets_priority9_stronger_n24,artifacts/priority9_v1_family/stronger_n24_targets_20260917/paysim_priority9_stronger_n24_targets.pt,3,"6328876,906683,3978738,3060762",20,3,network.1.num_batches_tracked;network.5.num_batches_tracked;network.9.num_batches_tracked,8922.35146192314,1.0000000000000002,100.00000000000003,2.220446049250313e-16
PaySim,recomputed_from_saved_paysim_targets_priority9_stronger_n24,artifacts/priority9_v1_family/stronger_n24_targets_20260917/paysim_priority9_stronger_n24_targets.pt,4,"1366974,6206495,1051676,6167566",20,3,network.1.num_batches_tracked;network.5.num_batches_tracked;network.9.num_batches_tracked,1922.3475896217117,1.0,100.0,0.0
PaySim,recomputed_from_saved_paysim_targets_priority9_stronger_n24,artifacts/priority9_v1_family/stronger_n24_targets_20260917/paysim_priority9_stronger_n24_targets.pt,5,"4714673,1320963,4945897,1999714",20,3,network.1.num_batches_tracked;network.5.num_batches_tracked;network.9.num_batches_tracked,32438522.34878384,1.0,100.0,0.0
PaySim,recomputed_from_saved_paysim_targets_priority9_stronger_n24,artifacts/priority9_v1_family/stronger_n24_targets_20260917/paysim_priority9_stronger_n24_targets.pt,6,"4411300,6122463,374164,2981287",20,3,network.1.num_batches_tracked;network.5.num_batches_tracked;network.9.num_batches_tracked,1845811.1046634144,1.0,100.0,0.0
PaySim,recomputed_from_saved_paysim_targets_priority9_stronger_n24,artifacts/priority9_v1_family/stronger_n24_targets_20260917/paysim_priority9_stronger_n24_targets.pt,7,"6355229,6339620,3456712,4184637",20,3,network.1.num_batches_tracked;network.5.num_batches_tracked;network.9.num_batches_tracked,2798.5666929473427,0.9999999999999999,99.99999999999999,1.1102230246251565e-16
PaySim,recomputed_from_saved_paysim_targets_priority9_stronger_n24,artifacts/priority9_v1_family/stronger_n24_targets_20260917/paysim_priority9_stronger_n24_targets.pt,8,"4955046,6344752,5735797,1377510",20,3,network.1.num_batches_tracked;network.5.num_batches_tracked;network.9.num_batches_tracked,31581.49941027203,1.0000000000000002,100.00000000000003,2.220446049250313e-16
PaySim,recomputed_from_saved_paysim_targets_priority9_stronger_n24,artifacts/priority9_v1_family/stronger_n24_targets_20260917/paysim_priority9_stronger_n24_targets.pt,9,"3530110,1553015,1008419,6064976",20,3,network.1.num_batches_tracked;network.5.num_batches_tracked;network.9.num_batches_tracked,103287461.8488345,0.9999999999999999,99.99999999999999,1.1102230246251565e-16
PaySim,recomputed_from_saved_paysim_targets_priority9_stronger_n24,artifacts/priority9_v1_family/stronger_n24_targets_20260917/paysim_priority9_stronger_n24_targets.pt,10,"4733207,5262958,6296643,1483194",20,3,network.1.num_batches_tracked;network.5.num_batches_tracked;network.9.num_batches_tracked,9850.388426745883,1.0000000000000002,100.00000000000003,2.220446049250313e-16
PaySim,recomputed_from_saved_paysim_targets_priority9_stronger_n24,artifacts/priority9_v1_family/stronger_n24_targets_20260917/paysim_priority9_stronger_n24_targets.pt,11,"6148834,805348,3706553,576023",20,3,network.1.num_batches_tracked;network.5.num_batches_tracked;network.9.num_batches_tracked,2171.7476326356627,0.9999999999999998,99.99999999999997,2.220446049250313e-16
PaySim,recomputed_from_saved_paysim_targets_priority9_stronger_n24,artifacts/priority9_v1_family/stronger_n24_targets_20260917/paysim_priority9_stronger_n24_targets.pt,12,"470464,3769242,3746469,3693044",20,3,network.1.num_batches_tracked;network.5.num_batches_tracked;network.9.num_batches_tracked,2566.8099491221465,1.0,100.0,0.0
PaySim,recomputed_from_saved_paysim_targets_priority9_stronger_n24,artifacts/priority9_v1_family/stronger_n24_targets_20260917/paysim_priority9_stronger_n24_targets.pt,13,"3952278,4870421,6358038,3059749",20,3,network.1.num_batches_tracked;network.5.num_batches_tracked;network.9.num_batches_tracked,2534.03793866646,1.0,100.0,0.0
PaySim,recomputed_from_saved_paysim_targets_priority9_stronger_n24,artifacts/priority9_v1_family/stronger_n24_targets_20260917/paysim_priority9_stronger_n24_targets.pt,14,"2873419,1949995,6361143,775490",20,3,network.1.num_batches_tracked;network.5.num_batches_tracked;network.9.num_batches_tracked,441726.4760425469,1.0000000000000002,100.00000000000003,2.220446049250313e-16
PaySim,recomputed_from_saved_paysim_targets_priority9_stronger_n24,artifacts/priority9_v1_family/stronger_n24_targets_20260917/paysim_priority9_stronger_n24_targets.pt,15,"4429802,5044568,6351060,4615700",20,3,network.1.num_batches_tracked;network.5.num_batches_tracked;network.9.num_batches_tracked,3025.304233620602,0.9999999999999999,99.99999999999999,1.1102230246251565e-16
PaySim,recomputed_from_saved_paysim_targets_priority9_stronger_n24,artifacts/priority9_v1_family/stronger_n24_targets_20260917/paysim_priority9_stronger_n24_targets.pt,16,"813431,5188008,5226743,3714362",20,3,network.1.num_batches_tracked;network.5.num_batches_tracked;network.9.num_batches_tracked,39007538.45588459,1.0000000000000002,100.00000000000003,2.220446049250313e-16
PaySim,recomputed_from_saved_paysim_targets_priority9_stronger_n24,artifacts/priority9_v1_family/stronger_n24_targets_20260917/paysim_priority9_stronger_n24_targets.pt,17,"1238369,3213682,3647846,5987632",20,3,network.1.num_batches_tracked;network.5.num_batches_tracked;network.9.num_batches_tracked,2570.4549169941065,0.9999999999999999,99.99999999999999,1.1102230246251565e-16
PaySim,recomputed_from_saved_paysim_targets_priority9_stronger_n24,artifacts/priority9_v1_family/stronger_n24_targets_20260917/paysim_priority9_stronger_n24_targets.pt,18,"6168721,2873750,555066,2413296",20,3,network.1.num_batches_tracked;network.5.num_batches_tracked;network.9.num_batches_tracked,2457.546551793169,1.0,100.0,0.0
PaySim,recomputed_from_saved_paysim_targets_priority9_stronger_n24,artifacts/priority9_v1_family/stronger_n24_targets_20260917/paysim_priority9_stronger_n24_targets.pt,19,"5996399,5202932,2137197,763930",20,3,network.1.num_batches_tracked;network.5.num_batches_tracked;network.9.num_batches_tracked,236589726.8007507,1.0000000000000002,100.00000000000003,2.220446049250313e-16
PaySim,recomputed_from_saved_paysim_targets_priority9_stronger_n24,artifacts/priority9_v1_family/stronger_n24_targets_20260917/paysim_priority9_stronger_n24_targets.pt,20,"6118813,4255970,494761,3448250",20,3,network.1.num_batches_tracked;network.5.num_batches_tracked;network.9.num_batches_tracked,368.1681808442348,0.9999999999999999,99.99999999999999,1.1102230246251565e-16
PaySim,recomputed_from_saved_paysim_targets_priority9_stronger_n24,artifacts/priority9_v1_family/stronger_n24_targets_20260917/paysim_priority9_stronger_n24_targets.pt,21,"4213136,149961,4990318,6362504",20,3,network.1.num_batches_tracked;network.5.num_batches_tracked;network.9.num_batches_tracked,2813.6330049075764,1.0,100.0,0.0
PaySim,recomputed_from_saved_paysim_targets_priority9_stronger_n24,artifacts/priority9_v1_family/stronger_n24_targets_20260917/paysim_priority9_stronger_n24_targets.pt,22,"45473,4256187,6135684,4772560",20,3,network.1.num_batches_tracked;network.5.num_batches_tracked;network.9.num_batches_tracked,7056.572299253153,1.0,100.0,0.0
PaySim,recomputed_from_saved_paysim_targets_priority9_stronger_n24,artifacts/priority9_v1_family/stronger_n24_targets_20260917/paysim_priority9_stronger_n24_targets.pt,23,"640784,1073463,6362518,849547",20,3,network.1.num_batches_tracked;network.5.num_batches_tracked;network.9.num_batches_tracked,2153.0137723518596,1.0,100.0,0.0
