ordered_record,label,mse,mae,argmax_type_correct,onehot_valid
0,0.0,0.9269259456712381,0.7469517628733928,0.0,False
1,0.0,0.5818230633499154,0.5768248092096585,0.0,False
2,0.0,1.0365566808272042,0.7879601535029136,0.0,False
3,0.0,53.572034183723446,2.738020222347516,0.0,False
4,0.0,11.929377916736088,1.7351524305458252,0.0,False
5,1.0,25.37151102242297,2.210053350489873,1.0,False
6,0.0,0.5880487868967194,0.5952357766576685,0.0,False
7,1.0,2407.8882723203333,16.206151113773767,0.0,False
8,0.0,2.0454055123369304,1.0646740375803068,0.0,False
9,0.0,1.170181406329733,0.6747608881157178,1.0,False
10,0.0,4.635115476614955,1.05572301407273,0.0,False
11,1.0,95.57761084856458,3.759541151042168,0.0,False
12,0.0,0.48604873949365246,0.5392594755842135,1.0,False
13,1.0,10403.1624914237,34.77320756046818,1.0,False
14,0.0,1.6315249197390083,0.944315393956808,0.0,False
15,0.0,0.6479797748784883,0.5883207109112006,0.0,False
