ordered_record,label,mse,mae,argmax_type_correct,onehot_valid
0,0.0,2.835704151620278,1.1377236273211355,0.0,False
1,0.0,15.135236094935967,2.0442382469773293,0.0,False
2,0.0,3.26859151338954,1.194321672199294,0.0,False
3,0.0,140.44021088203093,4.945629871235444,0.0,False
4,1.0,100.592590211156,4.907012512477545,0.0,False
5,0.0,477.74161654867163,9.587406119474998,0.0,False
6,0.0,46.863521181748524,4.0891646682642975,0.0,False
7,0.0,86.72859506171984,4.201800887687848,0.0,False
8,0.0,11.858083989985195,1.6206723731011152,1.0,False
9,0.0,9.414171764911721,1.5336641582946937,0.0,False
10,1.0,187.4165009269162,5.3686304235329425,0.0,False
11,0.0,11.408767916039077,1.6263736366079404,0.0,False
12,1.0,156.5233559442968,5.216797703715901,1.0,False
13,0.0,0.432308885961143,0.4847991947944348,0.0,False
14,1.0,176.59903400774613,5.378545900591864,0.0,False
15,0.0,42.48592958786162,3.183750262627235,1.0,False
