noise_multiplier,calibration_seed,group_id,relative_l2,clip_factor,noise_std
0.0001,11,0,0.025699734030021525,1.0,0.01
0.0001,11,1,0.024786878034259,1.0,0.01
0.0001,11,2,0.9523635875202259,0.04763816825719427,0.01
0.0001,11,3,0.03651836380178731,1.0,0.01
0.0001,11,4,0.02146302457547616,1.0,0.01
0.0001,11,5,0.023128917202843765,1.0,0.01
0.0001,11,6,0.9901291673849214,0.00987123522657409,0.01
0.0001,11,7,0.9067832331543512,0.09320258136644989,0.01
0.0001,22,0,0.025948979748849126,1.0,0.01
0.0001,22,1,0.02493509696654438,1.0,0.01
0.0001,22,2,0.9523578089019302,0.04763816825719427,0.01
0.0001,22,3,0.036845442564313866,1.0,0.01
0.0001,22,4,0.021763233186815757,1.0,0.01
0.0001,22,5,0.02294707153603018,1.0,0.01
0.0001,22,6,0.9901280573758557,0.00987123522657409,0.01
0.0001,22,7,0.9067854944136008,0.09320258136644989,0.01
0.0001,33,0,0.025633725184667822,1.0,0.01
0.0001,33,1,0.02501558429802214,1.0,0.01
0.0001,33,2,0.9523649278899214,0.04763816825719427,0.01
0.0001,33,3,0.03655606776218355,1.0,0.01
0.0001,33,4,0.021556246513302638,1.0,0.01
0.0001,33,5,0.023082592175358217,1.0,0.01
0.0001,33,6,0.9901296815045034,0.00987123522657409,0.01
0.0001,33,7,0.9067991582910333,0.09320258136644989,0.01
0.0001,44,0,0.025532677501090707,1.0,0.01
0.0001,44,1,0.024774868408160167,1.0,0.01
0.0001,44,2,0.9523526588724404,0.04763816825719427,0.01
0.0001,44,3,0.03731281138850773,1.0,0.01
0.0001,44,4,0.021611038356859177,1.0,0.01
0.0001,44,5,0.022776373051580992,1.0,0.01
0.0001,44,6,0.9901292010657493,0.00987123522657409,0.01
0.0001,44,7,0.9067962894122894,0.09320258136644989,0.01
0.0001,55,0,0.025563467222503817,1.0,0.01
0.0001,55,1,0.025095090198341104,1.0,0.01
0.0001,55,2,0.9523654891042715,0.04763816825719427,0.01
0.0001,55,3,0.03688895653778843,1.0,0.01
0.0001,55,4,0.021377459464816485,1.0,0.01
0.0001,55,5,0.022991539120487164,1.0,0.01
0.0001,55,6,0.9901295754720107,0.00987123522657409,0.01
0.0001,55,7,0.9068135028266722,0.09320258136644989,0.01
0.0005,11,0,0.128498672455837,1.0,0.05
0.0005,11,1,0.12393439527636446,1.0,0.05
0.0005,11,2,0.9523737073701244,0.04763816825719427,0.05
0.0005,11,3,0.18259182555748021,1.0,0.05
0.0005,11,4,0.10731512655001842,1.0,0.05
0.0005,11,5,0.11564459313955958,1.0,0.05
0.0005,11,6,0.9901308956354138,0.00987123522657409,0.05
0.0005,11,7,0.9067387312511725,0.09320258136644989,0.05
0.0005,22,0,0.12974490334146868,1.0,0.05
0.0005,22,1,0.12467548958961958,1.0,0.05
0.0005,22,2,0.9523447982291282,0.04763816825719427,0.05
0.0005,22,3,0.1842272195730503,1.0,0.05
0.0005,22,4,0.10881617211940786,1.0,0.05
0.0005,22,5,0.11473535963403722,1.0,0.05
0.0005,22,6,0.9901253369035512,0.00987123522657409,0.05
0.0005,22,7,0.9067503741973169,0.09320258136644989,0.05
0.0005,33,0,0.12816863062786824,1.0,0.05
0.0005,33,1,0.12507792493928624,1.0,0.05
0.0005,33,2,0.9523804380731072,0.04763816825719427,0.05
0.0005,33,3,0.18278034667905693,1.0,0.05
0.0005,33,4,0.10778123596833113,1.0,0.05
0.0005,33,5,0.11541296529732543,1.0,0.05
0.0005,33,6,0.9901335072941093,0.00987123522657409,0.05
0.0005,33,7,0.9068183657966584,0.09320258136644989,0.05
0.0005,44,0,0.12766339375034336,1.0,0.05
0.0005,44,1,0.12387434612569959,1.0,0.05
0.0005,44,2,0.9523190386020071,0.04763816825719427,0.05
0.0005,44,3,0.18656406423017124,1.0,0.05
0.0005,44,4,0.10805519814058544,1.0,0.05
0.0005,44,5,0.11388186934988428,1.0,0.05
0.0005,44,6,0.9901310780054453,0.00987123522657409,0.05
0.0005,44,7,0.9068041846983175,0.09320258136644989,0.05
0.0005,55,0,0.1278173413841386,1.0,0.05
0.0005,55,1,0.1254754548803972,1.0,0.05
0.0005,55,2,0.9523832121718533,0.04763816825719427,0.05
0.0005,55,3,0.18444478828890676,1.0,0.05
0.0005,55,4,0.10688730196201954,1.0,0.05
0.0005,55,5,0.11495770001318266,1.0,0.05
0.0005,55,6,0.9901328883504741,0.00987123522657409,0.05
0.0005,55,7,0.9068907460160169,0.09320258136644989,0.05
0.001,11,0,0.2569973455695726,1.0,0.1
0.001,11,1,0.24786879079772986,1.0,0.1
0.001,11,2,0.9523933284358699,0.04763816825719427,0.1
0.001,11,3,0.36518365069512093,1.0,0.1
0.001,11,4,0.2146302531531396,1.0,0.1
0.001,11,5,0.23128918656205316,1.0,0.1
0.001,11,6,0.9901333357014913,0.00987123522657409,0.1
0.001,11,7,0.9067106728982891,0.09320258136644989,0.1
0.001,22,0,0.25948980659982157,1.0,0.1
0.001,22,1,0.2493509791803312,1.0,0.1
0.001,22,2,0.952335481510572,0.04763816825719427,0.1
0.001,22,3,0.36845443856406984,1.0,0.1
0.001,22,4,0.2176323438868422,1.0,0.1
0.001,22,5,0.22947071875425626,1.0,0.1
0.001,22,6,0.9901222181018489,0.00987123522657409,0.1
0.001,22,7,0.9067346946707793,0.09320258136644989,0.1
0.001,33,0,0.2563372612118394,1.0,0.1
0.001,33,1,0.2501558505269234,1.0,0.1
0.001,33,2,0.9524068858239259,0.04763816825719427,0.1
0.001,33,3,0.36556069324021595,1.0,0.1
0.001,33,4,0.21556247158249442,1.0,0.1
0.001,33,5,0.23082593131181958,1.0,0.1
0.001,33,6,0.9901385671665991,0.00987123522657409,0.1
0.001,33,7,0.9068699100657056,0.09320258136644989,0.1
0.001,44,0,0.2553267877838248,1.0,0.1
0.001,44,1,0.2477486933314512,1.0,0.1
0.001,44,2,0.9522839562664891,0.04763816825719427,0.1
0.001,44,3,0.37312812810803225,1.0,0.1
0.001,44,4,0.21611039508987512,1.0,0.1
0.001,44,5,0.22776373838063105,1.0,0.1
0.001,44,6,0.9901337140595964,0.00987123522657409,0.1
0.001,44,7,0.9068418798972027,0.09320258136644989,0.1
0.001,55,0,0.25563468234061737,1.0,0.1
0.001,55,1,0.2509509092658103,1.0,0.1
0.001,55,2,0.9524122939053453,0.04763816825719427,0.1
0.001,55,3,0.3688895758884055,1.0,0.1
0.001,55,4,0.21377460446136776,1.0,0.1
0.001,55,5,0.22991539986556206,1.0,0.1
0.001,55,6,0.990137343932416,0.00987123522657409,0.1
0.001,55,7,0.9070162610572012,0.09320258136644989,0.1
0.005,11,0,1.2849867036247904,1.0,0.5
0.005,11,1,1.2393439335694032,1.0,0.5
0.005,11,2,0.9528291908666626,0.04763816825719427,0.5
0.005,11,3,1.8259182268543763,1.0,0.5
0.005,11,4,1.0731512462185395,1.0,0.5
0.005,11,5,1.1564459123625663,1.0,0.5
0.005,11,6,0.9901643194631513,0.00987123522657409,0.5
0.005,11,7,0.9075884033275782,0.09320258136644989,0.5
0.005,22,0,1.297449010370572,1.0,0.5
0.005,22,1,1.2467548729372815,1.0,0.5
0.005,22,2,0.9525387906264269,0.04763816825719427,0.5
0.005,22,3,1.8422721595883418,1.0,0.5
0.005,22,4,1.0881617003988857,1.0,0.5
0.005,22,5,1.1473535760513376,1.0,0.5
0.005,22,6,0.9901088276456433,0.00987123522657409,0.5
0.005,22,7,0.9077380033187133,0.09320258136644989,0.5
0.005,33,0,1.2816862841833094,1.0,0.5
0.005,33,1,1.2507792316826936,1.0,0.5
0.005,33,2,0.9529001297445482,0.04763816825719427,0.5
0.005,33,3,1.8278034344245162,1.0,0.5
0.005,33,4,1.0778123409605722,1.0,0.5
0.005,33,5,1.1541296368584717,1.0,0.5
0.005,33,6,0.9901907882246489,0.00987123522657409,0.5
0.005,33,7,0.90838239272639,0.09320258136644989,0.5
0.005,44,0,1.2766339180860369,1.0,0.5
0.005,44,1,1.2387434428847368,1.0,0.5
0.005,44,2,0.9522810125371738,0.04763816825719427,0.5
0.005,44,3,1.8656406082546262,1.0,0.5
0.005,44,4,1.0805519589611021,1.0,0.5
0.005,44,5,1.138818671014557,1.0,0.5
0.005,44,6,0.9901664914368451,0.00987123522657409,0.5
0.005,44,7,0.9082570363731868,0.09320258136644989,0.5
0.005,55,0,1.2781733900891146,1.0,0.5
0.005,55,1,1.2547545252945778,1.0,0.5
0.005,55,2,0.9529225897237175,0.04763816825719427,0.5
0.005,55,3,1.844447850625028,1.0,0.5
0.005,55,4,1.0688730051895765,1.0,0.5
0.005,55,5,1.1495769788921448,1.0,0.5
0.005,55,6,0.9901845847837317,0.00987123522657409,0.5
0.005,55,7,0.9091770529203272,0.09320258136644989,0.5
0.01,11,0,2.569973406592088,1.0,1.0
0.01,11,1,2.4786878656534537,1.0,1.0
0.01,11,2,0.9540702995862865,0.04763816825719427,1.0
0.01,11,3,3.6518364549473015,1.0,1.0
0.01,11,4,2.1463024924788825,1.0,1.0
0.01,11,5,2.312891826916173,1.0,1.0
0.01,11,6,0.9902315925925789,0.00987123522657409,1.0
0.01,11,7,0.9114308353418511,0.09320258136644989,1.0
0.01,22,0,2.59489802045514,1.0,1.0
0.01,22,1,2.493509746309858,1.0,1.0
0.01,22,2,0.9534870153796793,0.04763816825719427,1.0
0.01,22,3,3.684544319143236,1.0,1.0
0.01,22,4,2.1763234005820604,1.0,1.0
0.01,22,5,2.2947071536199446,1.0,1.0
0.01,22,6,0.9901208851537195,0.00987123522657409,1.0
0.01,22,7,0.9118024383259259,0.09320258136644989,1.0
0.01,33,0,2.563372568106909,1.0,1.0
0.01,33,1,2.5015584626166265,1.0,1.0
0.01,33,2,0.9542199470690563,0.04763816825719427,1.0
0.01,33,3,3.655606868965997,1.0,1.0
0.01,33,4,2.15562468180396,1.0,1.0
0.01,33,5,2.308259273990552,1.0,1.0
0.01,33,6,0.9902852968168768,0.00987123522657409,1.0
0.01,33,7,0.9130086093447976,0.09320258136644989,1.0
0.01,44,0,2.55326783648071,1.0,1.0
0.01,44,1,2.477486886218972,1.0,1.0
0.01,44,2,0.9529713648001146,0.04763816825719427,1.0
0.01,44,3,3.731281217421757,1.0,1.0
0.01,44,4,2.1611039178544225,1.0,1.0
0.01,44,5,2.2776373418646547,1.0,1.0
0.01,44,6,0.9902366127883906,0.00987123522657409,1.0
0.01,44,7,0.9127952864074413,0.09320258136644989,1.0
0.01,55,0,2.5563467807368108,1.0,1.0
0.01,55,1,2.5095090507439375,1.0,1.0
0.01,55,2,0.9542533341060612,0.04763816825719427,1.0
0.01,55,3,3.688895701496682,1.0,1.0
0.01,55,4,2.137746009708961,1.0,1.0
0.01,55,5,2.2991539570153643,1.0,1.0
0.01,55,6,0.9902727260745785,0.00987123522657409,1.0
0.01,55,7,0.9147491041777177,0.09320258136644989,1.0
