group_id,raw_fraud_mse,method_fraud_mse,method_minus_raw_fraud_mse,method_harder,method
0,13573.53633525672,18060.375728931373,4486.8393936746525,True,clipping_noise_mc
1,56.78202051081416,49.707295188778566,-7.07472532203559,False,clipping_noise_mc
2,637.4716593216416,343.21050525537663,-294.26115406626496,False,clipping_noise_mc
3,4638.1050853499255,7166.638939515241,2528.5338541653155,True,clipping_noise_mc
4,30236.22721600249,25513.725315348864,-4722.501900653628,False,clipping_noise_mc
5,40.35434474696625,6.69796027937159,-33.656384467594656,False,clipping_noise_mc
6,9.649169111342456,28.04698923283253,18.397820121490074,True,clipping_noise_mc
7,66404.58980298927,36452.86806068572,-29951.721742303547,False,clipping_noise_mc
8,73.89708096169863,13.868185337818753,-60.02889562387988,False,clipping_noise_mc
9,645.9942471963975,340.78857386272466,-305.20567333367285,False,clipping_noise_mc
10,58399.761438629,50932.59196949575,-7467.169469133252,False,clipping_noise_mc
11,706.7544707799502,62.66787894826919,-644.0865918316811,False,clipping_noise_mc
