profile,method,client_count,metric,n,mean,median,sd,iqr,p95
BROADBAND,DNA_TRANSFORM_TRANSPORT,3,client_encode_serialize_seconds_max,50,0.24314399742000017,0.24157985400000115,0.005416034606444603,0.0024313022500002113,0.2536903440499994
BROADBAND,DNA_TRANSFORM_TRANSPORT,3,client_encode_serialize_seconds_total,50,0.7207901940200001,0.717887500499998,0.009413698590462708,0.005974363249997783,0.7441373549000012
BROADBAND,DNA_TRANSFORM_TRANSPORT,3,server_decode_aggregate_seconds,50,0.0011402058600002362,0.0011249795000001228,0.00014594307210661215,0.0001376037499980498,0.0013407939000039447
BROADBAND,DNA_TRANSFORM_TRANSPORT,3,transfer_seconds,50,0.18321144914000054,0.17622210450000075,0.014591549766823005,0.026123988500006412,0.20968319090000415
BROADBAND,DNA_TRANSFORM_TRANSPORT,3,modeled_transfer_seconds,50,0.16028399999999998,0.15174959999999998,0.013824428564785496,0.030480000000000007,0.1822296
BROADBAND,DNA_TRANSFORM_TRANSPORT,3,end_to_end_seconds,50,0.9368931399200008,0.9326030625000037,0.018657103730784302,0.02428543825000329,0.9733391562499988
BROADBAND,DNA_TRANSFORM_TRANSPORT,3,payload_bytes_total,50,154374.0,154374.0,0.0,0.0,154374.0
BROADBAND,DNA_TRANSFORM_TRANSPORT,3,client_peak_alloc_bytes,50,431567.62,431526.0,294.2978423298411,0.0,431526.0
BROADBAND,DNA_TRANSFORM_TRANSPORT,3,server_peak_alloc_bytes,50,346728.58,346702.0,187.94898243938428,0.0,346702.0
BROADBAND,DNA_TRANSFORM_TRANSPORT,5,client_encode_serialize_seconds_max,50,0.24678787836,0.24442579149999943,0.007104614656708409,0.006442364750005147,0.26024711044999693
BROADBAND,DNA_TRANSFORM_TRANSPORT,5,client_encode_serialize_seconds_total,50,1.2107888799400004,1.2055274385000132,0.018578813659276158,0.017243875750002857,1.2500812415999953
BROADBAND,DNA_TRANSFORM_TRANSPORT,5,server_decode_aggregate_seconds,50,0.0016139449800011362,0.0016096664999984966,0.00026427331641938986,0.0003871255000014173,0.0020975730999992946
BROADBAND,DNA_TRANSFORM_TRANSPORT,5,transfer_seconds,50,0.29730109737999877,0.2952091049999961,0.013271982435243608,0.005877719999995534,0.3263131354999967
BROADBAND,DNA_TRANSFORM_TRANSPORT,5,modeled_transfer_seconds,50,0.2577928,0.252916,0.01128759865642695,0.0,0.283396
BROADBAND,DNA_TRANSFORM_TRANSPORT,5,end_to_end_seconds,50,1.5477879275400008,1.544002708999999,0.024193759032454715,0.03439400024999539,1.5886700411499994
BROADBAND,DNA_TRANSFORM_TRANSPORT,5,payload_bytes_total,50,257290.0,257290.0,0.0,0.0,257290.0
BROADBAND,DNA_TRANSFORM_TRANSPORT,5,client_peak_alloc_bytes,50,646232.2,646164.0,345.9456132789355,0.0,646164.0
BROADBAND,DNA_TRANSFORM_TRANSPORT,5,server_peak_alloc_bytes,50,524266.0,524266.0,0.0,0.0,524266.0
BROADBAND,DNA_TRANSFORM_TRANSPORT,10,client_encode_serialize_seconds_max,50,0.25123941750000156,0.24516727099999258,0.023221335172161062,0.010897926499996657,0.26447286859999863
BROADBAND,DNA_TRANSFORM_TRANSPORT,10,client_encode_serialize_seconds_total,50,2.4097485685600004,2.3948888350000033,0.04086000538338191,0.03307284225000018,2.4960869429999817
BROADBAND,DNA_TRANSFORM_TRANSPORT,10,server_decode_aggregate_seconds,50,0.0026005667199993352,0.002570521000002657,0.0004079380768450539,0.0006180622499876165,0.003223451900002061
BROADBAND,DNA_TRANSFORM_TRANSPORT,10,transfer_seconds,50,0.594520997539997,0.5898535219999914,0.01831028368917375,0.028866293499987705,0.6253792174000082
BROADBAND,DNA_TRANSFORM_TRANSPORT,10,modeled_transfer_seconds,50,0.5162047999999999,0.505832,0.01584447357978193,0.03047999999999995,0.5363119999999999
BROADBAND,DNA_TRANSFORM_TRANSPORT,10,end_to_end_seconds,50,3.0523066650199997,3.0456739165,0.04327248440514998,0.04114628149999433,3.122004914700002
BROADBAND,DNA_TRANSFORM_TRANSPORT,10,payload_bytes_total,50,514580.0,514580.0,0.0,0.0,514580.0
BROADBAND,DNA_TRANSFORM_TRANSPORT,10,client_peak_alloc_bytes,50,1180306.06,1180303.0,21.637467504308354,0.0,1180303.0
BROADBAND,DNA_TRANSFORM_TRANSPORT,10,server_peak_alloc_bytes,50,968496.0,968496.0,0.0,0.0,968496.0
BROADBAND,LOSSLESS_DNA_AES_GCM,3,client_encode_serialize_seconds_max,50,0.21525984082000016,0.21498595850000157,0.0022881595321104287,0.00307702175000113,0.21955585465000027
BROADBAND,LOSSLESS_DNA_AES_GCM,3,client_encode_serialize_seconds_total,50,0.6375867609400001,0.6353082290000103,0.005935293480819762,0.008907927249995673,0.6472850505499966
BROADBAND,LOSSLESS_DNA_AES_GCM,3,server_decode_aggregate_seconds,50,0.2665471982600002,0.26596887499999866,0.003969830832748762,0.004554874500001027,0.27389471249999886
BROADBAND,LOSSLESS_DNA_AES_GCM,3,transfer_seconds,50,0.45859457243999896,0.44551856200000195,0.024233988267453536,0.0299307932500108,0.5059979414499916
BROADBAND,LOSSLESS_DNA_AES_GCM,3,modeled_transfer_seconds,50,0.4349952,0.41545920000000003,0.02367194567932465,0.03047999999999995,0.4764192
BROADBAND,LOSSLESS_DNA_AES_GCM,3,end_to_end_seconds,50,1.40290528342,1.3962772709999989,0.025806490730091787,0.030602229499995914,1.4517484232499958
BROADBAND,LOSSLESS_DNA_AES_GCM,3,payload_bytes_total,50,813648.0,813648.0,0.0,0.0,813648.0
BROADBAND,LOSSLESS_DNA_AES_GCM,3,client_peak_alloc_bytes,50,3029379.32,3029291.0,478.17055449250887,0.0,3029291.0
BROADBAND,LOSSLESS_DNA_AES_GCM,3,server_peak_alloc_bytes,50,1967898.9,1967827.0,374.0654340881977,0.0,1967847.35
BROADBAND,LOSSLESS_DNA_AES_GCM,5,client_encode_serialize_seconds_max,50,0.21599100077999914,0.21396277100000383,0.005424358919958782,0.003508249249996709,0.22991169564999472
BROADBAND,LOSSLESS_DNA_AES_GCM,5,client_encode_serialize_seconds_total,50,1.0629058966599978,1.0606344374999956,0.008041940669241205,0.007807634000020158,1.0794920130499948
BROADBAND,LOSSLESS_DNA_AES_GCM,5,server_decode_aggregate_seconds,50,0.44602440833999873,0.445355208499997,0.004626431127918727,0.004694093000004784,0.4548991226999874
BROADBAND,LOSSLESS_DNA_AES_GCM,5,transfer_seconds,50,0.7597305582199972,0.7613123324999833,0.025480073753121585,0.03387947975000394,0.800812290400016
BROADBAND,LOSSLESS_DNA_AES_GCM,5,modeled_transfer_seconds,50,0.7180639999999999,0.722912,0.024152478894198255,0.03047999999999995,0.753392
BROADBAND,LOSSLESS_DNA_AES_GCM,5,end_to_end_seconds,50,2.3118704850200005,2.309930208499999,0.02759095081672101,0.04233033350000248,2.3529896248499957
BROADBAND,LOSSLESS_DNA_AES_GCM,5,payload_bytes_total,50,1356080.0,1356080.0,0.0,0.0,1356080.0
BROADBAND,LOSSLESS_DNA_AES_GCM,5,client_peak_alloc_bytes,50,3573381.96,3573357.0,176.49385258416228,0.0,3573357.0
BROADBAND,LOSSLESS_DNA_AES_GCM,5,server_peak_alloc_bytes,50,2080683.84,2080635.0,340.0518183801896,0.0,2080635.0
BROADBAND,LOSSLESS_DNA_AES_GCM,10,client_encode_serialize_seconds_max,50,0.21380564661999857,0.21199291650000873,0.005246096726888623,0.004293905999986691,0.22666924780000244
BROADBAND,LOSSLESS_DNA_AES_GCM,10,client_encode_serialize_seconds_total,50,2.10027922814,2.093894978999984,0.021552364206084466,0.02129057899996667,2.148398400250005
BROADBAND,LOSSLESS_DNA_AES_GCM,10,server_decode_aggregate_seconds,50,0.8784435358199991,0.8756771875000027,0.011373170441408658,0.015829760500004397,0.9020869563999994
BROADBAND,LOSSLESS_DNA_AES_GCM,10,transfer_seconds,50,1.5211663815000054,1.522721272000041,0.04029419919000308,0.04883855149991945,1.5930465805999945
BROADBAND,LOSSLESS_DNA_AES_GCM,10,modeled_transfer_seconds,50,1.439224,1.445824,0.0376471584422451,0.03083999999999998,1.5067840000000001
BROADBAND,LOSSLESS_DNA_AES_GCM,10,end_to_end_seconds,50,4.55147728924,4.546559979000005,0.048972533291158055,0.06384332325001374,4.63385194129998
BROADBAND,LOSSLESS_DNA_AES_GCM,10,payload_bytes_total,50,2712160.0,2712160.0,0.0,0.0,2712160.0
BROADBAND,LOSSLESS_DNA_AES_GCM,10,client_peak_alloc_bytes,50,4931010.0,4931010.0,0.0,0.0,4931010.0
BROADBAND,LOSSLESS_DNA_AES_GCM,10,server_peak_alloc_bytes,50,2362751.0,2362751.0,0.0,0.0,2362751.0
BROADBAND,RAW_FLOAT32,3,client_encode_serialize_seconds_max,50,0.0002233925000000525,0.00021437550000014127,2.297156529480082e-05,3.8333250000244234e-05,0.0002620624999995824
BROADBAND,RAW_FLOAT32,3,client_encode_serialize_seconds_total,50,0.0005206666200001475,0.0004981875000003022,5.5520683782032505e-05,8.694724999980252e-05,0.0006158210499993099
BROADBAND,RAW_FLOAT32,3,server_decode_aggregate_seconds,50,0.0011049000399999454,0.0010618545000005142,0.00023717274905267127,0.0003752082499992593,0.0015140249999994859
BROADBAND,RAW_FLOAT32,3,transfer_seconds,50,0.18388481416000002,0.17936310349999962,0.014417907431357381,0.01896540624999865,0.20988051635000088
BROADBAND,RAW_FLOAT32,3,modeled_transfer_seconds,50,0.16028399999999998,0.15174959999999998,0.013824428564785496,0.030480000000000007,0.1822296
BROADBAND,RAW_FLOAT32,3,end_to_end_seconds,50,0.21524817002,0.20859110350000032,0.01993494706015406,0.028690281500000192,0.25214533139999995
BROADBAND,RAW_FLOAT32,3,payload_bytes_total,50,154374.0,154374.0,0.0,0.0,154374.0
BROADBAND,RAW_FLOAT32,3,client_peak_alloc_bytes,50,265766.0,265766.0,0.0,0.0,265766.0
BROADBAND,RAW_FLOAT32,3,server_peak_alloc_bytes,50,346478.0,346478.0,0.0,0.0,346478.0
BROADBAND,RAW_FLOAT32,5,client_encode_serialize_seconds_max,50,0.00022794581999999508,0.00022314600000061802,2.6275215541279982e-05,2.8885749999929544e-05,0.0002764412999993748
BROADBAND,RAW_FLOAT32,5,client_encode_serialize_seconds_total,50,0.0008307789000001975,0.0008293335000004731,8.579371972812222e-05,0.00011113575000143427,0.0009758513000005296
BROADBAND,RAW_FLOAT32,5,server_decode_aggregate_seconds,50,0.0015266817200000737,0.0015272494999996056,0.00028885137530008915,0.0005102607499984924,0.0019840980999996207
BROADBAND,RAW_FLOAT32,5,transfer_seconds,50,0.29602105850000027,0.2932301040000045,0.012910580827596059,0.006882250500000797,0.32524208489999795
BROADBAND,RAW_FLOAT32,5,modeled_transfer_seconds,50,0.2577928,0.252916,0.01128759865642695,0.0,0.283396
BROADBAND,RAW_FLOAT32,5,end_to_end_seconds,50,0.33545703168,0.3364250205000001,0.01872430714070374,0.025812521500001573,0.3678076874999999
BROADBAND,RAW_FLOAT32,5,payload_bytes_total,50,257290.0,257290.0,0.0,0.0,257290.0
BROADBAND,RAW_FLOAT32,5,client_peak_alloc_bytes,50,370316.0,370316.0,0.0,0.0,370316.0
BROADBAND,RAW_FLOAT32,5,server_peak_alloc_bytes,50,524042.0,524042.0,0.0,0.0,524042.0
BROADBAND,RAW_FLOAT32,10,client_encode_serialize_seconds_max,50,0.00024233908000008243,0.000237957999999594,3.524345704335092e-05,4.163525000011603e-05,0.00028834535000079594
BROADBAND,RAW_FLOAT32,10,client_encode_serialize_seconds_total,50,0.0015569591399996873,0.0015460215000047128,0.0001565087081601865,0.00024510549999945397,0.0017986308000027761
BROADBAND,RAW_FLOAT32,10,server_decode_aggregate_seconds,50,0.002621795000000304,0.0026576039999994805,0.0004860823567153367,0.0008096667499981614,0.00335886410000068
BROADBAND,RAW_FLOAT32,10,transfer_seconds,50,0.5960874413399989,0.5898843959999986,0.018817411650544017,0.028366906000002245,0.6235131082000072
BROADBAND,RAW_FLOAT32,10,modeled_transfer_seconds,50,0.5162047999999999,0.505832,0.01584447357978193,0.03047999999999995,0.5363119999999999
BROADBAND,RAW_FLOAT32,10,end_to_end_seconds,50,0.6459837575000001,0.6455393545000021,0.022193406121113566,0.030136770250003497,0.6899674523000014
BROADBAND,RAW_FLOAT32,10,payload_bytes_total,50,514580.0,514580.0,0.0,0.0,514580.0
BROADBAND,RAW_FLOAT32,10,client_peak_alloc_bytes,50,629235.0,629235.0,0.0,0.0,629235.0
BROADBAND,RAW_FLOAT32,10,server_peak_alloc_bytes,50,968272.0,968272.0,0.0,0.0,968272.0
CONSTRAINED,DNA_TRANSFORM_TRANSPORT,3,client_encode_serialize_seconds_max,50,0.2540877334199998,0.2523807714999968,0.003908620022373836,0.005045042000001665,0.2629351853499992
CONSTRAINED,DNA_TRANSFORM_TRANSPORT,3,client_encode_serialize_seconds_total,50,0.7544357967399989,0.751616042000002,0.008473129406173188,0.010858187250002871,0.7728007022000023
CONSTRAINED,DNA_TRANSFORM_TRANSPORT,3,server_decode_aggregate_seconds,50,0.0012160333600016316,0.0012139379999993594,0.0002256773260009553,0.0003875422500057013,0.0015157545000025862
CONSTRAINED,DNA_TRANSFORM_TRANSPORT,3,transfer_seconds,50,0.5985742433399999,0.5945180204999989,0.07088690273126691,0.15653973974999502,0.6896249045000061
CONSTRAINED,DNA_TRANSFORM_TRANSPORT,3,modeled_transfer_seconds,50,0.5742898560000002,0.5689184,0.06953262762212871,0.16384000000000004,0.6557344
CONSTRAINED,DNA_TRANSFORM_TRANSPORT,3,end_to_end_seconds,50,1.3935452824999992,1.3882045204999969,0.07021888931911974,0.1290402600000018,1.4883052892500033
CONSTRAINED,DNA_TRANSFORM_TRANSPORT,3,payload_bytes_total,50,154374.0,154374.0,0.0,0.0,154374.0
CONSTRAINED,DNA_TRANSFORM_TRANSPORT,3,client_peak_alloc_bytes,50,431567.62,431526.0,294.2978423298411,0.0,431526.0
CONSTRAINED,DNA_TRANSFORM_TRANSPORT,3,server_peak_alloc_bytes,50,346728.58,346702.0,187.94898243938428,0.0,346702.0
CONSTRAINED,DNA_TRANSFORM_TRANSPORT,5,client_encode_serialize_seconds_max,50,0.24769225827999974,0.24617637499999745,0.006367864875393551,0.0064934054999952195,0.26202103560000156
CONSTRAINED,DNA_TRANSFORM_TRANSPORT,5,client_encode_serialize_seconds_total,50,1.2097245782999986,1.2040882499999945,0.015312306613124533,0.022770468499999197,1.2367068065499847
CONSTRAINED,DNA_TRANSFORM_TRANSPORT,5,server_decode_aggregate_seconds,50,0.0016322907799992236,0.0016051040000029104,0.0002886833352744011,0.0003362395000010565,0.0020567409999959095
CONSTRAINED,DNA_TRANSFORM_TRANSPORT,5,transfer_seconds,50,0.994302661679999,1.004157291499995,0.09818075433301912,0.1610837712500075,1.143043652299991
CONSTRAINED,DNA_TRANSFORM_TRANSPORT,5,modeled_transfer_seconds,50,0.9550359679999998,0.9753903999999999,0.09835594208478245,0.16383999999999999,1.1050719999999996
CONSTRAINED,DNA_TRANSFORM_TRANSPORT,5,end_to_end_seconds,50,2.2465487283600014,2.2542401250000026,0.09822359013225684,0.1458702604999953,2.409837558150004
CONSTRAINED,DNA_TRANSFORM_TRANSPORT,5,payload_bytes_total,50,257290.0,257290.0,0.0,0.0,257290.0
CONSTRAINED,DNA_TRANSFORM_TRANSPORT,5,client_peak_alloc_bytes,50,646232.2,646164.0,345.9456132789355,0.0,646164.0
CONSTRAINED,DNA_TRANSFORM_TRANSPORT,5,server_peak_alloc_bytes,50,524266.0,524266.0,0.0,0.0,524266.0
CONSTRAINED,DNA_TRANSFORM_TRANSPORT,10,client_encode_serialize_seconds_max,50,0.2512225042599999,0.24897833300001082,0.008916549759936316,0.008580875250018494,0.26324644549999404
CONSTRAINED,DNA_TRANSFORM_TRANSPORT,10,client_encode_serialize_seconds_total,50,2.4425997142600067,2.4298828329999864,0.030738024892214274,0.03941323899997329,2.5058324508499834
CONSTRAINED,DNA_TRANSFORM_TRANSPORT,10,server_decode_aggregate_seconds,50,0.0027240291399986917,0.0027129795000035983,0.0006420095500246178,0.0005471257499856108,0.003357833300002255
CONSTRAINED,DNA_TRANSFORM_TRANSPORT,10,transfer_seconds,50,1.9946806360399938,1.9542506879999735,0.12885673565833938,0.214335415500031,2.22974363389997
CONSTRAINED,DNA_TRANSFORM_TRANSPORT,10,modeled_transfer_seconds,50,1.9181103359999994,1.8729279999999997,0.12969973041356309,0.22234320000000007,2.1607679999999996
CONSTRAINED,DNA_TRANSFORM_TRANSPORT,10,end_to_end_seconds,50,4.487248875899999,4.460652396,0.13647119199433813,0.1881082917500052,4.745203503650004
CONSTRAINED,DNA_TRANSFORM_TRANSPORT,10,payload_bytes_total,50,514580.0,514580.0,0.0,0.0,514580.0
CONSTRAINED,DNA_TRANSFORM_TRANSPORT,10,client_peak_alloc_bytes,50,1180306.06,1180303.0,21.637467504308354,0.0,1180303.0
CONSTRAINED,DNA_TRANSFORM_TRANSPORT,10,server_peak_alloc_bytes,50,968496.0,968496.0,0.0,0.0,968496.0
CONSTRAINED,LOSSLESS_DNA_AES_GCM,3,client_encode_serialize_seconds_max,50,0.21448300084000146,0.21315379150000524,0.005121552095726513,0.002937218749988091,0.22287660204998616
CONSTRAINED,LOSSLESS_DNA_AES_GCM,3,client_encode_serialize_seconds_total,50,0.6360124442800018,0.6331783120000054,0.008553036801339639,0.005699749000041443,0.6576139082999944
CONSTRAINED,LOSSLESS_DNA_AES_GCM,3,server_decode_aggregate_seconds,50,0.26355943330000053,0.26211835400000183,0.00590990407999744,0.004163490249990076,0.2731617544999992
CONSTRAINED,LOSSLESS_DNA_AES_GCM,3,transfer_seconds,50,1.8075632250000009,1.8206025210000014,0.03764669003079961,0.014323604500001252,1.833644806250025
CONSTRAINED,LOSSLESS_DNA_AES_GCM,3,modeled_transfer_seconds,50,1.7819530239999997,1.7952768,0.0377749039307281,0.007680000000000131,1.8059328
CONSTRAINED,LOSSLESS_DNA_AES_GCM,3,end_to_end_seconds,50,2.7475290133,2.7607806875000023,0.041196525882535015,0.03618205149999465,2.787784145500006
CONSTRAINED,LOSSLESS_DNA_AES_GCM,3,payload_bytes_total,50,813648.0,813648.0,0.0,0.0,813648.0
CONSTRAINED,LOSSLESS_DNA_AES_GCM,3,client_peak_alloc_bytes,50,3029379.32,3029291.0,478.17055449250887,0.0,3029291.0
CONSTRAINED,LOSSLESS_DNA_AES_GCM,3,server_peak_alloc_bytes,50,1967898.9,1967827.0,374.0654340881977,0.0,1967847.35
CONSTRAINED,LOSSLESS_DNA_AES_GCM,5,client_encode_serialize_seconds_max,50,0.2146900150200041,0.21258175000001245,0.005145082434330059,0.005698093499983514,0.22513912919999726
CONSTRAINED,LOSSLESS_DNA_AES_GCM,5,client_encode_serialize_seconds_total,50,1.057670611680011,1.0518084790000302,0.013968037541325225,0.019042094250014685,1.0840625146500151
CONSTRAINED,LOSSLESS_DNA_AES_GCM,5,server_decode_aggregate_seconds,50,0.4342673167599993,0.43329949999999684,0.0064537205753846935,0.005727708250013563,0.44774153764997987
CONSTRAINED,LOSSLESS_DNA_AES_GCM,5,transfer_seconds,50,2.983037429059998,3.018628437000018,0.07959423955136485,0.08880828249998096,3.047268481100038
CONSTRAINED,LOSSLESS_DNA_AES_GCM,5,modeled_transfer_seconds,50,2.9418501119999996,2.984128,0.080136865200034,0.09055999999999997,3.00448
CONSTRAINED,LOSSLESS_DNA_AES_GCM,5,end_to_end_seconds,50,4.516480685899998,4.5458710005,0.08238668766489458,0.08579562425001797,4.607106202300001
CONSTRAINED,LOSSLESS_DNA_AES_GCM,5,payload_bytes_total,50,1356080.0,1356080.0,0.0,0.0,1356080.0
CONSTRAINED,LOSSLESS_DNA_AES_GCM,5,client_peak_alloc_bytes,50,3573381.96,3573357.0,176.49385258416228,0.0,3573357.0
CONSTRAINED,LOSSLESS_DNA_AES_GCM,5,server_peak_alloc_bytes,50,2080683.84,2080635.0,340.0518183801896,0.0,2080635.0
CONSTRAINED,LOSSLESS_DNA_AES_GCM,10,client_encode_serialize_seconds_max,50,0.2159772433200007,0.2139529380000056,0.006108934626039958,0.006620916250035691,0.2283924419999991
CONSTRAINED,LOSSLESS_DNA_AES_GCM,10,client_encode_serialize_seconds_total,50,2.1088332217400083,2.1034732720000164,0.02384483651755646,0.02503411425002966,2.1548490396999953
CONSTRAINED,LOSSLESS_DNA_AES_GCM,10,server_decode_aggregate_seconds,50,0.8599544766799977,0.8561281249999979,0.01100965442766712,0.012990385000023252,0.8786622707999896
CONSTRAINED,LOSSLESS_DNA_AES_GCM,10,transfer_seconds,50,5.995890116900007,5.989131979999954,0.09778801553747626,0.1617677300000544,6.149138930250065
CONSTRAINED,LOSSLESS_DNA_AES_GCM,10,modeled_transfer_seconds,50,5.914741760000001,5.904576,0.09788135826371332,0.16094719999999985,6.0674816
CONSTRAINED,LOSSLESS_DNA_AES_GCM,10,end_to_end_seconds,50,9.015717640040002,9.004446229500033,0.09793443768986793,0.14290994800003176,9.161859396200002
CONSTRAINED,LOSSLESS_DNA_AES_GCM,10,payload_bytes_total,50,2712160.0,2712160.0,0.0,0.0,2712160.0
CONSTRAINED,LOSSLESS_DNA_AES_GCM,10,client_peak_alloc_bytes,50,4931010.0,4931010.0,0.0,0.0,4931010.0
CONSTRAINED,LOSSLESS_DNA_AES_GCM,10,server_peak_alloc_bytes,50,2362751.0,2362751.0,0.0,0.0,2362751.0
CONSTRAINED,RAW_FLOAT32,3,client_encode_serialize_seconds_max,50,0.00023837413999991953,0.0002375209999989636,2.0273627860633026e-05,3.040650000074585e-05,0.0002720476999975574
CONSTRAINED,RAW_FLOAT32,3,client_encode_serialize_seconds_total,50,0.0005531257399995226,0.0005528545000004215,4.6850012059334014e-05,6.575075000014863e-05,0.0006260237000018876
CONSTRAINED,RAW_FLOAT32,3,server_decode_aggregate_seconds,50,0.0012017215999997788,0.0011868955000000625,0.0002235478866424634,0.0002823754999994321,0.001581568600000871
CONSTRAINED,RAW_FLOAT32,3,transfer_seconds,50,0.5976864074400001,0.5945872494999991,0.06926750303491716,0.1508755092499996,0.6863896959500034
CONSTRAINED,RAW_FLOAT32,3,modeled_transfer_seconds,50,0.5742898560000002,0.5689184,0.06953262762212871,0.16384000000000004,0.6557344
CONSTRAINED,RAW_FLOAT32,3,end_to_end_seconds,50,0.63744026834,0.6387659790000004,0.06907083250311317,0.13270884375000147,0.7302881021499955
CONSTRAINED,RAW_FLOAT32,3,payload_bytes_total,50,154374.0,154374.0,0.0,0.0,154374.0
CONSTRAINED,RAW_FLOAT32,3,client_peak_alloc_bytes,50,265766.0,265766.0,0.0,0.0,265766.0
CONSTRAINED,RAW_FLOAT32,3,server_peak_alloc_bytes,50,346478.0,346478.0,0.0,0.0,346478.0
CONSTRAINED,RAW_FLOAT32,5,client_encode_serialize_seconds_max,50,0.00023265171999984347,0.0002298960000004513,2.683013226221156e-05,4.396849999732666e-05,0.0002723600499983547
CONSTRAINED,RAW_FLOAT32,5,client_encode_serialize_seconds_total,50,0.0008160500599989007,0.000822395499996631,7.610825974616321e-05,0.00011539650000003121,0.0009316747000010394
CONSTRAINED,RAW_FLOAT32,5,server_decode_aggregate_seconds,50,0.0015975133800000306,0.0015921875000017849,0.00027511092852916535,0.0003786775000005349,0.002024162200001367
CONSTRAINED,RAW_FLOAT32,5,transfer_seconds,50,0.9928365207599985,1.0011156460000024,0.09976853667178348,0.16503593725000343,1.1476333191499972
CONSTRAINED,RAW_FLOAT32,5,modeled_transfer_seconds,50,0.9550359679999998,0.9753903999999999,0.09835594208478245,0.16383999999999999,1.1050719999999996
CONSTRAINED,RAW_FLOAT32,5,end_to_end_seconds,50,1.0346739051000007,1.0468363965000016,0.10142142400237326,0.1674327597499996,1.1904649934500005
CONSTRAINED,RAW_FLOAT32,5,payload_bytes_total,50,257290.0,257290.0,0.0,0.0,257290.0
CONSTRAINED,RAW_FLOAT32,5,client_peak_alloc_bytes,50,370316.0,370316.0,0.0,0.0,370316.0
CONSTRAINED,RAW_FLOAT32,5,server_peak_alloc_bytes,50,524042.0,524042.0,0.0,0.0,524042.0
CONSTRAINED,RAW_FLOAT32,10,client_encode_serialize_seconds_max,50,0.00023761669999977642,0.00023902099999162374,2.5492308988933607e-05,4.295750001048759e-05,0.00027526440000329443
CONSTRAINED,RAW_FLOAT32,10,client_encode_serialize_seconds_total,50,0.0015366540000009365,0.0015305814999919676,0.00013728660891058883,0.0002253967499692422,0.0017411954500047954
CONSTRAINED,RAW_FLOAT32,10,server_decode_aggregate_seconds,50,0.0025956174999996764,0.002629625000000857,0.0004007319194796431,0.000469354249997167,0.003179069050004912
CONSTRAINED,RAW_FLOAT32,10,transfer_seconds,50,1.9967544191199997,1.9587939585000242,0.12946283176520115,0.21315788449997441,2.236782169150001
CONSTRAINED,RAW_FLOAT32,10,modeled_transfer_seconds,50,1.9181103359999994,1.8729279999999997,0.12969973041356309,0.22234320000000007,2.1607679999999996
CONSTRAINED,RAW_FLOAT32,10,end_to_end_seconds,50,2.0480882591400014,2.0210115835000018,0.1300357377889128,0.21912011475001236,2.2851376750000005
CONSTRAINED,RAW_FLOAT32,10,payload_bytes_total,50,514580.0,514580.0,0.0,0.0,514580.0
CONSTRAINED,RAW_FLOAT32,10,client_peak_alloc_bytes,50,629235.0,629235.0,0.0,0.0,629235.0
CONSTRAINED,RAW_FLOAT32,10,server_peak_alloc_bytes,50,968272.0,968272.0,0.0,0.0,968272.0
LAN,DNA_TRANSFORM_TRANSPORT,3,client_encode_serialize_seconds_max,50,0.2462432815999995,0.24557460399999798,0.005062632147686992,0.007244208749999093,0.2543193560999999
LAN,DNA_TRANSFORM_TRANSPORT,3,client_encode_serialize_seconds_total,50,0.73086131498,0.728722437999993,0.010164470840332588,0.018094863749995582,0.747280028650002
LAN,DNA_TRANSFORM_TRANSPORT,3,server_decode_aggregate_seconds,50,0.0009093299999999616,0.0009115000000017304,3.936261863219616e-05,4.384275000290927e-05,0.0009605624999994511
LAN,DNA_TRANSFORM_TRANSPORT,3,transfer_seconds,50,0.037709629180000516,0.03843239600000281,0.002668173296150443,0.0038546137499992916,0.040869076450004725
LAN,DNA_TRANSFORM_TRANSPORT,3,modeled_transfer_seconds,50,0.02734992,0.02734992,0.0,0.0,0.02734992
LAN,DNA_TRANSFORM_TRANSPORT,3,end_to_end_seconds,50,0.7876453257200001,0.7856479580000002,0.010698127204299537,0.01906098025000169,0.8045958268999992
LAN,DNA_TRANSFORM_TRANSPORT,3,payload_bytes_total,50,154374.0,154374.0,0.0,0.0,154374.0
LAN,DNA_TRANSFORM_TRANSPORT,3,client_peak_alloc_bytes,50,431567.62,431526.0,294.2978423298411,0.0,431526.0
LAN,DNA_TRANSFORM_TRANSPORT,3,server_peak_alloc_bytes,50,346728.58,346702.0,187.94898243938428,0.0,346702.0
LAN,DNA_TRANSFORM_TRANSPORT,5,client_encode_serialize_seconds_max,50,0.24476113077999948,0.24230322900000267,0.006706153284551687,0.0024496875000008522,0.25950888140000145
LAN,DNA_TRANSFORM_TRANSPORT,5,client_encode_serialize_seconds_total,50,1.206219375900002,1.2007759995000047,0.015368115877865528,0.009111511250031512,1.230034871649997
LAN,DNA_TRANSFORM_TRANSPORT,5,server_decode_aggregate_seconds,50,0.0012939425400012184,0.001297104000006044,7.151922509909167e-05,8.800049999635462e-05,0.0014029330000006723
LAN,DNA_TRANSFORM_TRANSPORT,5,transfer_seconds,50,0.05992147488000096,0.0607574165000031,0.004758612760998845,0.006782114000007056,0.06738370415000068
LAN,DNA_TRANSFORM_TRANSPORT,5,modeled_transfer_seconds,50,0.04558319999999999,0.045583200000000004,1.401868266681942e-17,0.0,0.045583200000000004
LAN,DNA_TRANSFORM_TRANSPORT,5,end_to_end_seconds,50,1.2868551466399993,1.2835041669999967,0.01704464698546794,0.0173536977499964,1.3082527706499996
LAN,DNA_TRANSFORM_TRANSPORT,5,payload_bytes_total,50,257290.0,257290.0,0.0,0.0,257290.0
LAN,DNA_TRANSFORM_TRANSPORT,5,client_peak_alloc_bytes,50,646232.2,646164.0,345.9456132789355,0.0,646164.0
LAN,DNA_TRANSFORM_TRANSPORT,5,server_peak_alloc_bytes,50,524266.0,524266.0,0.0,0.0,524266.0
LAN,DNA_TRANSFORM_TRANSPORT,10,client_encode_serialize_seconds_max,50,0.25035168249999984,0.249289291500002,0.008226481687420007,0.010713594000002047,0.2670023543500051
LAN,DNA_TRANSFORM_TRANSPORT,10,client_encode_serialize_seconds_total,50,2.4285529687799996,2.428589917499984,0.038955108680173794,0.048577792999981995,2.495544885050035
LAN,DNA_TRANSFORM_TRANSPORT,10,server_decode_aggregate_seconds,50,0.0023324133999998507,0.0023272500000039997,0.0002454296871478252,0.00020060450000691787,0.002803179349994167
LAN,DNA_TRANSFORM_TRANSPORT,10,transfer_seconds,50,0.12130500824000101,0.12126191599999103,0.007261075997488676,0.009921831750014931,0.13126723299999837
LAN,DNA_TRANSFORM_TRANSPORT,10,modeled_transfer_seconds,50,0.09116639999999998,0.0911664,1.401868266681942e-17,0.0,0.0911664
LAN,DNA_TRANSFORM_TRANSPORT,10,end_to_end_seconds,50,2.5807070183600014,2.582732791500007,0.041912264750278316,0.05190582300000024,2.6481171936000023
LAN,DNA_TRANSFORM_TRANSPORT,10,payload_bytes_total,50,514580.0,514580.0,0.0,0.0,514580.0
LAN,DNA_TRANSFORM_TRANSPORT,10,client_peak_alloc_bytes,50,1180306.06,1180303.0,21.637467504308354,0.0,1180303.0
LAN,DNA_TRANSFORM_TRANSPORT,10,server_peak_alloc_bytes,50,968496.0,968496.0,0.0,0.0,968496.0
LAN,LOSSLESS_DNA_AES_GCM,3,client_encode_serialize_seconds_max,50,0.2141209416600002,0.21284333350000129,0.004416034994323796,0.0020624895000000976,0.2236160000000007
LAN,LOSSLESS_DNA_AES_GCM,3,client_encode_serialize_seconds_total,50,0.6357016475200002,0.6339113124999951,0.006545041098335516,0.004394644750002286,0.6497152856000005
LAN,LOSSLESS_DNA_AES_GCM,3,server_decode_aggregate_seconds,50,0.2645321132999999,0.2640157504999987,0.003780051960268767,0.0017113650000055713,0.27251503384999853
LAN,LOSSLESS_DNA_AES_GCM,3,transfer_seconds,50,0.09804484497999934,0.09821014599999867,0.005718781309738881,0.00824387600000076,0.10799280859999784
LAN,LOSSLESS_DNA_AES_GCM,3,modeled_transfer_seconds,50,0.08009184000000001,0.08009184,1.401868266681942e-17,0.0,0.08009184
LAN,LOSSLESS_DNA_AES_GCM,3,end_to_end_seconds,50,1.0215180150199996,1.0201015000000027,0.009160774375806348,0.013540020500003358,1.0342079685999992
LAN,LOSSLESS_DNA_AES_GCM,3,payload_bytes_total,50,813648.0,813648.0,0.0,0.0,813648.0
LAN,LOSSLESS_DNA_AES_GCM,3,client_peak_alloc_bytes,50,3029379.32,3029291.0,478.17055449250887,0.0,3029291.0
LAN,LOSSLESS_DNA_AES_GCM,3,server_peak_alloc_bytes,50,1967898.9,1967827.0,374.0654340881977,0.0,1967847.35
LAN,LOSSLESS_DNA_AES_GCM,5,client_encode_serialize_seconds_max,50,0.21385294751999973,0.21270612499999686,0.004536498388338826,0.0041560112500018676,0.22488751059999998
LAN,LOSSLESS_DNA_AES_GCM,5,client_encode_serialize_seconds_total,50,1.0539041167000025,1.0472640834999982,0.012628279671233205,0.015489342749990698,1.0812535148499969
LAN,LOSSLESS_DNA_AES_GCM,5,server_decode_aggregate_seconds,50,0.4417291191800005,0.439761416500005,0.006196146196029598,0.006524343750001549,0.45429974564999664
LAN,LOSSLESS_DNA_AES_GCM,5,transfer_seconds,50,0.16096510083999924,0.16060772949998636,0.008863505532150191,0.013704926750003565,0.1772040939999929
LAN,LOSSLESS_DNA_AES_GCM,5,modeled_transfer_seconds,50,0.1334864,0.1334864,0.0,0.0,0.1334864
LAN,LOSSLESS_DNA_AES_GCM,5,end_to_end_seconds,50,1.6890723533600007,1.6853665000000007,0.020186849677239112,0.021718791750002353,1.7282170975499997
LAN,LOSSLESS_DNA_AES_GCM,5,payload_bytes_total,50,1356080.0,1356080.0,0.0,0.0,1356080.0
LAN,LOSSLESS_DNA_AES_GCM,5,client_peak_alloc_bytes,50,3573381.96,3573357.0,176.49385258416228,0.0,3573357.0
LAN,LOSSLESS_DNA_AES_GCM,5,server_peak_alloc_bytes,50,2080683.84,2080635.0,340.0518183801896,0.0,2080635.0
LAN,LOSSLESS_DNA_AES_GCM,10,client_encode_serialize_seconds_max,50,0.21485488246000145,0.21164447850000556,0.012379705218345659,0.003871438000006222,0.22723040350000404
LAN,LOSSLESS_DNA_AES_GCM,10,client_encode_serialize_seconds_total,50,2.0922342466200003,2.081978959000004,0.023226777706893815,0.02502179100001456,2.125016755200007
LAN,LOSSLESS_DNA_AES_GCM,10,server_decode_aggregate_seconds,50,0.8582808050199988,0.8552709579999949,0.009625769120084756,0.00709096849999824,0.8780046626500024
LAN,LOSSLESS_DNA_AES_GCM,10,transfer_seconds,50,0.33477609845999995,0.3346942279999894,0.011539214405031927,0.014199946999951862,0.35192207849998847
LAN,LOSSLESS_DNA_AES_GCM,10,modeled_transfer_seconds,50,0.26697279999999995,0.26697279999999995,0.0,0.0,0.26697279999999995
LAN,LOSSLESS_DNA_AES_GCM,10,end_to_end_seconds,50,3.32981886506,3.324781104500005,0.03254731013127075,0.03704510425001928,3.367808966849995
LAN,LOSSLESS_DNA_AES_GCM,10,payload_bytes_total,50,2712160.0,2712160.0,0.0,0.0,2712160.0
LAN,LOSSLESS_DNA_AES_GCM,10,client_peak_alloc_bytes,50,4931010.0,4931010.0,0.0,0.0,4931010.0
LAN,LOSSLESS_DNA_AES_GCM,10,server_peak_alloc_bytes,50,2362751.0,2362751.0,0.0,0.0,2362751.0
LAN,RAW_FLOAT32,3,client_encode_serialize_seconds_max,50,0.00020680838000000534,0.0002055625000003669,1.613483118924309e-05,1.9760000000146327e-05,0.00023337049999971882
LAN,RAW_FLOAT32,3,client_encode_serialize_seconds_total,50,0.00048020665999994885,0.00047908349999969957,2.3560146419039123e-05,2.0207499999980172e-05,0.000517120799999815
LAN,RAW_FLOAT32,3,server_decode_aggregate_seconds,50,0.0009106349599999497,0.0009114789999997708,5.0018503876063786e-05,3.750025000015533e-05,0.0009633249999999038
LAN,RAW_FLOAT32,3,transfer_seconds,50,0.037267816019999976,0.0378986659999998,0.0028547208050943504,0.003270989499999599,0.040858156649999755
LAN,RAW_FLOAT32,3,modeled_transfer_seconds,50,0.02734992,0.02734992,0.0,0.0,0.02734992
LAN,RAW_FLOAT32,3,end_to_end_seconds,50,0.056556804279999956,0.0568084794999999,0.003163908087629546,0.004500072999999993,0.06116572894999996
LAN,RAW_FLOAT32,3,payload_bytes_total,50,154374.0,154374.0,0.0,0.0,154374.0
LAN,RAW_FLOAT32,3,client_peak_alloc_bytes,50,265766.0,265766.0,0.0,0.0,265766.0
LAN,RAW_FLOAT32,3,server_peak_alloc_bytes,50,346478.0,346478.0,0.0,0.0,346478.0
LAN,RAW_FLOAT32,5,client_encode_serialize_seconds_max,50,0.000201505020000039,0.00020258299999997842,1.206076531989787e-05,1.6198999999494923e-05,0.00022204840000012991
LAN,RAW_FLOAT32,5,client_encode_serialize_seconds_total,50,0.0007311899200001371,0.0007280419999997623,3.307398766130674e-05,3.05212500002483e-05,0.000773474450000089
LAN,RAW_FLOAT32,5,server_decode_aggregate_seconds,50,0.0012779016000000131,0.0013073960000002938,9.539251144422184e-05,0.0001643429999999002,0.001401399999999553
LAN,RAW_FLOAT32,5,transfer_seconds,50,0.06219556569999993,0.06233908299999946,0.0038997446426950826,0.005406396250000944,0.06812299215000048
LAN,RAW_FLOAT32,5,modeled_transfer_seconds,50,0.04558319999999999,0.045583200000000004,1.401868266681942e-17,0.0,0.045583200000000004
LAN,RAW_FLOAT32,5,end_to_end_seconds,50,0.08304361328000004,0.08361616700000019,0.004372350250746639,0.006340573499999835,0.08899063940000025
LAN,RAW_FLOAT32,5,payload_bytes_total,50,257290.0,257290.0,0.0,0.0,257290.0
LAN,RAW_FLOAT32,5,client_peak_alloc_bytes,50,370316.0,370316.0,0.0,0.0,370316.0
LAN,RAW_FLOAT32,5,server_peak_alloc_bytes,50,524042.0,524042.0,0.0,0.0,524042.0
LAN,RAW_FLOAT32,10,client_encode_serialize_seconds_max,50,0.00021956173999991611,0.00021625000000025096,2.5777940667461145e-05,1.9145250000351943e-05,0.00025284389999975505
LAN,RAW_FLOAT32,10,client_encode_serialize_seconds_total,50,0.0014556567199998226,0.0014342499999964176,9.291608001227498e-05,0.0001259072499952829,0.0016143570999985312
LAN,RAW_FLOAT32,10,server_decode_aggregate_seconds,50,0.002279104999999948,0.0022374999999996703,0.00036355647290178686,0.0005534792499994889,0.0029289607499999536
LAN,RAW_FLOAT32,10,transfer_seconds,50,0.12397645194000041,0.1236561665,0.006101576345306255,0.009201833000003878,0.13366056904999973
LAN,RAW_FLOAT32,10,modeled_transfer_seconds,50,0.09116639999999998,0.0911664,1.401868266681942e-17,0.0,0.0911664
LAN,RAW_FLOAT32,10,end_to_end_seconds,50,0.15312408670000002,0.15440389650000075,0.008601729119435684,0.011850062250000848,0.16514892910000042
LAN,RAW_FLOAT32,10,payload_bytes_total,50,514580.0,514580.0,0.0,0.0,514580.0
LAN,RAW_FLOAT32,10,client_peak_alloc_bytes,50,629235.0,629235.0,0.0,0.0,629235.0
LAN,RAW_FLOAT32,10,server_peak_alloc_bytes,50,968272.0,968272.0,0.0,0.0,968272.0
