stage,group,adult_indices,runtime_seconds,attack_accuracy_percent,mean_mode_accuracy_percent,empirical_single_accuracy_percent,empirical_marginal_mean_accuracy_percent,empirical_marginal_sd_accuracy_percent,win_vs_mean_mode,win_vs_empirical_marginal_mean,tie_vs_mean_mode,tie_vs_empirical_marginal_mean
n24,0,15596 14253 13038 13921 8283 22372 21824 17115,70.56177925004158,99.10714285714286,54.46428571428572,60.71428571428572,55.65476190476191,2.7277236279499055,1,1,0,0
n24,1,3560 19861 16428 20756 9720 3625 18002 26185,70.01135662500747,98.21428571428571,62.5,63.39285714285714,58.69047619047618,3.315435470973043,1,1,0,0
n24,2,3852 9250 187 15660 10685 16226 23654 22244,70.40958495798986,90.17857142857143,58.03571428571429,52.67857142857143,57.261904761904766,3.238256721077277,1,1,0,0
n24,3,1657 21712 13847 27555 15146 25384 5005 13901,70.07667683402542,100.0,53.57142857142857,52.67857142857143,53.988095238095234,2.5763898043802445,1,1,0,0
n24,4,60 12185 865 20695 12515 28936 14362 25472,70.01028908300214,98.21428571428571,55.35714285714286,50.89285714285714,55.297619047619044,2.620819672194891,1,1,0,0
n24,5,6209 6843 12142 20169 4533 25324 9932 28363,70.0354965000879,98.21428571428571,53.57142857142857,58.03571428571429,56.22023809523809,2.1295168358158123,1,1,0,0
n24,6,21076 3212 6267 13293 20939 18473 28920 24606,70.18770158302505,100.0,60.71428571428572,58.92857142857143,55.982142857142854,3.5339007390555737,1,1,0,0
n24,7,17874 2554 14172 18047 24119 1382 16480 12206,70.1655314170057,100.0,63.39285714285714,55.35714285714286,55.05952380952381,2.539853579352713,1,1,0,0
n24,8,13750 12735 21437 12056 30084 19932 22605 19006,70.52329020795878,73.21428571428572,58.92857142857143,56.25,57.64880952380952,2.7909840791296943,1,1,0,0
n24,9,25010 22998 8355 20040 13252 23588 521 27903,69.97948379197624,100.0,59.82142857142857,57.14285714285714,55.02976190476191,2.818427401345462,1,1,0,0
n24,10,12011 12408 21753 12411 9837 27782 15787 6463,70.3291854999261,100.0,51.78571428571429,55.35714285714286,54.791666666666664,2.362084001058252,1,1,0,0
n24,11,15379 29957 25521 15177 23409 26593 17239 28785,70.28389095899183,99.10714285714286,50.0,52.67857142857143,53.18452380952382,2.3292702594065497,1,1,0,0
n24,12,24602 2124 23252 23620 12489 26646 1659 9461,70.20279420900624,95.53571428571429,53.57142857142857,58.03571428571428,57.976190476190474,2.367315215112574,1,1,0,0
n24,13,16892 6208 25716 22630 7410 13022 10976 13440,70.26754341705237,79.46428571428572,57.14285714285714,51.78571428571428,55.74404761904761,2.680452267953824,1,1,0,0
n24,14,28721 17182 14166 11902 20290 14710 8824 8757,70.01440095808357,91.07142857142857,52.678571428571416,53.571428571428584,53.98809523809525,2.2701000958606126,1,1,0,0
n24,15,21835 9838 25892 15255 6727 14547 10051 6898,70.3817229999695,99.10714285714286,58.03571428571428,53.571428571428584,54.28571428571429,2.9323536792020204,1,1,0,0
n24,16,1038 21276 4537 27990 3528 8383 25186 6173,70.20041687495541,94.64285714285714,60.71428571428572,53.57142857142857,57.91666666666666,3.2636242516446403,1,1,0,0
n24,17,7382 25083 19952 15494 20427 9350 15758 19054,70.27984587510582,96.42857142857143,52.67857142857143,50.89285714285714,52.61904761904762,2.135317881176273,1,1,0,0
n24,18,29733 174 18340 19837 2348 6319 7493 1384,70.29007145902142,100.0,52.67857142857143,53.57142857142857,56.81547619047619,2.7493055122896335,1,1,0,0
n24,19,14929 13091 7402 29774 5151 22264 9216 25309,70.36359349999111,95.53571428571429,58.92857142857143,63.39285714285714,58.095238095238095,3.437556644448315,1,1,0,0
n24,20,27708 16686 23471 16667 5951 7599 29914 13125,70.13804337498732,97.32142857142857,55.35714285714286,52.67857142857143,54.434523809523824,2.8281640519534763,1,1,0,0
n24,21,16233 20731 6195 7901 26194 22182 12708 10463,70.03016583295539,100.0,52.67857142857143,50.89285714285714,53.86904761904761,2.572118362142707,1,1,0,0
n24,22,14798 21391 18442 114 28527 26151 5016 13378,70.15057370800059,90.17857142857143,57.14285714285714,52.67857142857143,50.952380952380956,2.6312876395922,1,1,0,0
n24,23,3667 22763 21722 10123 666 29178 14146 8716,70.20846766699106,93.75,58.03571428571428,57.14285714285714,57.32142857142858,2.2293701991526236,1,1,0,0
