attack_applicability,mean_best_attack_loss,mean_cosine_similarity,mean_feature_mse,mean_mse,mean_pearson_correlation,mean_psnr,mean_sign_match_ratio,mean_ssim,method,note,samples,std_best_attack_loss,std_cosine_similarity,std_feature_mse,std_mse,std_pearson_correlation,std_psnr,std_sign_match_ratio,std_ssim,threat_model
direct_server_side,0.000778589048422873,0.31229808654748925,59.22940444946289,59.22940444946289,0.2324712171324026,12.440686925162641,0.6923076923076923,0.0433435338282621,FL_Baseline,,1,0.0,0.0,0.0,0.0,0.0,0.0,0.0,0.0,raw_visible_update
direct_server_side,0.000778589048422873,0.31229808654748925,59.22940444946289,59.22940444946289,0.2324712171324026,12.440686925162641,0.6923076923076923,0.0433435338282621,FL_DNA,,1,0.0,0.0,0.0,0.0,0.0,0.0,0.0,0.0,raw_visible_update
direct_server_side,0.2212030589580536,0.24535610725973606,59.80801773071289,59.80801773071289,0.13990739151817733,12.400450769087364,0.6923076923076923,0.03554825741665748,FL_DP,,1,0.0,0.0,0.0,0.0,0.0,0.0,0.0,0.0,raw_visible_update
direct_server_side,0.0007374942069873214,0.3130439520336601,59.23236083984375,59.23236083984375,0.23155458037788304,12.4404638637141,0.6923076923076923,0.043145993446244334,FL_DNA_TransformDefense,,1,0.0,0.0,0.0,0.0,0.0,0.0,0.0,0.0,raw_visible_update
not_directly_applicable,,,,,,,,,FL_SecureAgg,Server observes only aggregated masked update under the true SecureAgg threat model.,1,,,,,,,,,secure_aggregation_server_side
upper_bound_if_raw_client_update_leaks,0.0007668504840694368,-0.07982318465434997,64.4786376953125,64.4786376953125,-0.010770270513331912,12.091195321709634,0.46153846153846156,0.00437340957860399,FL_PreAggregationLeakage,,1,0.0,0.0,0.0,0.0,0.0,0.0,0.0,0.0,analysis_only_pre_aggregation_leakage
not_directly_applicable,,,,,,,,,FL_DNA_SecureAgg,Server observes only aggregated masked update under the true SecureAgg threat model.,1,,,,,,,,,secure_aggregation_server_side
upper_bound_if_raw_client_update_leaks,0.0007668504840694368,-0.07982318465434997,64.4786376953125,64.4786376953125,-0.010770270513331912,12.091195321709634,0.46153846153846156,0.00437340957860399,FL_DNA_PreAggregationLeakage,,1,0.0,0.0,0.0,0.0,0.0,0.0,0.0,0.0,analysis_only_pre_aggregation_leakage
not_directly_applicable,,,,,,,,,FL_DNA_TransformDefense_SecureAgg,Server observes only aggregated masked update under the true SecureAgg threat model.,1,,,,,,,,,secure_aggregation_server_side
upper_bound_if_raw_client_update_leaks,0.0007260172278620303,-0.08144002649947388,64.45809936523438,64.45809936523438,-0.013046822962921848,12.090188598753432,0.46153846153846156,0.004372009107155685,FL_DNA_TransformDefense_PreAggregationLeakage,,1,0.0,0.0,0.0,0.0,0.0,0.0,0.0,0.0,analysis_only_pre_aggregation_leakage
