method,n,validation_mean,validation_sd,delta_mean,delta_sd,test_mean,test_sd
baseline,16,0.4593333333333333,0.009201449161228175,0.0,0.0,0.467375,0.009035448706806615
dna_v1_conservative,16,0.45335416666666667,0.010063111035047954,-0.005979166666666678,0.004843428155376765,0.46485625,0.007702464432461434
dna_v2_0p95,16,0.4585208333333333,0.009181276236631451,-0.0008125000000000111,0.004541118723316893,0.46611875,0.007100161383142402
dp_0.0001,16,0.4589791666666667,0.009881122106019852,-0.00035416666666667623,0.0019263042719539869,0.4668625,0.008231474149061438
dp_0.0003,16,0.4586041666666667,0.010968114561629867,-0.0007291666666666766,0.005149928082921089,0.46654999999999996,0.007889317672228264
dp_0.001,16,0.4524166666666667,0.012369915715752265,-0.006916666666666672,0.009274816560030834,0.461225,0.006557591021099132
dp_0.003,16,0.40922916666666664,0.009495198591724993,-0.050104166666666686,0.01234427067584467,0.42010000000000003,0.007222188034107117
dp_0.01,16,0.24783333333333335,0.01722745440235397,-0.21150000000000002,0.020197909682824988,0.25210625,0.015521875692067628
dp_0.03,16,0.1008125,0.0053734170795789815,-0.35852083333333334,0.010642311604923817,0.10123125000000001,0.00416600828131678
dp_0.1,16,0.10072916666666668,0.002675592700000564,-0.35860416666666667,0.010143575781233647,0.099325,0.0020993649833540955
dp_0.3,16,0.10054166666666667,0.0072499042139266305,-0.3587916666666667,0.01291102027124288,0.100925,0.006230837289910026
