attack_applicability,dna_keep,dna_mix,dna_shrink,dp_noise_multiplier,dp_noise_preset,mean_best_attack_loss,mean_cosine_similarity,mean_feature_mse,mean_mse,mean_pearson_correlation,mean_psnr,mean_sign_match_ratio,mean_ssim,method,note,round_group,sample_count,samples,std_best_attack_loss,std_cosine_similarity,std_feature_mse,std_mse,std_pearson_correlation,std_psnr,std_sign_match_ratio,std_ssim,strength,sweep,threat_model,warmup_round
direct_server_side,0.90,0.05,0.50,0.0001,utility,0.0011764561320887878,0.579119299352169,6305.860457368195,6305.860457368195,0.64174183011055,15.350380604367142,0.5692307692307693,0.3474066673262698,FL_Baseline,,warmup_3,10,10,0.0008042376683146955,0.26665872725187856,17865.092689017576,17865.092689017576,0.22447403057300677,4.278457571589659,0.17608497141937843,0.38742491458489325,current,dp_noise,raw_visible_update,3
direct_server_side,0.90,0.05,0.50,0.0001,utility,0.0011764561320887878,0.579119299352169,6305.860457368195,6305.860457368195,0.64174183011055,15.350380604367142,0.5692307692307693,0.3474066673262698,FL_DNA,,warmup_3,10,10,0.0008042376683146955,0.26665872725187856,17865.092689017576,17865.092689017576,0.22447403057300677,4.278457571589659,0.17608497141937843,0.38742491458489325,current,dp_noise,raw_visible_update,3
direct_server_side,0.90,0.05,0.50,0.0001,utility,0.0011989542894298212,0.6035789623856544,6305.530071206391,6305.530071206391,0.6654586046934128,15.648427216081947,0.5846153846153846,0.36757813451496074,FL_DP,,warmup_3,10,10,0.0008359303817032112,0.287490730241362,17864.103721096842,17864.103721096842,0.24113098240114247,4.410278285258437,0.19821690348807885,0.4050933601265022,current,dp_noise,raw_visible_update,3
direct_server_side,0.90,0.05,0.50,0.0001,utility,0.0011840094171930104,0.5645717725157737,6305.88378367722,6305.88378367722,0.6301238656044006,14.958933817373568,0.5461538461538462,0.33530846874745157,FL_DNA_TransformDefense,,warmup_3,10,10,0.000796138824661341,0.2587060944235071,17865.08439743363,17865.08439743363,0.2179047411749114,3.6418472723985142,0.1735463718873612,0.3739244240105867,current,dp_noise,raw_visible_update,3
not_directly_applicable,0.90,0.05,0.50,0.0001,utility,,,,,,,,,FL_SecureAgg,Server observes only aggregated masked update under the true SecureAgg threat model.,warmup_3,10,10,,,,,,,,,current,dp_noise,secure_aggregation_server_side,3
upper_bound_if_raw_client_update_leaks,0.90,0.05,0.50,0.0001,utility,0.0012235570611665025,0.594226123392582,6323.553757492453,6323.553757492453,0.663457202911377,15.83280849193151,0.5230769230769232,0.37021791593695186,FL_PreAggregationLeakage,,warmup_3,10,10,0.0007605436359821209,0.3171803150349502,17918.38782891821,17918.38782891821,0.25727377777482713,4.472427049545928,0.136741452574086,0.4121802034203423,current,dp_noise,analysis_only_pre_aggregation_leakage,3
not_directly_applicable,0.90,0.05,0.50,0.0001,utility,,,,,,,,,FL_DNA_SecureAgg,Server observes only aggregated masked update under the true SecureAgg threat model.,warmup_3,10,10,,,,,,,,,current,dp_noise,secure_aggregation_server_side,3
upper_bound_if_raw_client_update_leaks,0.90,0.05,0.50,0.0001,utility,0.0012235570611665025,0.594226123392582,6323.553757492453,6323.553757492453,0.663457202911377,15.83280849193151,0.5230769230769232,0.37021791593695186,FL_DNA_PreAggregationLeakage,,warmup_3,10,10,0.0007605436359821209,0.3171803150349502,17918.38782891821,17918.38782891821,0.25727377777482713,4.472427049545928,0.136741452574086,0.4121802034203423,current,dp_noise,analysis_only_pre_aggregation_leakage,3
not_directly_applicable,0.90,0.05,0.50,0.0001,utility,,,,,,,,,FL_DNA_TransformDefense_SecureAgg,Server observes only aggregated masked update under the true SecureAgg threat model.,warmup_3,10,10,,,,,,,,,current,dp_noise,secure_aggregation_server_side,3
upper_bound_if_raw_client_update_leaks,0.90,0.05,0.50,0.0001,utility,0.0012171146605396642,0.5714544221758843,6323.591077733785,6323.591077733785,0.6396795094013215,15.35527435202502,0.5153846153846156,0.34340076886989657,FL_DNA_TransformDefense_PreAggregationLeakage,,warmup_3,10,10,0.00076510199818437,0.2993757161605217,17918.37457812169,17918.37457812169,0.2420687867737228,4.027362954816095,0.1378190220551455,0.38935455756245324,current,dp_noise,analysis_only_pre_aggregation_leakage,3
direct_server_side,0.90,0.05,0.50,0.0005,weak,0.0011764561320887878,0.579119299352169,6305.860457368195,6305.860457368195,0.64174183011055,15.350380604367142,0.5692307692307693,0.3474066673262698,FL_Baseline,,warmup_3,10,10,0.0008042376683146955,0.26665872725187856,17865.092689017576,17865.092689017576,0.22447403057300677,4.278457571589659,0.17608497141937843,0.38742491458489325,current,dp_noise,raw_visible_update,3
direct_server_side,0.90,0.05,0.50,0.0005,weak,0.0011764561320887878,0.579119299352169,6305.860457368195,6305.860457368195,0.64174183011055,15.350380604367142,0.5692307692307693,0.3474066673262698,FL_DNA,,warmup_3,10,10,0.0008042376683146955,0.26665872725187856,17865.092689017576,17865.092689017576,0.22447403057300677,4.278457571589659,0.17608497141937843,0.38742491458489325,current,dp_noise,raw_visible_update,3
direct_server_side,0.90,0.05,0.50,0.0005,weak,0.003403266612440348,0.5769902303814888,6304.403475660086,6304.403475660086,0.6349317967891693,15.431437642073124,0.5153846153846154,0.3471882451754563,FL_DP,,warmup_3,10,10,0.0008055555957740896,0.2707621661295519,17860.072169908475,17860.072169908475,0.2274634471657028,4.373602031354002,0.12427303401079624,0.38932215987573765,current,dp_noise,raw_visible_update,3
direct_server_side,0.90,0.05,0.50,0.0005,weak,0.0011840094171930104,0.5645717725157737,6305.88378367722,6305.88378367722,0.6301238656044006,14.958933817373568,0.5461538461538462,0.33530846874745157,FL_DNA_TransformDefense,,warmup_3,10,10,0.000796138824661341,0.2587060944235071,17865.08439743363,17865.08439743363,0.2179047411749114,3.6418472723985142,0.1735463718873612,0.3739244240105867,current,dp_noise,raw_visible_update,3
not_directly_applicable,0.90,0.05,0.50,0.0005,weak,,,,,,,,,FL_SecureAgg,Server observes only aggregated masked update under the true SecureAgg threat model.,warmup_3,10,10,,,,,,,,,current,dp_noise,secure_aggregation_server_side,3
upper_bound_if_raw_client_update_leaks,0.90,0.05,0.50,0.0005,weak,0.0012235570611665025,0.594226123392582,6323.553757492453,6323.553757492453,0.663457202911377,15.83280849193151,0.5230769230769232,0.37021791593695186,FL_PreAggregationLeakage,,warmup_3,10,10,0.0007605436359821209,0.3171803150349502,17918.38782891821,17918.38782891821,0.25727377777482713,4.472427049545928,0.136741452574086,0.4121802034203423,current,dp_noise,analysis_only_pre_aggregation_leakage,3
not_directly_applicable,0.90,0.05,0.50,0.0005,weak,,,,,,,,,FL_DNA_SecureAgg,Server observes only aggregated masked update under the true SecureAgg threat model.,warmup_3,10,10,,,,,,,,,current,dp_noise,secure_aggregation_server_side,3
upper_bound_if_raw_client_update_leaks,0.90,0.05,0.50,0.0005,weak,0.0012235570611665025,0.594226123392582,6323.553757492453,6323.553757492453,0.663457202911377,15.83280849193151,0.5230769230769232,0.37021791593695186,FL_DNA_PreAggregationLeakage,,warmup_3,10,10,0.0007605436359821209,0.3171803150349502,17918.38782891821,17918.38782891821,0.25727377777482713,4.472427049545928,0.136741452574086,0.4121802034203423,current,dp_noise,analysis_only_pre_aggregation_leakage,3
not_directly_applicable,0.90,0.05,0.50,0.0005,weak,,,,,,,,,FL_DNA_TransformDefense_SecureAgg,Server observes only aggregated masked update under the true SecureAgg threat model.,warmup_3,10,10,,,,,,,,,current,dp_noise,secure_aggregation_server_side,3
upper_bound_if_raw_client_update_leaks,0.90,0.05,0.50,0.0005,weak,0.0012171146605396642,0.5714544221758843,6323.591077733785,6323.591077733785,0.6396795094013215,15.35527435202502,0.5153846153846156,0.34340076886989657,FL_DNA_TransformDefense_PreAggregationLeakage,,warmup_3,10,10,0.00076510199818437,0.2993757161605217,17918.37457812169,17918.37457812169,0.2420687867737228,4.027362954816095,0.1378190220551455,0.38935455756245324,current,dp_noise,analysis_only_pre_aggregation_leakage,3
direct_server_side,0.90,0.05,0.50,0.001,mild,0.0011764561320887878,0.579119299352169,6305.860457368195,6305.860457368195,0.64174183011055,15.350380604367142,0.5692307692307693,0.3474066673262698,FL_Baseline,,warmup_3,10,10,0.0008042376683146955,0.26665872725187856,17865.092689017576,17865.092689017576,0.22447403057300677,4.278457571589659,0.17608497141937843,0.38742491458489325,current,dp_noise,raw_visible_update,3
direct_server_side,0.90,0.05,0.50,0.001,mild,0.0011764561320887878,0.579119299352169,6305.860457368195,6305.860457368195,0.64174183011055,15.350380604367142,0.5692307692307693,0.3474066673262698,FL_DNA,,warmup_3,10,10,0.0008042376683146955,0.26665872725187856,17865.092689017576,17865.092689017576,0.22447403057300677,4.278457571589659,0.17608497141937843,0.38742491458489325,current,dp_noise,raw_visible_update,3
direct_server_side,0.90,0.05,0.50,0.001,mild,0.010495242848992347,0.5742696404457093,6302.900800473243,6302.900800473243,0.6249970704317093,15.390226953325827,0.49230769230769234,0.3506240948741798,FL_DP,,warmup_3,10,10,0.0009645204812734168,0.26662146682882765,17855.24723869778,17855.24723869778,0.22684981811270694,4.528446420054902,0.09850960365281307,0.3884686136549424,current,dp_noise,raw_visible_update,3
direct_server_side,0.90,0.05,0.50,0.001,mild,0.0011840094171930104,0.5645717725157737,6305.88378367722,6305.88378367722,0.6301238656044006,14.958933817373568,0.5461538461538462,0.33530846874745157,FL_DNA_TransformDefense,,warmup_3,10,10,0.000796138824661341,0.2587060944235071,17865.08439743363,17865.08439743363,0.2179047411749114,3.6418472723985142,0.1735463718873612,0.3739244240105867,current,dp_noise,raw_visible_update,3
not_directly_applicable,0.90,0.05,0.50,0.001,mild,,,,,,,,,FL_SecureAgg,Server observes only aggregated masked update under the true SecureAgg threat model.,warmup_3,10,10,,,,,,,,,current,dp_noise,secure_aggregation_server_side,3
upper_bound_if_raw_client_update_leaks,0.90,0.05,0.50,0.001,mild,0.0012235570611665025,0.594226123392582,6323.553757492453,6323.553757492453,0.663457202911377,15.83280849193151,0.5230769230769232,0.37021791593695186,FL_PreAggregationLeakage,,warmup_3,10,10,0.0007605436359821209,0.3171803150349502,17918.38782891821,17918.38782891821,0.25727377777482713,4.472427049545928,0.136741452574086,0.4121802034203423,current,dp_noise,analysis_only_pre_aggregation_leakage,3
not_directly_applicable,0.90,0.05,0.50,0.001,mild,,,,,,,,,FL_DNA_SecureAgg,Server observes only aggregated masked update under the true SecureAgg threat model.,warmup_3,10,10,,,,,,,,,current,dp_noise,secure_aggregation_server_side,3
upper_bound_if_raw_client_update_leaks,0.90,0.05,0.50,0.001,mild,0.0012235570611665025,0.594226123392582,6323.553757492453,6323.553757492453,0.663457202911377,15.83280849193151,0.5230769230769232,0.37021791593695186,FL_DNA_PreAggregationLeakage,,warmup_3,10,10,0.0007605436359821209,0.3171803150349502,17918.38782891821,17918.38782891821,0.25727377777482713,4.472427049545928,0.136741452574086,0.4121802034203423,current,dp_noise,analysis_only_pre_aggregation_leakage,3
not_directly_applicable,0.90,0.05,0.50,0.001,mild,,,,,,,,,FL_DNA_TransformDefense_SecureAgg,Server observes only aggregated masked update under the true SecureAgg threat model.,warmup_3,10,10,,,,,,,,,current,dp_noise,secure_aggregation_server_side,3
upper_bound_if_raw_client_update_leaks,0.90,0.05,0.50,0.001,mild,0.0012171146605396642,0.5714544221758843,6323.591077733785,6323.591077733785,0.6396795094013215,15.35527435202502,0.5153846153846156,0.34340076886989657,FL_DNA_TransformDefense_PreAggregationLeakage,,warmup_3,10,10,0.00076510199818437,0.2993757161605217,17918.37457812169,17918.37457812169,0.2420687867737228,4.027362954816095,0.1378190220551455,0.38935455756245324,current,dp_noise,analysis_only_pre_aggregation_leakage,3
direct_server_side,0.90,0.05,0.50,0.005,medium,0.0011764561320887878,0.579119299352169,6305.860457368195,6305.860457368195,0.64174183011055,15.350380604367142,0.5692307692307693,0.3474066673262698,FL_Baseline,,warmup_3,10,10,0.0008042376683146955,0.26665872725187856,17865.092689017576,17865.092689017576,0.22447403057300677,4.278457571589659,0.17608497141937843,0.38742491458489325,current,dp_noise,raw_visible_update,3
direct_server_side,0.90,0.05,0.50,0.005,medium,0.0011764561320887878,0.579119299352169,6305.860457368195,6305.860457368195,0.64174183011055,15.350380604367142,0.5692307692307693,0.3474066673262698,FL_DNA,,warmup_3,10,10,0.0008042376683146955,0.26665872725187856,17865.092689017576,17865.092689017576,0.22447403057300677,4.278457571589659,0.17608497141937843,0.38742491458489325,current,dp_noise,raw_visible_update,3
direct_server_side,0.90,0.05,0.50,0.005,medium,0.2371312379837036,0.38782735615968705,6299.257754278183,6299.257754278183,0.43727799579501153,11.885730276265393,0.4769230769230769,0.19298552603894098,FL_DP,,warmup_3,10,10,0.011142154440456107,0.21706089301919473,17821.264462781102,17821.264462781102,0.19447228903143293,1.9360112718133053,0.12779421327566268,0.18695762070236924,current,dp_noise,raw_visible_update,3
direct_server_side,0.90,0.05,0.50,0.005,medium,0.0011840094171930104,0.5645717725157737,6305.88378367722,6305.88378367722,0.6301238656044006,14.958933817373568,0.5461538461538462,0.33530846874745157,FL_DNA_TransformDefense,,warmup_3,10,10,0.000796138824661341,0.2587060944235071,17865.08439743363,17865.08439743363,0.2179047411749114,3.6418472723985142,0.1735463718873612,0.3739244240105867,current,dp_noise,raw_visible_update,3
not_directly_applicable,0.90,0.05,0.50,0.005,medium,,,,,,,,,FL_SecureAgg,Server observes only aggregated masked update under the true SecureAgg threat model.,warmup_3,10,10,,,,,,,,,current,dp_noise,secure_aggregation_server_side,3
upper_bound_if_raw_client_update_leaks,0.90,0.05,0.50,0.005,medium,0.0012235570611665025,0.594226123392582,6323.553757492453,6323.553757492453,0.663457202911377,15.83280849193151,0.5230769230769232,0.37021791593695186,FL_PreAggregationLeakage,,warmup_3,10,10,0.0007605436359821209,0.3171803150349502,17918.38782891821,17918.38782891821,0.25727377777482713,4.472427049545928,0.136741452574086,0.4121802034203423,current,dp_noise,analysis_only_pre_aggregation_leakage,3
not_directly_applicable,0.90,0.05,0.50,0.005,medium,,,,,,,,,FL_DNA_SecureAgg,Server observes only aggregated masked update under the true SecureAgg threat model.,warmup_3,10,10,,,,,,,,,current,dp_noise,secure_aggregation_server_side,3
upper_bound_if_raw_client_update_leaks,0.90,0.05,0.50,0.005,medium,0.0012235570611665025,0.594226123392582,6323.553757492453,6323.553757492453,0.663457202911377,15.83280849193151,0.5230769230769232,0.37021791593695186,FL_DNA_PreAggregationLeakage,,warmup_3,10,10,0.0007605436359821209,0.3171803150349502,17918.38782891821,17918.38782891821,0.25727377777482713,4.472427049545928,0.136741452574086,0.4121802034203423,current,dp_noise,analysis_only_pre_aggregation_leakage,3
not_directly_applicable,0.90,0.05,0.50,0.005,medium,,,,,,,,,FL_DNA_TransformDefense_SecureAgg,Server observes only aggregated masked update under the true SecureAgg threat model.,warmup_3,10,10,,,,,,,,,current,dp_noise,secure_aggregation_server_side,3
upper_bound_if_raw_client_update_leaks,0.90,0.05,0.50,0.005,medium,0.0012171146605396642,0.5714544221758843,6323.591077733785,6323.591077733785,0.6396795094013215,15.35527435202502,0.5153846153846156,0.34340076886989657,FL_DNA_TransformDefense_PreAggregationLeakage,,warmup_3,10,10,0.00076510199818437,0.2993757161605217,17918.37457812169,17918.37457812169,0.2420687867737228,4.027362954816095,0.1378190220551455,0.38935455756245324,current,dp_noise,analysis_only_pre_aggregation_leakage,3
direct_server_side,0.90,0.05,0.50,0.01,strong,0.0011764561320887878,0.579119299352169,6305.860457368195,6305.860457368195,0.64174183011055,15.350380604367142,0.5692307692307693,0.3474066673262698,FL_Baseline,,warmup_3,10,10,0.0008042376683146955,0.26665872725187856,17865.092689017576,17865.092689017576,0.22447403057300677,4.278457571589659,0.17608497141937843,0.38742491458489325,current,dp_noise,raw_visible_update,3
direct_server_side,0.90,0.05,0.50,0.01,strong,0.0011764561320887878,0.579119299352169,6305.860457368195,6305.860457368195,0.64174183011055,15.350380604367142,0.5692307692307693,0.3474066673262698,FL_DNA,,warmup_3,10,10,0.0008042376683146955,0.26665872725187856,17865.092689017576,17865.092689017576,0.22447403057300677,4.278457571589659,0.17608497141937843,0.38742491458489325,current,dp_noise,raw_visible_update,3
direct_server_side,0.90,0.05,0.50,0.01,strong,0.9522006690502167,0.2467772901058197,6296.868418741226,6296.868418741226,0.2922282719984651,11.0453406091172,0.5,0.10606857494447677,FL_DP,,warmup_3,10,10,0.048334079360023825,0.2953465596471788,17788.36191269683,17788.36191269683,0.28665919164913317,2.18493788072216,0.15093397592575836,0.13463005408036235,current,dp_noise,raw_visible_update,3
direct_server_side,0.90,0.05,0.50,0.01,strong,0.0011840094171930104,0.5645717725157737,6305.88378367722,6305.88378367722,0.6301238656044006,14.958933817373568,0.5461538461538462,0.33530846874745157,FL_DNA_TransformDefense,,warmup_3,10,10,0.000796138824661341,0.2587060944235071,17865.08439743363,17865.08439743363,0.2179047411749114,3.6418472723985142,0.1735463718873612,0.3739244240105867,current,dp_noise,raw_visible_update,3
not_directly_applicable,0.90,0.05,0.50,0.01,strong,,,,,,,,,FL_SecureAgg,Server observes only aggregated masked update under the true SecureAgg threat model.,warmup_3,10,10,,,,,,,,,current,dp_noise,secure_aggregation_server_side,3
upper_bound_if_raw_client_update_leaks,0.90,0.05,0.50,0.01,strong,0.0012235570611665025,0.594226123392582,6323.553757492453,6323.553757492453,0.663457202911377,15.83280849193151,0.5230769230769232,0.37021791593695186,FL_PreAggregationLeakage,,warmup_3,10,10,0.0007605436359821209,0.3171803150349502,17918.38782891821,17918.38782891821,0.25727377777482713,4.472427049545928,0.136741452574086,0.4121802034203423,current,dp_noise,analysis_only_pre_aggregation_leakage,3
not_directly_applicable,0.90,0.05,0.50,0.01,strong,,,,,,,,,FL_DNA_SecureAgg,Server observes only aggregated masked update under the true SecureAgg threat model.,warmup_3,10,10,,,,,,,,,current,dp_noise,secure_aggregation_server_side,3
upper_bound_if_raw_client_update_leaks,0.90,0.05,0.50,0.01,strong,0.0012235570611665025,0.594226123392582,6323.553757492453,6323.553757492453,0.663457202911377,15.83280849193151,0.5230769230769232,0.37021791593695186,FL_DNA_PreAggregationLeakage,,warmup_3,10,10,0.0007605436359821209,0.3171803150349502,17918.38782891821,17918.38782891821,0.25727377777482713,4.472427049545928,0.136741452574086,0.4121802034203423,current,dp_noise,analysis_only_pre_aggregation_leakage,3
not_directly_applicable,0.90,0.05,0.50,0.01,strong,,,,,,,,,FL_DNA_TransformDefense_SecureAgg,Server observes only aggregated masked update under the true SecureAgg threat model.,warmup_3,10,10,,,,,,,,,current,dp_noise,secure_aggregation_server_side,3
upper_bound_if_raw_client_update_leaks,0.90,0.05,0.50,0.01,strong,0.0012171146605396642,0.5714544221758843,6323.591077733785,6323.591077733785,0.6396795094013215,15.35527435202502,0.5153846153846156,0.34340076886989657,FL_DNA_TransformDefense_PreAggregationLeakage,,warmup_3,10,10,0.00076510199818437,0.2993757161605217,17918.37457812169,17918.37457812169,0.2420687867737228,4.027362954816095,0.1378190220551455,0.38935455756245324,current,dp_noise,analysis_only_pre_aggregation_leakage,3
