attack_applicability,dna_keep,dna_mix,dna_shrink,mean_best_attack_loss,mean_cosine_similarity,mean_feature_mse,mean_mse,mean_pearson_correlation,mean_psnr,mean_sign_match_ratio,mean_ssim,method,note,round_group,sample_count,samples,std_best_attack_loss,std_cosine_similarity,std_feature_mse,std_mse,std_pearson_correlation,std_psnr,std_sign_match_ratio,std_ssim,strength,sweep,threat_model,warmup_round
direct_server_side,0.90,0.05,0.50,0.0011764561320887878,0.579119299352169,6305.860457368195,6305.860457368195,0.64174183011055,15.350380604367142,0.5692307692307693,0.3474066673262698,FL_Baseline,,warmup_3,10,10,0.0008042376683146955,0.26665872725187856,17865.092689017576,17865.092689017576,0.22447403057300677,4.278457571589659,0.17608497141937843,0.38742491458489325,current,strength,raw_visible_update,3
direct_server_side,0.90,0.05,0.50,0.0011764561320887878,0.579119299352169,6305.860457368195,6305.860457368195,0.64174183011055,15.350380604367142,0.5692307692307693,0.3474066673262698,FL_DNA,,warmup_3,10,10,0.0008042376683146955,0.26665872725187856,17865.092689017576,17865.092689017576,0.22447403057300677,4.278457571589659,0.17608497141937843,0.38742491458489325,current,strength,raw_visible_update,3
direct_server_side,0.90,0.05,0.50,0.003403266612440348,0.5769902303814888,6304.403475660086,6304.403475660086,0.6349317967891693,15.431437642073124,0.5153846153846154,0.3471882451754563,FL_DP,,warmup_3,10,10,0.0008055555957740896,0.2707621661295519,17860.072169908475,17860.072169908475,0.2274634471657028,4.373602031354002,0.12427303401079624,0.38932215987573765,current,strength,raw_visible_update,3
direct_server_side,0.90,0.05,0.50,0.0011840094171930104,0.5645717725157737,6305.88378367722,6305.88378367722,0.6301238656044006,14.958933817373568,0.5461538461538462,0.33530846874745157,FL_DNA_TransformDefense,,warmup_3,10,10,0.000796138824661341,0.2587060944235071,17865.08439743363,17865.08439743363,0.2179047411749114,3.6418472723985142,0.1735463718873612,0.3739244240105867,current,strength,raw_visible_update,3
not_directly_applicable,0.90,0.05,0.50,,,,,,,,,FL_SecureAgg,Server observes only aggregated masked update under the true SecureAgg threat model.,warmup_3,10,10,,,,,,,,,current,strength,secure_aggregation_server_side,3
upper_bound_if_raw_client_update_leaks,0.90,0.05,0.50,0.0012235570611665025,0.594226123392582,6323.553757492453,6323.553757492453,0.663457202911377,15.83280849193151,0.5230769230769232,0.37021791593695186,FL_PreAggregationLeakage,,warmup_3,10,10,0.0007605436359821209,0.3171803150349502,17918.38782891821,17918.38782891821,0.25727377777482713,4.472427049545928,0.136741452574086,0.4121802034203423,current,strength,analysis_only_pre_aggregation_leakage,3
not_directly_applicable,0.90,0.05,0.50,,,,,,,,,FL_DNA_SecureAgg,Server observes only aggregated masked update under the true SecureAgg threat model.,warmup_3,10,10,,,,,,,,,current,strength,secure_aggregation_server_side,3
upper_bound_if_raw_client_update_leaks,0.90,0.05,0.50,0.0012235570611665025,0.594226123392582,6323.553757492453,6323.553757492453,0.663457202911377,15.83280849193151,0.5230769230769232,0.37021791593695186,FL_DNA_PreAggregationLeakage,,warmup_3,10,10,0.0007605436359821209,0.3171803150349502,17918.38782891821,17918.38782891821,0.25727377777482713,4.472427049545928,0.136741452574086,0.4121802034203423,current,strength,analysis_only_pre_aggregation_leakage,3
not_directly_applicable,0.90,0.05,0.50,,,,,,,,,FL_DNA_TransformDefense_SecureAgg,Server observes only aggregated masked update under the true SecureAgg threat model.,warmup_3,10,10,,,,,,,,,current,strength,secure_aggregation_server_side,3
upper_bound_if_raw_client_update_leaks,0.90,0.05,0.50,0.0012171146605396642,0.5714544221758843,6323.591077733785,6323.591077733785,0.6396795094013215,15.35527435202502,0.5153846153846156,0.34340076886989657,FL_DNA_TransformDefense_PreAggregationLeakage,,warmup_3,10,10,0.00076510199818437,0.2993757161605217,17918.37457812169,17918.37457812169,0.2420687867737228,4.027362954816095,0.1378190220551455,0.38935455756245324,current,strength,analysis_only_pre_aggregation_leakage,3
direct_server_side,0.88,0.08,0.45,0.0011764561320887878,0.579119299352169,6305.860457368195,6305.860457368195,0.64174183011055,15.350380604367142,0.5692307692307693,0.3474066673262698,FL_Baseline,,warmup_3,10,10,0.0008042376683146955,0.26665872725187856,17865.092689017576,17865.092689017576,0.22447403057300677,4.278457571589659,0.17608497141937843,0.38742491458489325,conservative,strength,raw_visible_update,3
direct_server_side,0.88,0.08,0.45,0.0011764561320887878,0.579119299352169,6305.860457368195,6305.860457368195,0.64174183011055,15.350380604367142,0.5692307692307693,0.3474066673262698,FL_DNA,,warmup_3,10,10,0.0008042376683146955,0.26665872725187856,17865.092689017576,17865.092689017576,0.22447403057300677,4.278457571589659,0.17608497141937843,0.38742491458489325,conservative,strength,raw_visible_update,3
direct_server_side,0.88,0.08,0.45,0.003403266612440348,0.5769902303814888,6304.403475660086,6304.403475660086,0.6349317967891693,15.431437642073124,0.5153846153846154,0.3471882451754563,FL_DP,,warmup_3,10,10,0.0008055555957740896,0.2707621661295519,17860.072169908475,17860.072169908475,0.2274634471657028,4.373602031354002,0.12427303401079624,0.38932215987573765,conservative,strength,raw_visible_update,3
direct_server_side,0.88,0.08,0.45,0.001209033012855798,0.554312278330326,6305.908588424325,6305.908588424325,0.6209374815225601,14.720374578781136,0.5461538461538462,0.3250520730877466,FL_DNA_TransformDefense,,warmup_3,10,10,0.0007764137757814956,0.2547435115598684,17865.075661274695,17865.075661274695,0.21487418602004046,3.2807599842340878,0.1735463718873612,0.3630004081867398,conservative,strength,raw_visible_update,3
not_directly_applicable,0.88,0.08,0.45,,,,,,,,,FL_SecureAgg,Server observes only aggregated masked update under the true SecureAgg threat model.,warmup_3,10,10,,,,,,,,,conservative,strength,secure_aggregation_server_side,3
upper_bound_if_raw_client_update_leaks,0.88,0.08,0.45,0.0012235570611665025,0.594226123392582,6323.553757492453,6323.553757492453,0.663457202911377,15.83280849193151,0.5230769230769232,0.37021791593695186,FL_PreAggregationLeakage,,warmup_3,10,10,0.0007605436359821209,0.3171803150349502,17918.38782891821,17918.38782891821,0.25727377777482713,4.472427049545928,0.136741452574086,0.4121802034203423,conservative,strength,analysis_only_pre_aggregation_leakage,3
not_directly_applicable,0.88,0.08,0.45,,,,,,,,,FL_DNA_SecureAgg,Server observes only aggregated masked update under the true SecureAgg threat model.,warmup_3,10,10,,,,,,,,,conservative,strength,secure_aggregation_server_side,3
upper_bound_if_raw_client_update_leaks,0.88,0.08,0.45,0.0012235570611665025,0.594226123392582,6323.553757492453,6323.553757492453,0.663457202911377,15.83280849193151,0.5230769230769232,0.37021791593695186,FL_DNA_PreAggregationLeakage,,warmup_3,10,10,0.0007605436359821209,0.3171803150349502,17918.38782891821,17918.38782891821,0.25727377777482713,4.472427049545928,0.136741452574086,0.4121802034203423,conservative,strength,analysis_only_pre_aggregation_leakage,3
not_directly_applicable,0.88,0.08,0.45,,,,,,,,,FL_DNA_TransformDefense_SecureAgg,Server observes only aggregated masked update under the true SecureAgg threat model.,warmup_3,10,10,,,,,,,,,conservative,strength,secure_aggregation_server_side,3
upper_bound_if_raw_client_update_leaks,0.88,0.08,0.45,0.0012712453288258984,0.5339546725153923,6323.6420917153355,6323.6420917153355,0.6029823124408722,15.016645422507645,0.5230769230769232,0.308973892453569,FL_DNA_TransformDefense_PreAggregationLeakage,,warmup_3,10,10,0.0007449465756285365,0.3034749704632477,17918.35660905085,17918.35660905085,0.2587439322275678,3.8222066627356566,0.15307499032409536,0.3797069434349269,conservative,strength,analysis_only_pre_aggregation_leakage,3
direct_server_side,0.85,0.10,0.40,0.0011764561320887878,0.579119299352169,6305.860457368195,6305.860457368195,0.64174183011055,15.350380604367142,0.5692307692307693,0.3474066673262698,FL_Baseline,,warmup_3,10,10,0.0008042376683146955,0.26665872725187856,17865.092689017576,17865.092689017576,0.22447403057300677,4.278457571589659,0.17608497141937843,0.38742491458489325,medium,strength,raw_visible_update,3
direct_server_side,0.85,0.10,0.40,0.0011764561320887878,0.579119299352169,6305.860457368195,6305.860457368195,0.64174183011055,15.350380604367142,0.5692307692307693,0.3474066673262698,FL_DNA,,warmup_3,10,10,0.0008042376683146955,0.26665872725187856,17865.092689017576,17865.092689017576,0.22447403057300677,4.278457571589659,0.17608497141937843,0.38742491458489325,medium,strength,raw_visible_update,3
direct_server_side,0.85,0.10,0.40,0.003403266612440348,0.5769902303814888,6304.403475660086,6304.403475660086,0.6349317967891693,15.431437642073124,0.5153846153846154,0.3471882451754563,FL_DP,,warmup_3,10,10,0.0008055555957740896,0.2707621661295519,17860.072169908475,17860.072169908475,0.2274634471657028,4.373602031354002,0.12427303401079624,0.38932215987573765,medium,strength,raw_visible_update,3
direct_server_side,0.85,0.10,0.40,0.0012762516067596152,0.5502894222736359,6305.914092412591,6305.914092412591,0.6171911865472793,14.6456290214667,0.5461538461538462,0.31853764854402494,FL_DNA_TransformDefense,,warmup_3,10,10,0.0007296518307564519,0.25707065269263274,17865.073691781818,17865.073691781818,0.21818853859307522,3.2151480348686845,0.1735463718873612,0.35713733264900516,medium,strength,raw_visible_update,3
not_directly_applicable,0.85,0.10,0.40,,,,,,,,,FL_SecureAgg,Server observes only aggregated masked update under the true SecureAgg threat model.,warmup_3,10,10,,,,,,,,,medium,strength,secure_aggregation_server_side,3
upper_bound_if_raw_client_update_leaks,0.85,0.10,0.40,0.0012235570611665025,0.594226123392582,6323.553757492453,6323.553757492453,0.663457202911377,15.83280849193151,0.5230769230769232,0.37021791593695186,FL_PreAggregationLeakage,,warmup_3,10,10,0.0007605436359821209,0.3171803150349502,17918.38782891821,17918.38782891821,0.25727377777482713,4.472427049545928,0.136741452574086,0.4121802034203423,medium,strength,analysis_only_pre_aggregation_leakage,3
not_directly_applicable,0.85,0.10,0.40,,,,,,,,,FL_DNA_SecureAgg,Server observes only aggregated masked update under the true SecureAgg threat model.,warmup_3,10,10,,,,,,,,,medium,strength,secure_aggregation_server_side,3
upper_bound_if_raw_client_update_leaks,0.85,0.10,0.40,0.0012235570611665025,0.594226123392582,6323.553757492453,6323.553757492453,0.663457202911377,15.83280849193151,0.5230769230769232,0.37021791593695186,FL_DNA_PreAggregationLeakage,,warmup_3,10,10,0.0007605436359821209,0.3171803150349502,17918.38782891821,17918.38782891821,0.25727377777482713,4.472427049545928,0.136741452574086,0.4121802034203423,medium,strength,analysis_only_pre_aggregation_leakage,3
not_directly_applicable,0.85,0.10,0.40,,,,,,,,,FL_DNA_TransformDefense_SecureAgg,Server observes only aggregated masked update under the true SecureAgg threat model.,warmup_3,10,10,,,,,,,,,medium,strength,secure_aggregation_server_side,3
upper_bound_if_raw_client_update_leaks,0.85,0.10,0.40,0.001331219197891187,0.5712518334388733,6323.617644329369,6323.617644329369,0.6395263344049453,15.06328705451082,0.5153846153846156,0.32711447610460476,FL_DNA_TransformDefense_PreAggregationLeakage,,warmup_3,10,10,0.000749710792607783,0.29727441460544657,17918.365261208706,17918.365261208706,0.23946379000401938,3.6603808421778092,0.15403834149615986,0.37659764134816426,medium,strength,analysis_only_pre_aggregation_leakage,3
direct_server_side,0.82,0.12,0.35,0.0011764561320887878,0.579119299352169,6305.860457368195,6305.860457368195,0.64174183011055,15.350380604367142,0.5692307692307693,0.3474066673262698,FL_Baseline,,warmup_3,10,10,0.0008042376683146955,0.26665872725187856,17865.092689017576,17865.092689017576,0.22447403057300677,4.278457571589659,0.17608497141937843,0.38742491458489325,stronger,strength,raw_visible_update,3
direct_server_side,0.82,0.12,0.35,0.0011764561320887878,0.579119299352169,6305.860457368195,6305.860457368195,0.64174183011055,15.350380604367142,0.5692307692307693,0.3474066673262698,FL_DNA,,warmup_3,10,10,0.0008042376683146955,0.26665872725187856,17865.092689017576,17865.092689017576,0.22447403057300677,4.278457571589659,0.17608497141937843,0.38742491458489325,stronger,strength,raw_visible_update,3
direct_server_side,0.82,0.12,0.35,0.003403266612440348,0.5769902303814888,6304.403475660086,6304.403475660086,0.6349317967891693,15.431437642073124,0.5153846153846154,0.3471882451754563,FL_DP,,warmup_3,10,10,0.0008055555957740896,0.2707621661295519,17860.072169908475,17860.072169908475,0.2274634471657028,4.373602031354002,0.12427303401079624,0.38932215987573765,stronger,strength,raw_visible_update,3
direct_server_side,0.82,0.12,0.35,0.0013052443973720074,0.5484317854046822,6305.919510570168,6305.919510570168,0.6151179492473602,14.593934032527978,0.5384615384615385,0.3152248581958754,FL_DNA_TransformDefense,,warmup_3,10,10,0.0007152274482113743,0.25841074367525996,17865.071750608153,17865.071750608153,0.21969105874588576,3.1272706373860357,0.1787530775172654,0.3545659476526138,stronger,strength,raw_visible_update,3
not_directly_applicable,0.82,0.12,0.35,,,,,,,,,FL_SecureAgg,Server observes only aggregated masked update under the true SecureAgg threat model.,warmup_3,10,10,,,,,,,,,stronger,strength,secure_aggregation_server_side,3
upper_bound_if_raw_client_update_leaks,0.82,0.12,0.35,0.0012235570611665025,0.594226123392582,6323.553757492453,6323.553757492453,0.663457202911377,15.83280849193151,0.5230769230769232,0.37021791593695186,FL_PreAggregationLeakage,,warmup_3,10,10,0.0007605436359821209,0.3171803150349502,17918.38782891821,17918.38782891821,0.25727377777482713,4.472427049545928,0.136741452574086,0.4121802034203423,stronger,strength,analysis_only_pre_aggregation_leakage,3
not_directly_applicable,0.82,0.12,0.35,,,,,,,,,FL_DNA_SecureAgg,Server observes only aggregated masked update under the true SecureAgg threat model.,warmup_3,10,10,,,,,,,,,stronger,strength,secure_aggregation_server_side,3
upper_bound_if_raw_client_update_leaks,0.82,0.12,0.35,0.0012235570611665025,0.594226123392582,6323.553757492453,6323.553757492453,0.663457202911377,15.83280849193151,0.5230769230769232,0.37021791593695186,FL_DNA_PreAggregationLeakage,,warmup_3,10,10,0.0007605436359821209,0.3171803150349502,17918.38782891821,17918.38782891821,0.25727377777482713,4.472427049545928,0.136741452574086,0.4121802034203423,stronger,strength,analysis_only_pre_aggregation_leakage,3
not_directly_applicable,0.82,0.12,0.35,,,,,,,,,FL_DNA_TransformDefense_SecureAgg,Server observes only aggregated masked update under the true SecureAgg threat model.,warmup_3,10,10,,,,,,,,,stronger,strength,secure_aggregation_server_side,3
upper_bound_if_raw_client_update_leaks,0.82,0.12,0.35,0.0013639172510011121,0.5039403457194567,6323.686961044371,6323.686961044371,0.5715384340845049,14.723447055504522,0.5307692307692309,0.28333137878452563,FL_DNA_TransformDefense_PreAggregationLeakage,,warmup_3,10,10,0.0007530029812724365,0.33192226853170864,17918.34066944755,17918.34066944755,0.30168786775885775,3.6012623998553894,0.15556729550889756,0.38138162954489657,stronger,strength,analysis_only_pre_aggregation_leakage,3
