method,final_f1,final_auc_roc,final_pr_auc,privacy_proxy,has_cosine_sim
FL + DNA Transform (stronger),0.6967213114754098,0.9903895591007653,0.7115610738371267,0.9917231686526901,True
FL + DNA Transform (medium),0.6854838709677419,0.991030845063076,0.7061140435716562,0.994438203178845,True
FL + DNA Transform (conservative),0.7088607594936709,0.9900472993027976,0.7160455608359148,0.9965986155016487,True
FL + DNA Transform+SecureAgg,0.7124463519313304,0.9907415600495766,0.711958751769989,0.9987153565604312,True
FL + DNA Transform,0.7058823529411765,0.9911830553961785,0.7130828682479524,0.9987296692079509,True
FL Baseline,0.7288888888888889,0.9911892648947241,0.7143993297437666,1.0,False
FL + DNA,0.7183673469387755,0.9906915735862835,0.7172072278578835,1.0,False
FL + DP (mild),0.27555555555555555,0.9205976673397762,0.2091202419896086,1.0,False
FL + DP,0.008321198252548368,0.7891366452935726,0.0037307293545422197,1.0,False
FL + DP (utility),0.6923076923076923,0.9896687139383372,0.6920738177910514,1.0,False
FL + DNA+DP,0.002593219137146851,0.5059461381886644,0.001305667579671924,1.0,False
FL + SecureAgg,0.711864406779661,0.9906308757379989,0.711759095231994,1.0,False
FL + DNA+SecureAgg,0.711864406779661,0.9906308757379989,0.711759095231994,1.0,False
