attack_applicability,mean_best_attack_loss,mean_cosine_similarity,mean_mse,mean_pearson_correlation,mean_psnr,mean_sign_match_ratio,mean_ssim,method,note,samples,std_best_attack_loss,std_cosine_similarity,std_mse,std_pearson_correlation,std_psnr,std_sign_match_ratio,std_ssim,threat_model
direct_server_side,0.0011764561320887878,0.579119299352169,6305.860457368195,0.64174183011055,15.350380604367142,0.5692307692307693,0.3474066673262698,FL_Baseline,,10,0.0008042376683146955,0.26665872725187856,17865.092689017576,0.22447403057300677,4.278457571589659,0.17608497141937843,0.38742491458489325,raw_visible_update
direct_server_side,0.0011764561320887878,0.579119299352169,6305.860457368195,0.64174183011055,15.350380604367142,0.5692307692307693,0.3474066673262698,FL_DNA,,10,0.0008042376683146955,0.26665872725187856,17865.092689017576,0.22447403057300677,4.278457571589659,0.17608497141937843,0.38742491458489325,raw_visible_update
direct_server_side,0.003403266612440348,0.5769902303814888,6304.403475660086,0.6349317967891693,15.431437642073124,0.5153846153846154,0.3471882451754563,FL_DP,,10,0.0008055555957740896,0.2707621661295519,17860.072169908475,0.2274634471657028,4.373602031354002,0.12427303401079624,0.38932215987573765,raw_visible_update
direct_server_side,0.001209033012855798,0.554312278330326,6305.908588424325,0.6209374815225601,14.720374578781136,0.5461538461538462,0.3250520730877466,FL_DNA_TransformDefense,,10,0.0007764137757814956,0.2547435115598684,17865.075661274695,0.21487418602004046,3.2807599842340878,0.1735463718873612,0.3630004081867398,raw_visible_update
not_directly_applicable,,,,,,,,FL_SecureAgg,Server observes only aggregated masked update under the true SecureAgg threat model.,10,,,,,,,,secure_aggregation_server_side
upper_bound_if_raw_client_update_leaks,0.0012235570611665025,0.594226123392582,6323.553757492453,0.663457202911377,15.83280849193151,0.5230769230769232,0.37021791593695186,FL_PreAggregationLeakage,,10,0.0007605436359821209,0.3171803150349502,17918.38782891821,0.25727377777482713,4.472427049545928,0.136741452574086,0.4121802034203423,analysis_only_pre_aggregation_leakage
not_directly_applicable,,,,,,,,FL_DNA_SecureAgg,Server observes only aggregated masked update under the true SecureAgg threat model.,10,,,,,,,,secure_aggregation_server_side
upper_bound_if_raw_client_update_leaks,0.0012235570611665025,0.594226123392582,6323.553757492453,0.663457202911377,15.83280849193151,0.5230769230769232,0.37021791593695186,FL_DNA_PreAggregationLeakage,,10,0.0007605436359821209,0.3171803150349502,17918.38782891821,0.25727377777482713,4.472427049545928,0.136741452574086,0.4121802034203423,analysis_only_pre_aggregation_leakage
not_directly_applicable,,,,,,,,FL_DNA_TransformDefense_SecureAgg,Server observes only aggregated masked update under the true SecureAgg threat model.,10,,,,,,,,secure_aggregation_server_side
upper_bound_if_raw_client_update_leaks,0.0012712453288258984,0.5339546725153923,6323.6420917153355,0.6029823124408722,15.016645422507645,0.5230769230769232,0.308973892453569,FL_DNA_TransformDefense_PreAggregationLeakage,,10,0.0007449465756285365,0.3034749704632477,17918.35660905085,0.2587439322275678,3.8222066627356566,0.15307499032409536,0.3797069434349269,analysis_only_pre_aggregation_leakage
