attack_applicability,mean_best_attack_loss,mean_cosine_similarity,mean_mse,mean_pearson_correlation,mean_psnr,mean_sign_match_ratio,mean_ssim,method,note,samples,std_best_attack_loss,std_cosine_similarity,std_mse,std_pearson_correlation,std_psnr,std_sign_match_ratio,std_ssim,threat_model
direct_server_side,0.0014125760761089623,0.5651263415813446,6317.521317204833,0.5782142385840416,14.452627704275036,0.5384615384615385,0.30798373769578236,FL_Baseline,,10,0.0009579484256463088,0.2768217602797948,17895.88677364876,0.2644299781265122,3.157312795405136,0.11409536133993327,0.3410226777385631,raw_visible_update
direct_server_side,0.0014125760761089623,0.5651263415813446,6317.521317204833,0.5782142385840416,14.452627704275036,0.5384615384615385,0.30798373769578236,FL_DNA,,10,0.0009579484256463088,0.2768217602797948,17895.88677364876,0.2644299781265122,3.157312795405136,0.11409536133993327,0.3410226777385631,raw_visible_update
direct_server_side,0.004089735168963671,0.5691764816641808,6317.241821111738,0.5836253702640534,14.912916021098066,0.5461538461538462,0.31875687400361086,FL_DP,,10,0.0013933653773573246,0.29431254000335877,17893.046469451507,0.283300625628223,4.014475558665787,0.10575174680667321,0.35973982263127485,raw_visible_update
direct_server_side,0.0014219340897398069,0.5566186547279358,6317.646688961982,0.5687440648674965,14.293782906819647,0.5384615384615385,0.30115489379958843,FL_DNA_TransformDefense,,10,0.0010015511039716905,0.2746607125976968,17895.84214685724,0.264580148886386,2.8940431142125194,0.11409536133993327,0.3325794525011806,raw_visible_update
not_directly_applicable,,,,,,,,FL_SecureAgg,Server observes only aggregated masked update under the true SecureAgg threat model.,10,,,,,,,,secure_aggregation_server_side
upper_bound_if_raw_client_update_leaks,0.0015318159392336383,0.5684087119996548,6331.978039057552,0.571451262384653,14.884498419171772,0.5846153846153846,0.32773388270359766,FL_PreAggregationLeakage,,10,0.0011292263516797395,0.2682074270725279,17939.429789949376,0.26182307463380233,3.9410881971198424,0.06153846153846154,0.3726280758881999,analysis_only_pre_aggregation_leakage
not_directly_applicable,,,,,,,,FL_DNA_SecureAgg,Server observes only aggregated masked update under the true SecureAgg threat model.,10,,,,,,,,secure_aggregation_server_side
upper_bound_if_raw_client_update_leaks,0.0015318159392336383,0.5684087119996548,6331.978039057552,0.571451262384653,14.884498419171772,0.5846153846153846,0.32773388270359766,FL_DNA_PreAggregationLeakage,,10,0.0011292263516797395,0.2682074270725279,17939.429789949376,0.26182307463380233,3.9410881971198424,0.06153846153846154,0.3726280758881999,analysis_only_pre_aggregation_leakage
not_directly_applicable,,,,,,,,FL_DNA_TransformDefense_SecureAgg,Server observes only aggregated masked update under the true SecureAgg threat model.,10,,,,,,,,secure_aggregation_server_side
upper_bound_if_raw_client_update_leaks,0.0015975212008925155,0.564957718551159,6331.995076836645,0.5669793784618378,14.53090003931062,0.5769230769230769,0.31972125138931906,FL_DNA_TransformDefense_PreAggregationLeakage,,10,0.001248491223638255,0.26278596301769275,17939.42343922078,0.25591091111003844,3.189008321796637,0.062017367294604234,0.36052922127817416,analysis_only_pre_aggregation_leakage
