group,defense,activation_var_mean,activation_var_min,activation_var_max
0,none,1.3213041620329022,0.005253791809082031,4.431207656860352
0,v1_conservative,1.3426799476146698,-8.851998805999756,9.493350982666016
0,v1_medium,1.3621590621769428,-11.089325904846191,11.860284805297852
0,v1_stronger,1.387538468465209,-13.326653003692627,14.227209091186523
0,v2_0p95_eta0p01_decoded,3.3245355680119246,-30.099780082702637,34.2567925453186
0,dp_0p000315,1.35948093701154,-0.3162384033203125,4.413898468017578
0,dp_0p0004,1.3157554818317294,-1.2039883136749268,4.9275665283203125
0,dp_0p00105,1.23683366086334,-2.072246551513672,5.606372833251953
0,dp_recalibrated_for_v1_conservative,1.3213498247787356,0.0043048858642578125,4.430854797363281
0,dp_recalibrated_for_v1_medium,1.3213148629292846,0.0061740875244140625,4.432008743286133
0,dp_recalibrated_for_v1_stronger,1.3213032959029078,0.0047435760498046875,4.430139541625977
0,dp_recalibrated_for_v2_0p95_eta0p01,1.32152393553406,0.005859375,4.4373016357421875
1,none,217.74468114692718,0.18246996402740479,959.0460968017578
1,v1_conservative,217.7463470932562,2.058282822370529,898.2100677490234
1,v1_medium,217.74177158402745,2.5272360742092133,883.0010223388672
1,v1_stronger,217.74650387908332,2.9961890280246735,867.7919769287109
1,v2_0p95_eta0p01_decoded,204.8551758644171,-143.68129205703735,1047.9281616210938
1,dp_0p000315,96.30660608503968,1.3140140771865845,407.60719299316406
1,dp_0p0004,96.27234348189086,1.1746405363082886,407.57484436035156
1,dp_0p00105,96.1568359201774,1.9665589332580566,406.14356994628906
1,dp_recalibrated_for_v1_conservative,96.25009059999138,1.3367091417312622,407.4890899658203
1,dp_recalibrated_for_v1_medium,96.25011882837862,1.3360975980758667,407.48878479003906
1,dp_recalibrated_for_v1_stronger,96.25024880375713,1.335081934928894,407.4895477294922
1,dp_recalibrated_for_v2_0p95_eta0p01,96.25037443917245,1.333255648612976,407.4909210205078
2,none,182.73041476588696,0.034557342529296875,605.8991088867188
2,v1_conservative,182.74869067134568,-1.3282957077026367,558.9469814300537
2,v1_medium,182.75235808780417,-1.6690077781677246,558.9469814300537
2,v1_stronger,182.77609728253447,-2.0097198486328125,558.9469814300537
2,v2_0p95_eta0p01_decoded,181.18310728669167,-82.07393264770508,679.0650787353516
2,dp_0p000315,93.93436431046575,1.8846311569213867,254.3472137451172
2,dp_0p0004,93.85177365597337,2.068216562271118,253.87560272216797
2,dp_0p00105,93.85265699680895,1.2132377624511719,254.33035278320312
2,dp_recalibrated_for_v1_conservative,93.89171904977411,2.027024984359741,254.03150939941406
2,dp_recalibrated_for_v1_medium,93.89151503425092,2.0304462909698486,254.03204345703125
2,dp_recalibrated_for_v1_stronger,93.89156368654221,2.0276401042938232,254.0347137451172
2,dp_recalibrated_for_v2_0p95_eta0p01,93.89145511295646,2.0295188426971436,254.03238677978516
3,none,83.25116572063416,0.2055187225341797,281.31719970703125
3,v1_conservative,83.24795395694673,0.6155551671981812,262.59840393066406
3,v1_medium,83.23972693737596,0.7218457460403442,257.9187240600586
3,v1_stronger,83.22938006347977,0.8296481966972351,253.2390251159668
3,v2_0p95_eta0p01_decoded,83.64756854926236,-27.95796489715576,299.7184410095215
3,dp_0p000315,81.06976148765534,0.967132568359375,269.44395446777344
3,dp_0p0004,81.06301250960678,-0.38754749298095703,269.59879302978516
3,dp_0p00105,81.36824122723192,0.1341266632080078,269.03612518310547
3,dp_recalibrated_for_v1_conservative,81.09851353894919,0.45311641693115234,269.64239501953125
3,dp_recalibrated_for_v1_medium,81.09827037062496,0.4550666809082031,269.6430435180664
3,dp_recalibrated_for_v1_stronger,81.09860305767506,0.45263004302978516,269.64464569091797
3,dp_recalibrated_for_v2_0p95_eta0p01,81.0984006440267,0.4508943557739258,269.64239501953125
4,none,22.702352442778647,0.0854177474975586,98.03318786621094
4,v1_conservative,22.702925260004122,-4.009658336639404,96.62925052642822
4,v1_medium,22.70330572826788,-5.557103395462036,96.27826738357544
4,v1_stronger,22.70144249871373,-7.104548454284668,95.92728424072266
4,v2_0p95_eta0p01_decoded,24.090522883838275,-16.12713050842285,100.86870813369751
4,dp_0p000315,22.667005957104266,0.09026479721069336,97.76478576660156
4,dp_0p0004,22.683907729573548,0.04867982864379883,98.28495788574219
4,dp_0p00105,22.665054407902062,-2.0797715187072754,98.88180541992188
4,dp_recalibrated_for_v1_conservative,22.702391353435814,0.0858922004699707,98.03257751464844
4,dp_recalibrated_for_v1_medium,22.702359800226986,0.08622598648071289,98.03273010253906
4,dp_recalibrated_for_v1_stronger,22.702523303218186,0.08504819869995117,98.032958984375
4,dp_recalibrated_for_v2_0p95_eta0p01,22.702156045474112,0.0832672119140625,98.03402709960938
5,none,534.4140722425655,2.93912935256958,2307.603988647461
5,v1_conservative,534.3637319477275,9.452724695205688,2138.917465209961
5,v1_medium,534.2959838137031,10.182078123092651,2096.7456817626953
5,v1_stronger,534.1886391383596,7.845354616641998,2054.5740509033203
5,v2_0p95_eta0p01_decoded,501.3439609259367,-396.8398995399475,2548.5230255126953
5,dp_0p000315,97.50993951316923,2.1907542943954468,402.00416564941406
5,dp_0p0004,97.47290417645127,2.1697055101394653,401.3091278076172
5,dp_0p00105,97.29082867596298,2.5460206270217896,402.7355194091797
5,dp_recalibrated_for_v1_conservative,97.48075088579208,2.210057854652405,402.0549774169922
5,dp_recalibrated_for_v1_medium,97.48065740894526,2.210004210472107,402.05543518066406
5,dp_recalibrated_for_v1_stronger,97.48087045829743,2.2133158445358276,402.05406188964844
5,dp_recalibrated_for_v2_0p95_eta0p01,97.48083355929703,2.2118948698043823,402.05421447753906
6,none,31.222831626422703,0.0330810546875,110.46915435791016
6,v1_conservative,31.22322933783289,-4.223686695098877,99.11999273300171
6,v1_medium,31.223263034247793,-5.337940692901611,98.31806468963623
6,v1_stronger,31.22039120970294,-6.452197074890137,97.51613903045654
6,v2_0p95_eta0p01_decoded,32.547535968682496,-16.38429832458496,116.54047966003418
6,dp_0p000315,31.187913176603615,-0.3608551025390625,110.54327392578125
6,dp_0p0004,31.186000146903098,-0.4030590057373047,110.59805297851562
6,dp_0p00105,31.199573987163603,-1.201812744140625,110.343994140625
6,dp_recalibrated_for_v1_conservative,31.222805698402226,0.0330810546875,110.47079467773438
6,dp_recalibrated_for_v1_medium,31.2229077341035,0.0351409912109375,110.46739959716797
6,dp_recalibrated_for_v1_stronger,31.22280713263899,0.03449249267578125,110.46869659423828
6,dp_recalibrated_for_v2_0p95_eta0p01,31.222591885365546,0.03319549560546875,110.46865844726562
7,none,160.09669523779303,0.02219069004058838,701.7382049560547
7,v1_conservative,160.10394236748107,0.276906818151474,670.2910995483398
7,v1_medium,160.1166644305922,0.326200008392334,662.429313659668
7,v1_stronger,160.1181543872226,0.3697388172149658,654.5675277709961
7,v2_0p95_eta0p01_decoded,151.2832949331496,-105.36923837661743,763.9870452880859
7,dp_0p000315,95.49868309032172,1.2510632276535034,406.2206268310547
7,dp_0p0004,95.57464357558638,1.5560756921768188,406.41639709472656
7,dp_0p00105,95.38985022436827,0.2870783805847168,407.7672576904297
7,dp_recalibrated_for_v1_conservative,95.51897659059614,1.0025237798690796,406.2847137451172
7,dp_recalibrated_for_v1_medium,95.5187182975933,1.0020207166671753,406.28334045410156
7,dp_recalibrated_for_v1_stronger,95.51919017080218,1.0021363496780396,406.2828826904297
7,dp_recalibrated_for_v2_0p95_eta0p01,95.51917784009129,1.006168007850647,406.2865447998047
8,none,14.698627424426377,0.029885530471801758,73.35835266113281
8,v1_conservative,14.700924650373054,-4.001810312271118,74.39573574066162
8,v1_medium,14.701738360512536,-5.0121376514434814,74.65508270263672
8,v1_stronger,14.704706874093972,-6.022464990615845,74.91442966461182
8,v2_0p95_eta0p01_decoded,16.280306663597003,-23.155709266662598,79.5526053905487
8,dp_0p000315,14.69913751911372,-0.2673783302307129,73.60211181640625
8,dp_0p0004,14.683607696555555,-0.17096781730651855,73.85235595703125
8,dp_0p00105,14.717086116783321,-1.6590604782104492,74.80107116699219
8,dp_recalibrated_for_v1_conservative,14.698526767082512,0.031325578689575195,73.35881042480469
8,dp_recalibrated_for_v1_medium,14.69873868022114,0.02884364128112793,73.35804748535156
8,dp_recalibrated_for_v1_stronger,14.698429350741208,0.030181169509887695,73.35690307617188
8,dp_recalibrated_for_v2_0p95_eta0p01,14.698850587941706,0.027701616287231445,73.35804748535156
9,none,5.485097236000001,0.03448486328125,17.053444862365723
9,v1_conservative,5.487811594852246,-7.463444709777832,19.226253509521484
9,v1_medium,5.492495675920509,-9.45738935470581,20.285886764526367
9,v1_stronger,5.499381515313871,-11.451333999633789,21.44416618347168
9,v2_0p95_eta0p01_decoded,7.415041925909463,-27.159912109375,38.613954305648804
9,dp_0p000315,5.482355580665171,-0.204925537109375,16.869376182556152
9,dp_0p0004,5.430760161019862,-0.636749267578125,17.755215644836426
9,dp_0p00105,5.2809066427871585,-2.244659423828125,17.472900390625
9,dp_recalibrated_for_v1_conservative,5.485025803558528,0.0324249267578125,17.053969383239746
9,dp_recalibrated_for_v1_medium,5.4850334310904145,0.0328826904296875,17.0531587600708
9,dp_recalibrated_for_v1_stronger,5.485211127437651,0.0323486328125,17.055752754211426
9,dp_recalibrated_for_v2_0p95_eta0p01,5.485334835015237,0.0371551513671875,17.050297737121582
10,none,8.87393342424184,0.00496673583984375,29.622615814208984
10,v1_conservative,8.87895486265188,-7.5110321044921875,28.71541166305542
10,v1_medium,8.880990234087221,-9.44791841506958,28.488610327243805
10,v1_stronger,8.889990702504292,-11.384804725646973,28.26180899143219
10,v2_0p95_eta0p01_decoded,10.779667177179363,-26.144765377044678,47.22043228149414
10,dp_0p000315,8.826958295889199,-0.29261016845703125,29.800209045410156
10,dp_0p0004,8.867217955179513,-0.678997278213501,29.820846557617188
10,dp_0p00105,8.799132854677737,-1.5087432861328125,30.016243934631348
10,dp_recalibrated_for_v1_conservative,8.87387475091964,0.0055389404296875,29.623016357421875
10,dp_recalibrated_for_v1_medium,8.873899691738188,0.0067596435546875,29.62183380126953
10,dp_recalibrated_for_v1_stronger,8.874026873148978,0.004547119140625,29.620460510253906
10,dp_recalibrated_for_v2_0p95_eta0p01,8.874145691283047,0.0055389404296875,29.621185302734375
11,none,13.163167518563569,0.040088653564453125,49.53854846954346
11,v1_conservative,13.164172960154247,-9.97089695930481,45.674522399902344
11,v1_medium,13.164723661961034,-12.50587773323059,45.337952613830566
11,v1_stronger,13.174233514786465,-15.040859699249268,45.495680809020996
11,v2_0p95_eta0p01_decoded,14.931771361501887,-25.99129056930542,61.17054605484009
11,dp_0p000315,13.144682665355504,-0.4020862579345703,49.498894691467285
11,dp_0p0004,13.132816554047167,-1.0088043212890625,49.2565279006958
11,dp_0p00105,13.249026016332209,-1.5493946075439453,49.097798347473145
11,dp_recalibrated_for_v1_conservative,13.16322119999677,0.040050506591796875,49.540398597717285
11,dp_recalibrated_for_v1_medium,13.163135667331517,0.041042327880859375,49.53702259063721
11,dp_recalibrated_for_v1_stronger,13.163329121656716,0.039363861083984375,49.538567543029785
11,dp_recalibrated_for_v2_0p95_eta0p01,13.163022437132895,0.040546417236328125,49.539292335510254
12,none,0.5580949326977134,0.01609039306640625,1.98162841796875
12,v1_conservative,0.5818150970153511,-7.197225570678711,10.61701774597168
12,v1_medium,0.6032883594743907,-9.365106582641602,13.267927169799805
12,v1_stronger,0.6307989531196654,-11.580344200134277,15.9222412109375
12,v2_0p95_eta0p01_decoded,2.576232335763052,-30.85310173034668,34.5443754196167
12,dp_0p000315,0.5760291507467628,-0.5606765747070312,2.232029914855957
12,dp_0p0004,0.5707255480811,-0.7843728065490723,2.405694007873535
12,dp_0p00105,0.6415856266394258,-2.3430328369140625,4.0016021728515625
12,dp_recalibrated_for_v1_conservative,0.5580267691984773,0.01525115966796875,1.9825057983398438
12,dp_recalibrated_for_v1_medium,0.5581927029415965,0.01486968994140625,1.9826583862304688
12,dp_recalibrated_for_v1_stronger,0.5582216857001185,0.0181121826171875,1.9820098876953125
12,dp_recalibrated_for_v2_0p95_eta0p01,0.5581439482048154,0.0162811279296875,1.9822769165039062
13,none,41.12599134538323,0.42525672912597656,196.49571228027344
13,v1_conservative,41.12929831905058,-3.022388458251953,187.0391206741333
13,v1_medium,41.13674646423897,-4.029709339141846,184.67497158050537
13,v1_stronger,41.1433133847313,-5.037030220031738,182.31082248687744
13,v2_0p95_eta0p01_decoded,41.27786547380674,-7.2500433921813965,193.54762840270996
13,dp_0p000315,41.098605264909565,0.09397220611572266,196.7517547607422
13,dp_0p0004,41.133339517749846,0.4472508430480957,196.14002990722656
13,dp_0p00105,41.2134304093197,-1.6740126609802246,197.2609405517578
13,dp_recalibrated_for_v1_conservative,41.12581627536565,0.4257335662841797,196.4955596923828
13,dp_recalibrated_for_v1_medium,41.12602921295911,0.42597198486328125,196.49472045898438
13,dp_recalibrated_for_v1_stronger,41.125984192825854,0.4249444007873535,196.49777221679688
13,dp_recalibrated_for_v2_0p95_eta0p01,41.126229354180396,0.4248490333557129,196.4930419921875
14,none,6.950477623380721,0.038562774658203125,24.040969848632812
14,v1_conservative,6.953087523637805,-7.569026231765747,24.15716552734375
14,v1_medium,6.951788082427811,-9.487373113632202,25.28251552581787
14,v1_stronger,6.950383786810562,-11.405718803405762,26.41112232208252
14,v2_0p95_eta0p01_decoded,8.841344644555647,-26.31846523284912,42.75127363204956
14,dp_0p000315,6.971879341639578,-0.3745269775390625,23.346160888671875
14,dp_0p0004,6.944920272566378,-0.5986435413360596,24.141429901123047
14,dp_0p00105,6.959796492941678,-2.2760391235351562,24.701885223388672
14,dp_recalibrated_for_v1_conservative,6.950372681953013,0.03804779052734375,24.041236877441406
14,dp_recalibrated_for_v1_medium,6.950432007201016,0.038524627685546875,24.038909912109375
14,dp_recalibrated_for_v1_stronger,6.9504536697641015,0.041156768798828125,24.043487548828125
14,dp_recalibrated_for_v2_0p95_eta0p01,6.950373911298811,0.0367889404296875,24.03976821899414
15,none,9.705195707269013,0.06551408767700195,32.639434814453125
15,v1_conservative,9.708058576492476,-6.972675800323486,30.582945823669434
15,v1_medium,9.712200761299755,-8.806573629379272,30.635851860046387
15,v1_stronger,9.71238670276216,-10.640471458435059,32.11591625213623
15,v2_0p95_eta0p01_decoded,11.535569476895034,-23.210460662841797,51.64373159408569
15,dp_0p000315,9.671278540976346,-0.31050777435302734,32.5947265625
15,dp_0p0004,9.684716566465795,-0.3376493453979492,32.348907470703125
15,dp_0p00105,9.67155220080167,-1.4242095947265625,33.10292053222656
15,dp_recalibrated_for_v1_conservative,9.705365524627268,0.06561422348022461,32.63935852050781
15,dp_recalibrated_for_v1_medium,9.705187427811325,0.06484413146972656,32.639739990234375
15,dp_recalibrated_for_v1_stronger,9.705229588784277,0.06410980224609375,32.64134216308594
15,dp_recalibrated_for_v2_0p95_eta0p01,9.705218608491123,0.0660243034362793,32.63775634765625
16,none,0.618670872412622,0.005721092224121094,2.8156166076660156
16,v1_conservative,0.6409113095141947,-10.375062346458435,8.378999710083008
16,v1_medium,0.6606822959147394,-12.991269946098328,10.40138053894043
16,v1_stronger,0.6864210111089051,-15.607476353645325,12.423751831054688
16,v2_0p95_eta0p01_decoded,2.651994155952707,-29.604570388793945,35.31235146522522
16,dp_0p000315,0.6224676137790084,-0.49548768997192383,3.100555419921875
16,dp_0p0004,0.6298522939905524,-0.510101318359375,2.6811141967773438
16,dp_0p00105,0.564076323993504,-1.8132076263427734,4.293567657470703
16,dp_recalibrated_for_v1_conservative,0.6185854887589812,0.004016399383544922,2.814472198486328
16,dp_recalibrated_for_v1_medium,0.6186315705999732,0.004297733306884766,2.8143386840820312
16,dp_recalibrated_for_v1_stronger,0.6188056441023946,0.00711822509765625,2.8155975341796875
16,dp_recalibrated_for_v2_0p95_eta0p01,0.6186096472665668,0.0065174102783203125,2.8161888122558594
17,none,754.8664615778252,1.410898208618164,2465.8006134033203
17,v1_conservative,754.7879220088944,4.681043386459351,2446.5072479248047
17,v1_medium,754.6430005037691,4.841627687215805,2441.683639526367
17,v1_stronger,754.4173622187227,4.916924595832825,2436.860336303711
17,v2_0p95_eta0p01_decoded,741.2559096058831,-353.2158432006836,2881.845993041992
17,dp_0p000315,101.25505724083632,2.8269169330596924,278.30120849609375
17,dp_0p0004,101.30110061820596,3.128652334213257,278.3253936767578
17,dp_0p00105,101.16620141174644,1.7873284816741943,275.56614685058594
17,dp_recalibrated_for_v1_conservative,101.26271705236286,2.7322075366973877,278.3374481201172
17,dp_recalibrated_for_v1_medium,101.2627268685028,2.7322027683258057,278.3338623046875
17,dp_recalibrated_for_v1_stronger,101.26257958915085,2.7312467098236084,278.3352355957031
17,dp_recalibrated_for_v2_0p95_eta0p01,101.2625759569928,2.72932505607605,278.33592224121094
18,none,325.684083356522,0.020233154296875,1070.4083099365234
18,v1_conservative,325.6867302916944,-8.882149696350098,1047.5658264160156
18,v1_medium,325.68858570745215,-11.267155647277832,1041.8551483154297
18,v1_stronger,325.6690673842095,-13.652161598205566,1036.144546508789
18,v2_0p95_eta0p01_decoded,320.8167076294776,-169.86356353759766,1227.539810180664
18,dp_0p000315,97.43855263199657,1.958191156387329,257.5794677734375
18,dp_0p0004,97.47391800489277,2.070488691329956,257.87945556640625
18,dp_0p00105,97.50199754815549,1.4944162368774414,256.82423400878906
18,dp_recalibrated_for_v1_conservative,97.4505509911105,2.33078932762146,257.66636657714844
18,dp_recalibrated_for_v1_medium,97.45054633449763,2.330949068069458,257.66575622558594
18,dp_recalibrated_for_v1_stronger,97.45049028750509,2.3292157649993896,257.66880798339844
18,dp_recalibrated_for_v2_0p95_eta0p01,97.45074109267443,2.3314998149871826,257.66651916503906
19,none,2.033448667265475,0.05629730224609375,7.139781951904297
19,v1_conservative,2.051564828492701,-9.497682571411133,10.850992202758789
19,v1_medium,2.068703276803717,-11.984575510025024,12.690877914428711
19,v1_stronger,2.0898350942879915,-14.47146725654602,14.56756591796875
19,v2_0p95_eta0p01_decoded,4.03340118957567,-28.63081645965576,34.80613040924072
19,dp_0p000315,2.0321185057982802,-0.5175933837890625,7.625965118408203
19,dp_0p0004,2.065022607333958,-0.4041748046875,7.048286437988281
19,dp_0p00105,1.9121340112760663,-2.1953811645507812,6.860870361328125
19,dp_recalibrated_for_v1_conservative,2.0333486339077353,0.055853843688964844,7.139209747314453
19,dp_recalibrated_for_v1_medium,2.0335109727457166,0.057098388671875,7.139896392822266
19,dp_recalibrated_for_v1_stronger,2.0334415892139077,0.055319786071777344,7.140392303466797
19,dp_recalibrated_for_v2_0p95_eta0p01,2.0337623739615083,0.055968284606933594,7.140659332275391
20,none,1.2417998826131225,0.002641439437866211,4.709692001342773
20,v1_conservative,1.2634068876504898,-9.701183319091797,10.728130340576172
20,v1_medium,1.2828944167122245,-12.200788736343384,13.191757202148438
20,v1_stronger,1.3079594550654292,-14.70039415359497,15.655384063720703
20,v2_0p95_eta0p01_decoded,3.2266769596608356,-29.97372007369995,38.16146183013916
20,dp_0p000315,1.2481031762436032,-0.5244293212890625,5.029325485229492
20,dp_0p0004,1.2710939170792699,-0.7957963943481445,5.446996688842773
20,dp_0p00105,1.378598810173571,-2.8573150634765625,6.098350524902344
20,dp_recalibrated_for_v1_conservative,1.2418037941679358,0.0009844303131103516,4.710416793823242
20,dp_recalibrated_for_v1_medium,1.2418344067409635,0.0017664432525634766,4.709463119506836
20,dp_recalibrated_for_v1_stronger,1.2420156700536609,0.0031898021697998047,4.709539413452148
20,dp_recalibrated_for_v2_0p95_eta0p01,1.2417441802099347,0.004143476486206055,4.707632064819336
21,none,8.751113937236369,0.027370929718017578,27.512557983398438
21,v1_conservative,8.75411845392955,-7.60627007484436,30.926671504974365
21,v1_medium,8.755320057520294,-9.834346055984497,31.775100708007812
21,v1_stronger,8.754645026259823,-12.190624952316284,32.62148666381836
21,v2_0p95_eta0p01_decoded,10.619371694312475,-25.407081604003906,48.922178745269775
21,dp_0p000315,8.758134563453496,-0.1797809600830078,27.225387573242188
21,dp_0p0004,8.67850738670677,-0.4748954772949219,27.885101318359375
21,dp_0p00105,8.598203650675714,-2.007580041885376,28.052337646484375
21,dp_recalibrated_for_v1_conservative,8.751196284778416,0.027208805084228516,27.512481689453125
21,dp_recalibrated_for_v1_medium,8.75115082692355,0.02695608139038086,27.515304565429688
21,dp_recalibrated_for_v1_stronger,8.751310045830905,0.027676105499267578,27.513092041015625
21,dp_recalibrated_for_v2_0p95_eta0p01,8.751134826801717,0.028648853302001953,27.511795043945312
22,none,347.00280082505196,1.6257951259613037,1209.7841339111328
22,v1_conservative,346.8623309871182,30.343052625656128,1145.4312591552734
22,v1_medium,346.6937206601724,31.349519968032837,1129.343002319336
22,v1_stronger,346.4636584473774,26.67646098136902,1113.2548217773438
22,v2_0p95_eta0p01_decoded,334.32901061698794,-182.18682479858398,1239.0112762451172
22,dp_0p000315,107.45401145983487,2.5997493267059326,368.1502227783203
22,dp_0p0004,107.47451700363308,3.026413679122925,367.47303771972656
22,dp_0p00105,107.23398707900196,2.20688796043396,368.2074432373047
22,dp_recalibrated_for_v1_conservative,107.43947930727154,2.442652940750122,367.97154235839844
22,dp_recalibrated_for_v1_medium,107.43959697056562,2.440356969833374,367.9720001220703
22,dp_recalibrated_for_v1_stronger,107.43952458817512,2.4423787593841553,367.97108459472656
22,dp_recalibrated_for_v2_0p95_eta0p01,107.43914589378983,2.4428651332855225,367.96864318847656
23,none,0.33297974709421396,0.017597198486328125,2.967548370361328
23,v1_conservative,0.35600712848827243,-9.368744850158691,10.355854034423828
23,v1_medium,0.37697278521955013,-11.948853492736816,12.836198806762695
23,v1_stronger,0.4039816684089601,-14.528962135314941,15.316534042358398
23,v2_0p95_eta0p01_decoded,2.361134994775057,-30.730955123901367,35.89330244064331
23,dp_0p000315,0.31635387893766165,-0.6770095825195312,2.7815818786621094
23,dp_0p0004,0.28172085154801607,-1.491983413696289,2.5386619567871094
23,dp_0p00105,0.25674512702971697,-2.67706298828125,4.529056549072266
23,dp_recalibrated_for_v1_conservative,0.33305836003273726,0.016839981079101562,2.966899871826172
23,dp_recalibrated_for_v1_medium,0.3329997519031167,0.017202377319335938,2.9688453674316406
23,dp_recalibrated_for_v1_stronger,0.33292056154459715,0.017831802368164062,2.9688072204589844
23,dp_recalibrated_for_v2_0p95_eta0p01,0.33307515177875757,0.0155181884765625,2.9698753356933594
24,none,34.547322635538876,0.07329177856445312,175.5305938720703
24,v1_conservative,34.551024724845774,-1.9252917766571045,167.50687408447266
24,v1_medium,34.558001098106615,-2.5808606147766113,165.50094413757324
24,v1_stronger,34.5639707937371,-3.2364288568496704,163.49501419067383
24,v2_0p95_eta0p01_decoded,35.15832028652221,-6.0413066148757935,171.92376899719238
24,dp_0p000315,34.54759100545198,0.0166933536529541,175.91725158691406
24,dp_0p0004,34.55872874800116,-0.30942726135253906,175.5395965576172
24,dp_0p00105,34.47261130530387,-1.2990303039550781,175.94082641601562
24,dp_recalibrated_for_v1_conservative,34.547122177667916,0.07258129119873047,175.53082275390625
24,dp_recalibrated_for_v1_medium,34.54714283440262,0.07468891143798828,175.53173828125
24,dp_recalibrated_for_v1_stronger,34.54724816698581,0.07218074798583984,175.5305938720703
24,dp_recalibrated_for_v2_0p95_eta0p01,34.54704767186195,0.07164192199707031,175.52906799316406
25,none,2380.4361434755847,2.4405388832092285,7523.087753295898
25,v1_conservative,2380.0055689467117,38.29385566711426,7108.260482788086
25,v1_medium,2379.3539794823155,47.25718545913696,7004.553207397461
25,v1_stronger,2378.460165943019,37.104329109191895,6974.783926010132
25,v2_0p95_eta0p01_decoded,2340.965225674212,-1264.4828567504883,8800.321640014648
25,dp_0p000315,101.89838932920247,2.9004476070404053,264.63597106933594
25,dp_0p0004,101.94564469251782,2.1456429958343506,263.36399841308594
25,dp_0p00105,101.8690323093906,4.158332109451294,263.75584411621094
25,dp_recalibrated_for_v1_conservative,101.91548202279955,2.72021746635437,264.59751892089844
25,dp_recalibrated_for_v1_medium,101.9154607700184,2.7201507091522217,264.5959930419922
25,dp_recalibrated_for_v1_stronger,101.91549677494913,2.720675230026245,264.59690856933594
25,dp_recalibrated_for_v2_0p95_eta0p01,101.91553309652954,2.7168939113616943,264.60011291503906
26,none,17.574606706388295,0.01622772216796875,62.150634765625
26,v1_conservative,17.5757675539935,-5.346819639205933,58.636006355285645
26,v1_medium,17.57784603664186,-6.867505788803101,57.75734806060791
26,v1_stronger,17.580285480129533,-8.388191938400269,56.87869215011597
26,v2_0p95_eta0p01_decoded,19.23294038590393,-19.877198696136475,73.96077632904053
26,dp_0p000315,17.639118731953204,-0.3599815368652344,62.14960479736328
26,dp_0p0004,17.55897205416113,-0.17910432815551758,61.89619445800781
26,dp_0p00105,17.495868486352265,-1.3668622970581055,62.810386657714844
26,dp_recalibrated_for_v1_conservative,17.574734260328114,0.01611328125,62.15114974975586
26,dp_recalibrated_for_v1_medium,17.574568429030478,0.01458740234375,62.15073013305664
26,dp_recalibrated_for_v1_stronger,17.574464791454375,0.01569366455078125,62.15202713012695
26,dp_recalibrated_for_v2_0p95_eta0p01,17.57456071767956,0.01691436767578125,62.1512451171875
27,none,22.21133040357381,0.1490936279296875,69.0383243560791
27,v1_conservative,22.211716989753768,-6.81105637550354,64.8000955581665
27,v1_medium,22.20890959992539,-8.771037101745605,63.74053955078125
27,v1_stronger,22.210001692641526,-10.73101544380188,62.680978775024414
27,v2_0p95_eta0p01_decoded,23.848051432418288,-17.86542510986328,82.42347049713135
27,dp_0p000315,22.17643089685589,0.09447669982910156,69.13260459899902
27,dp_0p0004,22.194823605008423,0.0349578857421875,69.56833839416504
27,dp_0p00105,22.13076874706894,-0.5325355529785156,67.86895084381104
27,dp_recalibrated_for_v1_conservative,22.211256084032357,0.14876937866210938,69.0396785736084
27,dp_recalibrated_for_v1_medium,22.211436816491187,0.14783477783203125,69.03756141662598
27,dp_recalibrated_for_v1_stronger,22.211577874608338,0.14697647094726562,69.03607368469238
27,dp_recalibrated_for_v2_0p95_eta0p01,22.211084031499922,0.148101806640625,69.03870582580566
28,none,31.734998338855803,0.2277393341064453,105.23268127441406
28,v1_conservative,31.736931628751336,-6.105275630950928,103.04386281967163
28,v1_medium,31.74163316193153,-7.980514049530029,102.47898721694946
28,v1_stronger,31.746202114212792,-9.855751276016235,101.90704488754272
28,v2_0p95_eta0p01_decoded,33.00069730647374,-11.909271240234375,113.70109462738037
28,dp_0p000315,31.722303145565093,0.17316532135009766,105.57829284667969
28,dp_0p0004,31.728389450348914,0.4283418655395508,105.39028930664062
28,dp_0p00105,31.70497125107795,0.0863347053527832,104.88241577148438
28,dp_recalibrated_for_v1_conservative,31.735192314721644,0.22818279266357422,105.23336791992188
28,dp_recalibrated_for_v1_medium,31.735086125321686,0.22727441787719727,105.23176574707031
28,dp_recalibrated_for_v1_stronger,31.735075601376593,0.2284855842590332,105.23222351074219
28,dp_recalibrated_for_v2_0p95_eta0p01,31.734720543958247,0.22824716567993164,105.23527526855469
29,none,22.31710046622902,0.029331207275390625,73.10594940185547
29,v1_conservative,22.318092394183623,-4.457573175430298,69.60757637023926
29,v1_medium,22.318430711660767,-5.580361366271973,68.73298072814941
29,v1_stronger,22.31587979242613,-6.7031495571136475,67.85838985443115
29,v2_0p95_eta0p01_decoded,23.88662060131901,-18.466711044311523,90.30441284179688
29,dp_0p000315,22.310732156969607,-0.40964698791503906,73.44887161254883
29,dp_0p0004,22.27465104404837,-0.6013538837432861,73.24800872802734
29,dp_0p00105,22.311118320561945,-1.7297072410583496,72.64206314086914
29,dp_recalibrated_for_v1_conservative,22.317175735719502,0.03034210205078125,73.10598754882812
29,dp_recalibrated_for_v1_medium,22.31699433270842,0.029407501220703125,73.10614013671875
29,dp_recalibrated_for_v1_stronger,22.316998151130974,0.0294647216796875,73.10806655883789
29,dp_recalibrated_for_v2_0p95_eta0p01,22.316903398372233,0.030666351318359375,73.10743713378906
30,none,12.247196436859667,0.7333369255065918,47.6673583984375
30,v1_conservative,12.249943197879475,-6.1532511711120605,52.486846923828125
30,v1_medium,12.25106721924385,-8.203155040740967,53.691728591918945
30,v1_stronger,12.253954441752285,-10.253056526184082,54.89659595489502
30,v2_0p95_eta0p01_decoded,13.917328480369179,-22.10432243347168,59.607279539108276
30,dp_0p000315,12.186225392855704,0.6500644683837891,46.50227355957031
30,dp_0p0004,12.261823919601738,0.08068227767944336,48.165252685546875
30,dp_0p00105,12.193589984439313,-2.2687535285949707,45.98439025878906
30,dp_recalibrated_for_v1_conservative,12.247226965613663,0.7325358390808105,47.66644287109375
30,dp_recalibrated_for_v1_medium,12.247378882952034,0.7347793579101562,47.66712951660156
30,dp_recalibrated_for_v1_stronger,12.246968858875334,0.7343144416809082,47.66789245605469
30,dp_recalibrated_for_v2_0p95_eta0p01,12.247114880941808,0.7349247932434082,47.66423034667969
31,none,41.31369993183762,0.0509033203125,130.63734436035156
31,v1_conservative,41.32173201744445,-5.153068542480469,122.17099571228027
31,v1_medium,41.324612841475755,-6.514676451683044,121.16563129425049
31,v1_stronger,41.323828919325024,-7.87628436088562,120.60509967803955
31,v2_0p95_eta0p01_decoded,42.66492423694581,-19.346147537231445,148.85698318481445
31,dp_0p000315,41.334849876351655,-0.0013020038604736328,130.1855697631836
31,dp_0p0004,41.31942866463214,-0.07892990112304688,130.3125991821289
31,dp_0p00105,41.30142603162676,-0.9849979877471924,130.59801483154297
31,dp_recalibrated_for_v1_conservative,41.31357897166163,0.05170440673828125,130.6378402709961
31,dp_recalibrated_for_v1_medium,41.31386723462492,0.0523529052734375,130.6387176513672
31,dp_recalibrated_for_v1_stronger,41.313977354206145,0.051609039306640625,130.6372299194336
31,dp_recalibrated_for_v2_0p95_eta0p01,41.31370857451111,0.050006866455078125,130.6373062133789
32,none,67.09609714429826,0.34958696365356445,296.4800262451172
32,v1_conservative,67.09832604951225,0.5024721026420593,283.04347038269043
32,v1_medium,67.0990284550353,0.5175631046295166,279.6856212615967
32,v1_stronger,67.10115355066955,0.5326535105705261,276.32829666137695
32,v2_0p95_eta0p01_decoded,64.84152244380675,-27.2219557762146,299.56106185913086
32,dp_0p000315,67.09672248084098,-0.14687013626098633,296.3678741455078
32,dp_0p0004,67.08590590488166,0.289858341217041,296.6374969482422
32,dp_0p00105,67.10497779864818,0.22262239456176758,296.6869354248047
32,dp_recalibrated_for_v1_conservative,67.09604526963085,0.3476557731628418,296.4794158935547
32,dp_recalibrated_for_v1_medium,67.09612968470901,0.34983015060424805,296.48048400878906
32,dp_recalibrated_for_v1_stronger,67.09605067130178,0.3511795997619629,296.4781951904297
32,dp_recalibrated_for_v2_0p95_eta0p01,67.09575887862593,0.3474555015563965,296.47911071777344
33,none,7.0942302802577615,0.042502403259277344,23.686569213867188
33,v1_conservative,7.095852242477122,-3.9051499366760254,27.59416389465332
33,v1_medium,7.098585395491682,-4.9349524974823,28.571064949035645
33,v1_stronger,7.101496891467832,-5.964755058288574,29.547961235046387
33,v2_0p95_eta0p01_decoded,8.965704703354277,-26.657451152801514,42.96434164047241
33,dp_0p000315,7.107596919871867,-0.4336280822753906,23.249862670898438
33,dp_0p0004,7.0976805137470365,-0.49534177780151367,23.581512451171875
33,dp_0p00105,7.079352634958923,-0.9799861907958984,24.466903686523438
33,dp_recalibrated_for_v1_conservative,7.094204687513411,0.04264068603515625,23.685958862304688
33,dp_recalibrated_for_v1_medium,7.094296329654753,0.04278850555419922,23.687484741210938
33,dp_recalibrated_for_v1_stronger,7.0944162188097835,0.045024871826171875,23.688095092773438
33,dp_recalibrated_for_v2_0p95_eta0p01,7.094253805465996,0.04179668426513672,23.685348510742188
34,none,105.15292975213379,0.0213623046875,344.42083740234375
34,v1_conservative,105.15951704327017,-0.7296218872070312,322.2735252380371
34,v1_medium,105.15034064394422,-0.9189262390136719,316.7366828918457
34,v1_stronger,105.14043442183174,-1.1082305908203125,311.1998596191406
34,v2_0p95_eta0p01_decoded,105.0828610335011,-40.04877185821533,374.83580017089844
34,dp_0p000315,86.29633783455938,0.21532678604125977,257.4578323364258
34,dp_0p0004,86.2860419517383,1.1177704334259033,257.24012756347656
34,dp_0p00105,86.09824049379677,1.074091911315918,254.9642791748047
34,dp_recalibrated_for_v1_conservative,86.28589873295277,1.0595152378082275,257.24146270751953
34,dp_recalibrated_for_v1_medium,86.28597523178905,1.061103105545044,257.2419967651367
34,dp_recalibrated_for_v1_stronger,86.28571604471654,1.0621068477630615,257.24214935302734
34,dp_recalibrated_for_v2_0p95_eta0p01,86.2862180462107,1.0610744953155518,257.24161529541016
35,none,66.48116304632276,0.005069732666015625,220.93878173828125
35,v1_conservative,66.47727649199078,-0.4155910015106201,204.47937393188477
35,v1_medium,66.48164758842904,-0.7669806480407715,200.36451721191406
35,v1_stronger,66.47832557826769,-1.1183714866638184,196.92352676391602
35,v2_0p95_eta0p01_decoded,67.18677798612043,-27.670560836791992,229.44065475463867
35,dp_0p000315,66.4618445103988,-0.4970855712890625,220.62433624267578
35,dp_0p0004,66.5173222227022,-0.28849029541015625,220.62212371826172
35,dp_0p00105,66.48034566175193,-2.2065200805664062,222.52100372314453
35,dp_recalibrated_for_v1_conservative,66.48127979692072,0.00634765625,220.9381332397461
35,dp_recalibrated_for_v1_medium,66.48114490415901,0.0059661865234375,220.9375228881836
35,dp_recalibrated_for_v1_stronger,66.48101349454373,0.005126953125,220.93618774414062
35,dp_recalibrated_for_v2_0p95_eta0p01,66.4810037156567,0.002590179443359375,220.93729400634766
36,none,0.5766851371154189,0.003346681594848633,2.213409423828125
36,v1_conservative,0.6001732158474624,-7.582252502441406,9.005098342895508
36,v1_medium,0.6215776780154556,-9.581807136535645,11.141366958618164
36,v1_stronger,0.6490439488552511,-11.581361770629883,13.287429809570312
36,v2_0p95_eta0p01_decoded,2.606958214659244,-30.77429962158203,34.40494227409363
36,dp_0p000315,0.5540146781131625,-0.6162257194519043,2.2665481567382812
36,dp_0p0004,0.6389523865655065,-0.6593856811523438,2.098215103149414
36,dp_0p00105,0.5933037316426635,-2.255072593688965,4.075000762939453
36,dp_recalibrated_for_v1_conservative,0.5766434697434306,0.0028030872344970703,2.2129898071289062
36,dp_recalibrated_for_v1_medium,0.5765751106664538,0.002774477005004883,2.2137527465820312
36,dp_recalibrated_for_v1_stronger,0.5765892388299108,0.003594636917114258,2.2132568359375
36,dp_recalibrated_for_v2_0p95_eta0p01,0.5767222689464688,0.002564668655395508,2.2125701904296875
37,none,330.3688243320212,0.05181884765625,1078.2835235595703
37,v1_conservative,330.37008184741717,-3.7235461473464966,1027.7417602539062
37,v1_medium,330.36922933044843,-4.693015098571777,1015.1063385009766
37,v1_stronger,330.34613875008654,-5.662484645843506,1002.4709167480469
37,v2_0p95_eta0p01_decoded,325.64463570457883,-171.68889617919922,1237.3133697509766
37,dp_0p000315,97.54192479979247,1.8991491794586182,259.5693664550781
37,dp_0p0004,97.50999490823597,2.695793867111206,260.2044372558594
37,dp_0p00105,97.50000982638448,1.6144607067108154,261.6946105957031
37,dp_recalibrated_for_v1_conservative,97.51402839180082,2.320449113845825,260.0143127441406
37,dp_recalibrated_for_v1_medium,97.51415724959224,2.322246789932251,260.0135498046875
37,dp_recalibrated_for_v1_stronger,97.51412090938538,2.318875551223755,260.0127868652344
37,dp_recalibrated_for_v2_0p95_eta0p01,97.5139589337632,2.3217008113861084,260.01210021972656
38,none,0.7633644724264741,0.00402069091796875,2.7346668243408203
38,v1_conservative,0.7863415065221488,-9.921887874603271,9.719839096069336
38,v1_medium,0.8073167814873159,-12.413594484329224,12.045812606811523
38,v1_stronger,0.8339908355847001,-14.905298709869385,14.426889419555664
38,v2_0p95_eta0p01_decoded,2.7588180822785944,-30.61973285675049,34.99820399284363
38,dp_0p000315,0.8083337368443608,-0.30118560791015625,2.8565845489501953
38,dp_0p0004,0.764237149618566,-0.7218866348266602,2.952362060546875
38,dp_0p00105,0.8423426197841763,-2.5116500854492188,3.9162368774414062
38,dp_recalibrated_for_v1_conservative,0.7634095763787627,0.004421234130859375,2.733732223510742
38,dp_recalibrated_for_v1_medium,0.7633927101269364,0.002056121826171875,2.735258102416992
38,dp_recalibrated_for_v1_stronger,0.7632280522957444,0.00302886962890625,2.7350292205810547
38,dp_recalibrated_for_v2_0p95_eta0p01,0.7632128624245524,0.003963470458984375,2.732454299926758
