group_id,mse_raw,mse_dna,mse_dp,delta_dna_raw,delta_dp_raw,D_dna_minus_dp,tie,psnr_raw,psnr_dna,psnr_dp,ssim_raw,ssim_dna,ssim_dp
0,1122.00634765625,1389.9317626953125,1566.9639892578125,267.9254150390625,444.9576416015625,-177.0322265625,False,18.218275519445772,19.76656007659561,18.54812027327117,0.09672805540016659,0.15627435523768632,0.13486965895257472
1,40.372798919677734,21.626760482788086,18.701618194580078,-18.74603843688965,-21.671180725097656,2.925142288208008,False,20.680259660542827,22.657201901300716,22.348391541808862,0.549502221149659,0.6683904752596284,0.6663529848335019
2,12.840791702270508,12.260564804077148,3.196397542953491,-0.5802268981933594,-9.644394159317017,9.064167261123657,False,26.36706347053582,26.275595964117947,30.9515580938845,0.8950520021852119,0.8925495264129935,0.9705551311867038
3,74.99950408935547,80.71061706542969,61.28989028930664,5.711112976074219,-13.709613800048828,19.420726776123047,False,23.36880002895578,22.091740280036266,22.50834384733611,0.7442221123995425,0.7103408501883095,0.7580718878604719
4,358.1700744628906,324.9759521484375,333.4136047363281,-33.194122314453125,-24.7564697265625,-8.437652587890625,False,22.865232051389096,22.754631106450404,22.735289352650682,0.7427579312619618,0.7549991648088531,0.7987626914838181
5,22.547548294067383,20.765878677368164,21.81098175048828,-1.7816696166992188,-0.7365665435791016,-1.0451030731201172,False,24.356649371736673,22.936421276923316,23.420798893494297,0.8014693006696204,0.7853423820018496,0.7842447136304173
6,10.257536888122559,7.902364730834961,4.460397720336914,-2.3551721572875977,-5.7971391677856445,3.441967010498047,False,30.732716048357,31.812080709138915,32.778791918803236,0.9560369648575139,0.9668877108273009,0.9782370760091127
7,169.09732055664062,163.86209106445312,388.73748779296875,-5.2352294921875,219.64016723632812,-224.87539672851562,False,20.835038930982005,20.577105264224123,16.70504944371373,0.6066110965751681,0.6004229879441392,-0.052137211360663696
8,7.88662052154541,26.09318733215332,6.703466415405273,18.20656681060791,-1.1831541061401367,19.389720916748047,False,26.15386203330358,20.95558695550468,26.786302121247605,0.885951441988211,0.6773496722625697,0.8951412398456923
9,16.53177833557129,17.694974899291992,4.0862956047058105,1.1631965637207031,-12.445482730865479,13.608679294586182,False,24.760289469548354,24.66599145332004,26.22259808557114,0.8095514911348326,0.799317177985289,0.9136601562626235
10,12.05315113067627,21.045207977294922,7.969785213470459,8.992056846618652,-4.0833659172058105,13.075422763824463,False,27.250339675576228,25.92361041385196,27.167333319728826,0.8823447749884357,0.8344478225345116,0.9047905602782375
11,1107.8232421875,694.1866455078125,3554.40380859375,-413.6365966796875,2446.58056640625,-2860.2171630859375,False,21.89175470119105,23.855187229336174,17.006989530204677,0.6011484059053538,0.7667818397711107,-0.035755048221908205
12,712.9136962890625,580.980224609375,912.4922485351562,-131.9334716796875,199.57855224609375,-331.51202392578125,False,16.55199392778847,17.395555324862244,16.609457087804703,0.09476089944508613,0.16781398803620678,0.05114881916639135
13,13.943098068237305,12.060129165649414,3.6026089191436768,-1.8829689025878906,-10.340489149093628,8.457520246505737,False,25.386336147682144,25.668571423130633,27.969814827697554,0.8035467058274116,0.8243777724615385,0.9212946442551694
14,74.67351531982422,82.69066619873047,57.02438735961914,8.01715087890625,-17.649127960205078,25.666278839111328,False,18.94312527969849,18.82163986107527,18.87977812374504,0.3568183326559356,0.32650115574408967,0.3671827364943364
15,53.30769729614258,23.09423828125,5.347179889678955,-30.213459014892578,-47.96051740646362,17.747058391571045,False,21.936442868533966,21.94439852701025,23.883181851155328,0.4292432805830577,0.5450048599783455,0.7472562310070169
16,20.352867126464844,11.615641593933105,20.425907135009766,-8.737225532531738,0.07304000854492188,-8.81026554107666,False,22.09566679941416,22.744750657709343,19.870092924695058,0.6434827863783759,0.6344383829182708,0.4984090323378897
17,28.50540542602539,30.516399383544922,13.01073169708252,2.0109939575195312,-15.494673728942871,17.505667686462402,False,19.629134953711077,17.429949065818008,17.52409668427964,0.12858678660507278,0.1311425342686187,0.16007074222958123
18,3901.89990234375,2330.486328125,3596.084716796875,-1571.41357421875,-305.815185546875,-1265.598388671875,False,19.504681738435597,21.435417046623293,20.734770655145823,0.26745478942724527,0.5530887807041706,0.4276435835535632
19,20.739530563354492,91.16516876220703,46.4154052734375,70.42563819885254,25.675874710083008,44.74976348876953,False,34.73601745108682,27.7369333686529,30.668601540266437,0.9806961763345742,0.8790960872682669,0.9493453561613949
20,43.79397964477539,36.908042907714844,12.900165557861328,-6.885936737060547,-30.893814086914062,24.007877349853516,False,22.960794058343637,21.988899159812476,26.049712303070706,0.7428005049620908,0.7557170706731362,0.8966171030325578
21,71.01854705810547,44.681522369384766,82.78910827636719,-26.337024688720703,11.770561218261719,-38.10758590698242,False,27.796404537218503,28.07961497183909,26.25848376741281,0.9080540704570145,0.9281012922630357,0.8885535727144139
22,216.76223754882812,246.3623046875,234.64601135253906,29.600067138671875,17.883773803710938,11.716293334960938,False,18.788089603079626,16.361841202803216,17.797951008088596,0.41423019406658707,0.28345886601016984,0.3604177386573767
23,11000.0791015625,9938.509765625,12864.51953125,-1061.5693359375,1864.4404296875,-2926.009765625,False,20.278328800134275,20.5677364062513,19.42650985660399,0.39048878760991695,0.4444758048626975,0.2956601941751866
24,16.4434757232666,23.43073272705078,5.265732765197754,6.98725700378418,-11.177742958068848,18.164999961853027,False,22.996086056665305,21.823776136201683,26.211117609383713,0.721755837069882,0.655119451816065,0.868425745501537
25,35.09165954589844,45.07194519042969,35.42916488647461,9.98028564453125,0.3375053405761719,9.642780303955078,False,22.121901857280328,22.46465889666112,21.50244309577443,0.7392245681016701,0.7362243197793911,0.7305928526335712
26,148.89808654785156,13.425475120544434,459.9468078613281,-135.47261142730713,311.04872131347656,-446.5213327407837,False,22.4229240437286,32.072511999353715,16.165428220150275,0.6453239656547511,0.9745401427413585,0.04710110563285317
27,16.289670944213867,19.152385711669922,55.270263671875,2.8627147674560547,38.98059272766113,-36.11787796020508,False,24.641276227099176,24.035832839624597,17.014846191265434,0.8282999051575851,0.8119090705782456,0.2611737536665456
28,54.738731384277344,48.12949752807617,20.85449981689453,-6.609233856201172,-33.88423156738281,27.27499771118164,False,21.098910321331882,20.143188499370545,16.866124684137674,0.40804697425593234,0.3677288599316804,0.20081247279456016
29,9.377981185913086,7.108619689941406,6.463083744049072,-2.2693614959716797,-2.9148974418640137,0.645535945892334,False,28.305234435722237,28.85196254204354,27.82072778868973,0.9212603638981898,0.9359909723888106,0.922856450175049
30,12058.91015625,11704.587890625,16598.3984375,-354.322265625,4539.48828125,-4893.810546875,False,19.59353797832542,19.676612628132784,18.313869671406444,0.2921308042213528,0.30914965973616926,0.06834973659567614
31,181.5299530029297,238.73887634277344,595.3076782226562,57.20892333984375,413.77772521972656,-356.5688018798828,False,19.809286121389647,19.9893642907186,15.464052824895319,0.6075013631147195,0.5521570965633816,-0.15834644407171192
32,624.8821411132812,184.98211669921875,3670.802490234375,-439.9000244140625,3045.9203491210938,-3485.8203735351562,False,22.274821225283944,28.57612107962566,16.715896894143278,0.6581127043989878,0.9293408819808481,-0.3262789584112617
33,127.24818420410156,116.09416198730469,123.61221313476562,-11.154022216796875,-3.6359710693359375,-7.5180511474609375,False,25.249830891622516,25.64824373158598,25.9868660462462,0.8132823588536716,0.8469506898385555,0.8775686738849852
34,13818.0693359375,14949.0419921875,21612.708984375,1130.97265625,7794.6396484375,-6663.6669921875,False,19.675821638685164,19.24667517706369,17.645717263353397,0.3166487419368253,0.24048297814421055,0.006608202625115827
35,35.68195724487305,27.762714385986328,30.662425994873047,-7.919242858886719,-5.01953125,-2.8997116088867188,False,21.627535396025877,21.828389041062128,20.57746144227636,0.6625596249323474,0.7087387368742131,0.6488457921481756
36,26.484251022338867,30.424274444580078,15.918527603149414,3.940023422241211,-10.565723419189453,14.505746841430664,False,30.805636205221155,30.856731500087065,32.232823202101905,0.9651202298532285,0.9612221535315701,0.9760863262419956
37,45.02052688598633,40.570919036865234,30.420164108276367,-4.449607849121094,-14.600362777709961,10.150754928588867,False,26.968954739810517,28.063205834376124,28.32124021038328,0.8955986892372896,0.9151152700759032,0.9312098371078644
38,19.409578323364258,19.246339797973633,9.126039505004883,-0.163238525390625,-10.283538818359375,10.12030029296875,False,24.241137192788187,24.15172937835964,25.933779266216913,0.7736273968900641,0.7652694284810037,0.8484452395018772
39,1973.715576171875,2187.525390625,2406.0126953125,213.809814453125,432.297119140625,-218.4873046875,False,17.199681327155044,17.99300724099519,18.921537545383444,0.055421888747385274,0.0804110448508423,0.13260847084851873
40,40.44070053100586,47.832942962646484,10.131073951721191,7.392242431640625,-30.309626579284668,37.70186901092529,False,20.180272284676647,19.852572741317665,21.61563932018483,0.29475500505272884,0.2859978645466991,0.49635862818206156
41,33.40134048461914,38.1541748046875,13.168966293334961,4.752834320068359,-20.23237419128418,24.98520851135254,False,27.840276894833167,29.247917923819138,31.477976294302774,0.9214324959452049,0.9453601866612235,0.9731224978143947
42,12.216008186340332,13.517324447631836,7.619919776916504,1.301316261291504,-4.596088409423828,5.897404670715332,False,25.354572843650438,26.017506121491394,25.29852903752643,0.8663754803922452,0.8689007955435869,0.887125127664152
43,6088.970703125,8456.2119140625,7664.16162109375,2367.2412109375,1575.19091796875,792.05029296875,False,21.50666533952615,19.787997284997665,20.443345865262362,0.5608192953197612,0.3196831408942562,0.4597347779720964
