group_id,n_baseline_restarts,objective_best_restart,objective_best_objective,objective_best_fraud_mse,objective_best_non_fraud_mse,prior_fraud_mse_mean,zero_objective_best_fraud_mse,objective_minus_prior_fraud_mse,objective_minus_zero_fraud_mse,max_balance_residual_raw,mean_defense_relative_l2_delta,mean_defense_keep_ratio
0,8,6,1.0931928157806396,18060.375728931373,1359.4705315520064,23399.636264859575,20907.6809133513,-5339.260535928202,-2847.305184419929,0.8634321905556135,0.10000000909322349,1.0
1,8,2,0.9511390328407288,49.707295188778566,37.35945748916382,46.91756289613117,71.58408615001518,2.7897322926473933,-21.876790961236615,0.35394110810011625,0.10000000813642868,1.0
2,8,4,0.9547936320304871,343.21050525537663,233.2689128224093,3521.715716740514,3433.200768587401,-3178.5052114851374,-3089.9902633320244,0.2126510664820671,0.10000000366692441,1.0
3,8,1,1.0806937217712402,7166.638939515241,1093.3793841731076,8347.52296884174,7930.505661430386,-1180.8840293264993,-763.8667219151448,0.6378871398046613,0.10000000013417319,1.0
4,8,7,1.0989508628845215,25513.725315348864,1554.4239338577815,43320.7543969636,44600.687801215565,-17807.02908161474,-19086.9624858667,0.6335558760911226,0.1000000056445604,1.0
5,8,5,0.890312671661377,6.69796027937159,50.474281970730935,16.295147612551983,15.540084410324706,-9.597187333180393,-8.842124130953117,0.15662297909148037,0.10000000926171498,1.0
6,8,0,0.954205334186554,28.04698923283253,103.28368932925368,925.0358133580046,908.3815449024946,-896.9888241251721,-880.3345556696621,0.7159127211198211,0.10000000306344071,1.0
7,8,5,0.9766120314598083,36452.86806068572,956.7984283044813,78670.59850930315,78931.22610945925,-42217.730448617425,-42478.35804877353,0.8240236081182957,0.10000000460551545,1.0
8,8,7,0.8547347187995911,13.868185337818753,143.42380100200168,53.643029652862424,113.68418751484477,-39.77484431504367,-99.81600217702601,0.3608557153493166,0.10000001148894606,1.0
9,8,3,0.8812909722328186,340.78857386272466,163.2066936912674,3159.0729247791323,3028.605246154188,-2818.2843509164077,-2687.8166722914634,0.7072170190513134,0.1000000015149442,1.0
10,8,0,1.0544792413711548,50932.59196949575,1708.9611381227412,75936.30212991236,73839.9696049777,-25003.710160416616,-22907.37763548195,0.5292042596265674,0.10000000533259777,1.0
11,8,1,1.0536267757415771,62.66787894826919,441.298959055391,783.2595850761214,842.6160406384163,-720.5917061278523,-779.9481616901471,0.5362284425646067,0.10000000229196924,1.0
