method,group_id,restart,realization_id,objective,fraud_mse,non_fraud_mse,prior_fraud_mse,max_balance_residual_raw
baseline,3,0,0,0.5608789324760437,6425.989762513892,268.17040572184834,8001.677602617426,0.1809415863826871
zero_update,3,0,0,0.8171238899230957,9159.84819498426,543.9204899614862,8001.677602617426,0.3933024210855365
baseline,3,1,0,0.5239874124526978,4259.536553588542,275.31179157593715,7230.354357856041,0.17139975307509303
zero_update,3,1,0,0.8155315518379211,7159.54603732943,285.65926492363707,7230.354357856041,0.3192144129425287
baseline,3,2,0,0.592707097530365,5179.539509374257,290.20635160114693,9254.984487316384,0.05874742893502116
zero_update,3,2,0,0.9512645602226257,9504.365101174879,321.3977031255326,9254.984487316384,0.11390199977904558
baseline,3,3,0,0.8389756679534912,9463.536204623344,309.8569741048528,8161.587179414626,0.11085868906229734
zero_update,3,3,0,0.822054386138916,5550.6984228060755,499.9871725553139,8161.587179414626,0.09996259864419699
baseline,3,4,0,0.5016623735427856,2234.6039225617233,289.8007360465985,8028.104191423545,0.23055665288120508
zero_update,3,4,0,0.7756372094154358,5881.1497456727475,342.153781553531,8028.104191423545,0.30034908652305603
baseline,3,5,0,0.6402782797813416,5165.417053886026,347.3192359993628,8775.269313996316,0.38888790272176266
zero_update,3,5,0,0.7586382031440735,10319.667043001187,306.8465764051401,8775.269313996316,0.30776525661349297
baseline,3,6,0,0.5002877712249756,2267.6200137944156,368.9173096433469,7158.769586263171,0.35553492000326514
zero_update,3,6,0,0.7805581092834473,6328.717937009228,299.89972756920446,7158.769586263171,0.14795187953859568
baseline,3,7,0,0.7494044303894043,5420.419751500264,557.697463119874,8929.728287427457,0.40624486096203327
zero_update,3,7,0,0.8351688981056213,7712.437836797075,733.9010757660814,8929.728287427457,0.17813432030379772
baseline,3,0,1,0.8067979216575623,7155.73454999396,634.6857758402163,8460.221979508084,0.20324765052646399
zero_update,3,0,1,0.8377473950386047,9196.17582938749,444.2242625261215,8460.221979508084,0.10096175875514746
baseline,3,1,1,0.7624324560165405,7594.222437200124,823.0952515818117,9511.275932705204,0.23439478501677513
zero_update,3,1,1,0.7627631425857544,13147.099425522449,382.99735163876585,9511.275932705204,0.13592899357900023
baseline,3,2,1,0.8720541000366211,10103.237637912596,429.87040097964336,10070.205124974293,0.30219800071790814
zero_update,3,2,1,0.8083636164665222,10636.283206103082,258.67889531201916,10070.205124974293,0.1533807828091085
baseline,3,3,1,0.5335584282875061,1999.7880478507382,325.6758116605515,7261.16826934801,0.1424102671444416
zero_update,3,3,1,0.7816582918167114,7072.029032123807,647.6863515347221,7261.16826934801,0.6320234080776572
baseline,3,4,1,0.872278094291687,7266.824177485915,711.0604216717052,8850.413488228322,0.22072904370725155
zero_update,3,4,1,0.8115254640579224,11415.269932095409,435.4968007101006,8850.413488228322,0.10811387991998345
baseline,3,5,1,0.7454074025154114,7180.994923453505,618.9429523060688,8838.111871905188,0.22497141174972057
zero_update,3,5,1,0.8181253671646118,11436.15113022489,641.0973258141985,8838.111871905188,0.769203070551157
baseline,3,6,1,0.7291145324707031,6866.893267696359,464.4828825247821,8764.72005577754,0.2594189022202045
zero_update,3,6,1,0.8474289774894714,7013.398979923351,329.29265316282607,8764.72005577754,0.11189579172059894
baseline,3,7,1,0.5167804956436157,4425.695479922932,257.8935401694624,7932.525836686322,0.115442780777812
zero_update,3,7,1,0.8256266713142395,7095.170511944962,680.5544625876297,7932.525836686322,0.8605398237705231
baseline,3,0,2,0.9016200304031372,10200.151662382445,498.310382686504,10209.892411579041,0.4695411091670394
zero_update,3,0,2,0.7956159710884094,11990.425241213276,317.96538374403195,10209.892411579041,0.07027353625744581
baseline,3,1,2,0.8714738488197327,11540.646025319613,597.5739799887364,8916.743095694777,0.46483192406594753
zero_update,3,1,2,0.7711571455001831,6585.14653727552,415.5863932371025,8916.743095694777,0.30180804152041674
baseline,3,2,2,0.7861166000366211,7810.214615274323,693.0837058882872,8366.33764600053,0.33835658710449934
zero_update,3,2,2,0.7844510674476624,6120.47987122466,595.9622288872005,8366.33764600053,0.17493122443556786
baseline,3,3,2,0.5048539638519287,2721.5142455499195,292.004049844588,7953.043580096138,0.17078648647293448
zero_update,3,3,2,0.8246368169784546,6583.272458317529,358.5027463242093,7953.043580096138,0.2621130496263504
baseline,3,4,2,0.4833389222621918,3847.345984433767,292.94484137057003,7917.3779944074095,0.18946296302601695
zero_update,3,4,2,0.8148707151412964,9191.71190174488,475.0502021063957,7917.3779944074095,0.12408784590661526
baseline,3,5,2,0.8212189078330994,7934.3448682188455,916.0697538725376,8057.104448765107,0.3210387686267495
zero_update,3,5,2,0.724162220954895,12659.292093578491,528.8508170023716,8057.104448765107,0.28152152616530657
baseline,3,6,2,0.8665074110031128,12817.469467568902,681.3782906256403,8383.284877160751,0.3264714512042701
zero_update,3,6,2,0.9342488050460815,10345.571589696881,331.7164927456032,8383.284877160751,0.1719719278626144
baseline,3,7,2,0.9144182801246643,14519.136216372326,537.2220180167185,11042.10768460983,0.15753302164375782
zero_update,3,7,2,0.8121064901351929,13104.048038936387,579.418187497564,11042.10768460983,0.4776149019598961
baseline,3,0,3,0.6141279339790344,5630.83591831826,284.50913433853253,7365.0434594125045,0.23584731575101614
zero_update,3,0,3,0.7635856866836548,5450.542033992394,279.10175070329495,7365.0434594125045,0.17885276395827532
baseline,3,1,3,0.8466722369194031,10408.452190783213,799.131288142706,9300.24316688486,0.5244785835966468
zero_update,3,1,3,0.7501192688941956,11374.710761713122,265.66128211833217,9300.24316688486,0.053123347694054246
baseline,3,2,3,0.8378180265426636,8945.88435690025,697.5653426116445,8307.740563520001,0.7067731814458966
zero_update,3,2,3,0.9295260906219482,8360.147150908188,338.07691149656813,8307.740563520001,0.11194431176409125
baseline,3,3,3,0.8092900514602661,7579.024471031894,456.5175044886737,9686.697810860967,0.6838756613433361
zero_update,3,3,3,0.8511658310890198,10478.072327537082,499.7811740574119,9686.697810860967,0.5509471027180552
baseline,3,4,3,0.46926000714302063,672.8191317168855,268.34727187887637,7413.380754210437,0.32267200760543346
zero_update,3,4,3,0.7561253309249878,5197.395649912497,391.00355616538144,7413.380754210437,0.2595585472881794
baseline,3,5,3,0.5240546464920044,2512.68507578119,334.7269754080259,8746.930977758473,0.11766708362847567
zero_update,3,5,3,0.8021436929702759,3926.1517254333953,484.151682900396,8746.930977758473,0.35202627070248127
baseline,3,6,3,0.49170950055122375,2207.341587775436,267.3296082005837,7779.1468685523805,0.21260882820934057
zero_update,3,6,3,0.7616522312164307,4723.834876444877,889.893809218869,7779.1468685523805,0.09909588331356645
baseline,3,7,3,0.8121320009231567,6626.379854948574,955.4480717511498,8915.941443457112,0.2912691608071327
zero_update,3,7,3,0.8787811398506165,8942.5847588338,742.1187356394039,8915.941443457112,0.4211576459929347
