dataset,cell,defense,comparator,index,dna_accuracy,dp_accuracy,dna_minus_dp
baf,ratio_batch1,dna_v1_conservative,local_dp_eps10,0,100.0,37.83783783783784,62.16216216216216
baf,ratio_batch1,dna_v1_conservative,local_dp_eps10,1,94.5945945945946,40.54054054054054,54.054054054054056
baf,ratio_batch1,dna_v1_conservative,local_dp_eps10,2,100.0,54.054054054054056,45.945945945945944
baf,ratio_batch1,dna_v1_conservative,local_dp_eps10,3,97.2972972972973,32.432432432432435,64.86486486486487
baf,ratio_batch1,dna_v1_conservative,local_dp_eps10,4,97.2972972972973,35.13513513513513,62.162162162162176
baf,ratio_batch1,dna_v1_conservative,local_dp_eps10,5,94.5945945945946,48.64864864864865,45.945945945945944
baf,ratio_batch1,dna_v1_conservative,local_dp_eps10,6,100.0,40.54054054054054,59.45945945945946
baf,ratio_batch1,dna_v1_conservative,local_dp_eps10,7,94.5945945945946,35.13513513513513,59.45945945945947
baf,ratio_batch1,dna_v1_conservative,local_dp_eps10,8,97.2972972972973,29.729729729729726,67.56756756756758
baf,ratio_batch1,dna_v1_conservative,local_dp_eps10,9,97.2972972972973,45.945945945945944,51.35135135135136
baf,ratio_batch1,dna_v1_conservative,local_dp_eps10,10,91.89189189189189,43.24324324324324,48.648648648648646
baf,ratio_batch1,dna_v1_conservative,local_dp_eps10,11,100.0,35.13513513513513,64.86486486486487
baf,ratio_batch1,dna_v1_conservative,local_dp_eps10,12,100.0,37.83783783783784,62.16216216216216
baf,ratio_batch1,dna_v1_conservative,local_dp_eps10,13,100.0,40.54054054054054,59.45945945945946
baf,ratio_batch1,dna_v1_conservative,local_dp_eps10,14,94.5945945945946,37.83783783783784,56.75675675675676
baf,ratio_batch1,dna_v1_conservative,local_dp_eps10,15,97.2972972972973,27.027027027027028,70.27027027027027
baf,ratio_batch1,dna_v1_conservative,local_dp_eps10,16,100.0,40.54054054054054,59.45945945945946
baf,ratio_batch1,dna_v1_conservative,local_dp_eps10,17,97.2972972972973,37.83783783783784,59.45945945945947
baf,ratio_batch1,dna_v1_conservative,local_dp_eps10,18,100.0,37.83783783783784,62.16216216216216
baf,ratio_batch1,dna_v1_conservative,local_dp_eps10,19,97.2972972972973,48.64864864864865,48.64864864864865
baf,ratio_batch1,dna_v1_conservative,local_dp_eps10,20,100.0,48.64864864864865,51.35135135135135
baf,ratio_batch1,dna_v1_conservative,local_dp_eps10,21,94.5945945945946,51.35135135135135,43.24324324324325
baf,ratio_batch1,dna_v1_conservative,local_dp_eps10,22,100.0,37.83783783783784,62.16216216216216
baf,ratio_batch1,dna_v1_conservative,local_dp_eps10,23,67.56756756756756,40.54054054054054,27.027027027027025
baf,ratio_batch1,dna_v1_conservative,local_dp_eps10,24,97.2972972972973,45.945945945945944,51.35135135135136
baf,ratio_batch1,dna_v1_conservative,local_dp_eps10,25,100.0,48.64864864864865,51.35135135135135
baf,ratio_batch1,dna_v1_conservative,local_dp_eps10,26,94.5945945945946,32.432432432432435,62.16216216216216
baf,ratio_batch1,dna_v1_conservative,local_dp_eps10,27,100.0,27.027027027027028,72.97297297297297
baf,ratio_batch1,dna_v1_conservative,local_dp_eps10,28,100.0,48.64864864864865,51.35135135135135
baf,ratio_batch1,dna_v1_conservative,local_dp_eps10,29,100.0,32.432432432432435,67.56756756756756
baf,ratio_batch1,dna_v1_conservative,local_dp_eps10,30,97.2972972972973,48.64864864864865,48.64864864864865
baf,ratio_batch1,dna_v1_conservative,local_dp_eps10,31,97.2972972972973,29.729729729729726,67.56756756756758
baf,ratio_batch1,dna_v1_conservative,local_dp_eps10,32,100.0,35.13513513513513,64.86486486486487
baf,ratio_batch1,dna_v1_conservative,local_dp_eps10,33,100.0,43.24324324324324,56.75675675675676
baf,ratio_batch1,dna_v1_conservative,local_dp_eps10,34,100.0,24.32432432432432,75.67567567567568
baf,ratio_batch1,dna_v1_conservative,local_dp_eps10,35,94.5945945945946,43.24324324324324,51.351351351351354
baf,ratio_batch1,dna_v1_conservative,local_dp_eps10,36,100.0,56.75675675675676,43.24324324324324
baf,ratio_batch1,dna_v1_conservative,local_dp_eps10,37,97.2972972972973,29.729729729729726,67.56756756756758
baf,ratio_batch1,dna_v1_conservative,local_dp_eps10,38,94.5945945945946,37.83783783783784,56.75675675675676
baf,ratio_batch1,dna_v2_0p95,local_dp_eps10,0,97.2972972972973,37.83783783783784,59.45945945945947
baf,ratio_batch1,dna_v2_0p95,local_dp_eps10,1,94.5945945945946,40.54054054054054,54.054054054054056
baf,ratio_batch1,dna_v2_0p95,local_dp_eps10,2,94.5945945945946,54.054054054054056,40.54054054054054
baf,ratio_batch1,dna_v2_0p95,local_dp_eps10,3,59.45945945945945,32.432432432432435,27.027027027027017
baf,ratio_batch1,dna_v2_0p95,local_dp_eps10,4,86.48648648648648,35.13513513513513,51.351351351351354
baf,ratio_batch1,dna_v2_0p95,local_dp_eps10,5,72.97297297297297,48.64864864864865,24.324324324324316
baf,ratio_batch1,dna_v2_0p95,local_dp_eps10,6,100.0,40.54054054054054,59.45945945945946
baf,ratio_batch1,dna_v2_0p95,local_dp_eps10,7,100.0,35.13513513513513,64.86486486486487
baf,ratio_batch1,dna_v2_0p95,local_dp_eps10,8,97.2972972972973,29.729729729729726,67.56756756756758
baf,ratio_batch1,dna_v2_0p95,local_dp_eps10,9,94.5945945945946,45.945945945945944,48.64864864864865
baf,ratio_batch1,dna_v2_0p95,local_dp_eps10,10,70.27027027027026,43.24324324324324,27.027027027027017
baf,ratio_batch1,dna_v2_0p95,local_dp_eps10,11,97.2972972972973,35.13513513513513,62.162162162162176
baf,ratio_batch1,dna_v2_0p95,local_dp_eps10,12,97.2972972972973,37.83783783783784,59.45945945945947
baf,ratio_batch1,dna_v2_0p95,local_dp_eps10,13,91.89189189189189,40.54054054054054,51.35135135135135
baf,ratio_batch1,dna_v2_0p95,local_dp_eps10,14,67.56756756756756,37.83783783783784,29.729729729729726
baf,ratio_batch1,dna_v2_0p95,local_dp_eps10,15,94.5945945945946,27.027027027027028,67.56756756756756
baf,ratio_batch1,dna_v2_0p95,local_dp_eps10,16,100.0,40.54054054054054,59.45945945945946
baf,ratio_batch1,dna_v2_0p95,local_dp_eps10,17,62.16216216216216,37.83783783783784,24.324324324324323
baf,ratio_batch1,dna_v2_0p95,local_dp_eps10,18,94.5945945945946,37.83783783783784,56.75675675675676
baf,ratio_batch1,dna_v2_0p95,local_dp_eps10,19,97.2972972972973,48.64864864864865,48.64864864864865
baf,ratio_batch1,dna_v2_0p95,local_dp_eps10,20,97.2972972972973,48.64864864864865,48.64864864864865
baf,ratio_batch1,dna_v2_0p95,local_dp_eps10,21,81.08108108108108,51.35135135135135,29.729729729729733
baf,ratio_batch1,dna_v2_0p95,local_dp_eps10,22,97.2972972972973,37.83783783783784,59.45945945945947
baf,ratio_batch1,dna_v2_0p95,local_dp_eps10,23,35.13513513513513,40.54054054054054,-5.405405405405411
baf,ratio_batch1,dna_v2_0p95,local_dp_eps10,24,97.2972972972973,45.945945945945944,51.35135135135136
baf,ratio_batch1,dna_v2_0p95,local_dp_eps10,25,91.89189189189189,48.64864864864865,43.243243243243235
baf,ratio_batch1,dna_v2_0p95,local_dp_eps10,26,67.56756756756756,32.432432432432435,35.13513513513513
baf,ratio_batch1,dna_v2_0p95,local_dp_eps10,27,75.67567567567568,27.027027027027028,48.648648648648646
baf,ratio_batch1,dna_v2_0p95,local_dp_eps10,28,94.5945945945946,48.64864864864865,45.945945945945944
baf,ratio_batch1,dna_v2_0p95,local_dp_eps10,29,94.5945945945946,32.432432432432435,62.16216216216216
baf,ratio_batch1,dna_v2_0p95,local_dp_eps10,30,89.1891891891892,48.64864864864865,40.54054054054054
baf,ratio_batch1,dna_v2_0p95,local_dp_eps10,31,100.0,29.729729729729726,70.27027027027027
baf,ratio_batch1,dna_v2_0p95,local_dp_eps10,32,67.56756756756756,35.13513513513513,32.432432432432435
baf,ratio_batch1,dna_v2_0p95,local_dp_eps10,33,94.5945945945946,43.24324324324324,51.351351351351354
baf,ratio_batch1,dna_v2_0p95,local_dp_eps10,34,91.89189189189189,24.32432432432432,67.56756756756756
baf,ratio_batch1,dna_v2_0p95,local_dp_eps10,35,97.2972972972973,43.24324324324324,54.05405405405406
baf,ratio_batch1,dna_v2_0p95,local_dp_eps10,36,94.5945945945946,56.75675675675676,37.83783783783784
baf,ratio_batch1,dna_v2_0p95,local_dp_eps10,37,72.97297297297297,29.729729729729726,43.24324324324324
baf,ratio_batch1,dna_v2_0p95,local_dp_eps10,38,100.0,37.83783783783784,62.16216216216216
baf,tableak_batch1,dna_v1_conservative,local_dp_eps10,0,100.0,37.83783783783784,62.16216216216216
baf,tableak_batch1,dna_v1_conservative,local_dp_eps10,1,100.0,35.13513513513513,64.86486486486487
baf,tableak_batch1,dna_v1_conservative,local_dp_eps10,2,100.0,37.83783783783784,62.16216216216216
baf,tableak_batch1,dna_v1_conservative,local_dp_eps10,3,100.0,37.83783783783784,62.16216216216216
baf,tableak_batch1,dna_v1_conservative,local_dp_eps10,4,100.0,27.027027027027028,72.97297297297297
baf,tableak_batch1,dna_v1_conservative,local_dp_eps10,5,100.0,40.54054054054054,59.45945945945946
baf,tableak_batch1,dna_v1_conservative,local_dp_eps10,6,100.0,32.432432432432435,67.56756756756756
baf,tableak_batch1,dna_v1_conservative,local_dp_eps10,7,100.0,43.24324324324324,56.75675675675676
baf,tableak_batch1,dna_v1_conservative,local_dp_eps10,8,100.0,35.13513513513513,64.86486486486487
baf,tableak_batch1,dna_v1_conservative,local_dp_eps10,9,100.0,27.027027027027028,72.97297297297297
baf,tableak_batch1,dna_v1_conservative,local_dp_eps10,10,100.0,45.945945945945944,54.054054054054056
baf,tableak_batch1,dna_v1_conservative,local_dp_eps10,11,100.0,40.54054054054054,59.45945945945946
baf,tableak_batch1,dna_v1_conservative,local_dp_eps10,12,100.0,37.83783783783784,62.16216216216216
baf,tableak_batch1,dna_v1_conservative,local_dp_eps10,13,100.0,37.83783783783784,62.16216216216216
baf,tableak_batch1,dna_v1_conservative,local_dp_eps10,14,100.0,35.13513513513513,64.86486486486487
baf,tableak_batch1,dna_v1_conservative,local_dp_eps10,15,100.0,29.729729729729726,70.27027027027027
baf,tableak_batch1,dna_v1_conservative,local_dp_eps10,16,100.0,32.432432432432435,67.56756756756756
baf,tableak_batch1,dna_v1_conservative,local_dp_eps10,17,100.0,29.729729729729726,70.27027027027027
baf,tableak_batch1,dna_v1_conservative,local_dp_eps10,18,100.0,37.83783783783784,62.16216216216216
baf,tableak_batch1,dna_v1_conservative,local_dp_eps10,19,100.0,32.432432432432435,67.56756756756756
baf,tableak_batch1,dna_v1_conservative,local_dp_eps10,20,100.0,40.54054054054054,59.45945945945946
baf,tableak_batch1,dna_v1_conservative,local_dp_eps10,21,100.0,35.13513513513513,64.86486486486487
baf,tableak_batch1,dna_v1_conservative,local_dp_eps10,22,100.0,40.54054054054054,59.45945945945946
baf,tableak_batch1,dna_v1_conservative,local_dp_eps10,23,100.0,35.13513513513513,64.86486486486487
baf,tableak_batch1,dna_v1_conservative,local_dp_eps10,24,100.0,35.13513513513513,64.86486486486487
baf,tableak_batch1,dna_v1_conservative,local_dp_eps10,25,100.0,24.32432432432432,75.67567567567568
baf,tableak_batch1,dna_v1_conservative,local_dp_eps10,26,97.2972972972973,29.729729729729726,67.56756756756758
baf,tableak_batch1,dna_v1_conservative,local_dp_eps10,27,100.0,29.729729729729726,70.27027027027027
baf,tableak_batch1,dna_v1_conservative,local_dp_eps10,28,100.0,37.83783783783784,62.16216216216216
baf,tableak_batch1,dna_v1_conservative,local_dp_eps10,29,100.0,35.13513513513513,64.86486486486487
baf,tableak_batch1,dna_v1_conservative,local_dp_eps10,30,100.0,18.918918918918916,81.08108108108108
baf,tableak_batch1,dna_v1_conservative,local_dp_eps10,31,100.0,29.729729729729726,70.27027027027027
baf,tableak_batch1,dna_v1_conservative,local_dp_eps10,32,100.0,43.24324324324324,56.75675675675676
baf,tableak_batch1,dna_v1_conservative,local_dp_eps10,33,100.0,37.83783783783784,62.16216216216216
baf,tableak_batch1,dna_v1_conservative,local_dp_eps10,34,100.0,37.83783783783784,62.16216216216216
baf,tableak_batch1,dna_v1_conservative,local_dp_eps10,35,100.0,37.83783783783784,62.16216216216216
baf,tableak_batch1,dna_v1_conservative,local_dp_eps10,36,100.0,21.62162162162162,78.37837837837839
baf,tableak_batch1,dna_v1_conservative,local_dp_eps10,37,100.0,24.32432432432432,75.67567567567568
baf,tableak_batch1,dna_v1_conservative,local_dp_eps10,38,100.0,45.945945945945944,54.054054054054056
baf,tableak_batch1,dna_v2_0p95,local_dp_eps10,0,100.0,37.83783783783784,62.16216216216216
baf,tableak_batch1,dna_v2_0p95,local_dp_eps10,1,100.0,35.13513513513513,64.86486486486487
baf,tableak_batch1,dna_v2_0p95,local_dp_eps10,2,100.0,37.83783783783784,62.16216216216216
baf,tableak_batch1,dna_v2_0p95,local_dp_eps10,3,100.0,37.83783783783784,62.16216216216216
baf,tableak_batch1,dna_v2_0p95,local_dp_eps10,4,100.0,27.027027027027028,72.97297297297297
baf,tableak_batch1,dna_v2_0p95,local_dp_eps10,5,100.0,40.54054054054054,59.45945945945946
baf,tableak_batch1,dna_v2_0p95,local_dp_eps10,6,100.0,32.432432432432435,67.56756756756756
baf,tableak_batch1,dna_v2_0p95,local_dp_eps10,7,100.0,43.24324324324324,56.75675675675676
baf,tableak_batch1,dna_v2_0p95,local_dp_eps10,8,100.0,35.13513513513513,64.86486486486487
baf,tableak_batch1,dna_v2_0p95,local_dp_eps10,9,100.0,27.027027027027028,72.97297297297297
baf,tableak_batch1,dna_v2_0p95,local_dp_eps10,10,100.0,45.945945945945944,54.054054054054056
baf,tableak_batch1,dna_v2_0p95,local_dp_eps10,11,100.0,40.54054054054054,59.45945945945946
baf,tableak_batch1,dna_v2_0p95,local_dp_eps10,12,100.0,37.83783783783784,62.16216216216216
baf,tableak_batch1,dna_v2_0p95,local_dp_eps10,13,100.0,37.83783783783784,62.16216216216216
baf,tableak_batch1,dna_v2_0p95,local_dp_eps10,14,100.0,35.13513513513513,64.86486486486487
baf,tableak_batch1,dna_v2_0p95,local_dp_eps10,15,100.0,29.729729729729726,70.27027027027027
baf,tableak_batch1,dna_v2_0p95,local_dp_eps10,16,100.0,32.432432432432435,67.56756756756756
baf,tableak_batch1,dna_v2_0p95,local_dp_eps10,17,100.0,29.729729729729726,70.27027027027027
baf,tableak_batch1,dna_v2_0p95,local_dp_eps10,18,100.0,37.83783783783784,62.16216216216216
baf,tableak_batch1,dna_v2_0p95,local_dp_eps10,19,100.0,32.432432432432435,67.56756756756756
baf,tableak_batch1,dna_v2_0p95,local_dp_eps10,20,100.0,40.54054054054054,59.45945945945946
baf,tableak_batch1,dna_v2_0p95,local_dp_eps10,21,100.0,35.13513513513513,64.86486486486487
baf,tableak_batch1,dna_v2_0p95,local_dp_eps10,22,100.0,40.54054054054054,59.45945945945946
baf,tableak_batch1,dna_v2_0p95,local_dp_eps10,23,100.0,35.13513513513513,64.86486486486487
baf,tableak_batch1,dna_v2_0p95,local_dp_eps10,24,100.0,35.13513513513513,64.86486486486487
baf,tableak_batch1,dna_v2_0p95,local_dp_eps10,25,100.0,24.32432432432432,75.67567567567568
baf,tableak_batch1,dna_v2_0p95,local_dp_eps10,26,100.0,29.729729729729726,70.27027027027027
baf,tableak_batch1,dna_v2_0p95,local_dp_eps10,27,100.0,29.729729729729726,70.27027027027027
baf,tableak_batch1,dna_v2_0p95,local_dp_eps10,28,100.0,37.83783783783784,62.16216216216216
baf,tableak_batch1,dna_v2_0p95,local_dp_eps10,29,100.0,35.13513513513513,64.86486486486487
baf,tableak_batch1,dna_v2_0p95,local_dp_eps10,30,100.0,18.918918918918916,81.08108108108108
baf,tableak_batch1,dna_v2_0p95,local_dp_eps10,31,100.0,29.729729729729726,70.27027027027027
baf,tableak_batch1,dna_v2_0p95,local_dp_eps10,32,100.0,43.24324324324324,56.75675675675676
baf,tableak_batch1,dna_v2_0p95,local_dp_eps10,33,100.0,37.83783783783784,62.16216216216216
baf,tableak_batch1,dna_v2_0p95,local_dp_eps10,34,100.0,37.83783783783784,62.16216216216216
baf,tableak_batch1,dna_v2_0p95,local_dp_eps10,35,100.0,37.83783783783784,62.16216216216216
baf,tableak_batch1,dna_v2_0p95,local_dp_eps10,36,100.0,21.62162162162162,78.37837837837839
baf,tableak_batch1,dna_v2_0p95,local_dp_eps10,37,100.0,24.32432432432432,75.67567567567568
baf,tableak_batch1,dna_v2_0p95,local_dp_eps10,38,100.0,45.945945945945944,54.054054054054056
baf,tableak_batch2,dna_v1_conservative,local_dp_eps10,0,100.0,31.081081081081074,68.91891891891893
baf,tableak_batch2,dna_v1_conservative,local_dp_eps10,1,100.0,41.89189189189189,58.10810810810811
baf,tableak_batch2,dna_v1_conservative,local_dp_eps10,2,98.64864864864865,37.83783783783783,60.810810810810814
baf,tableak_batch2,dna_v1_conservative,local_dp_eps10,3,100.0,44.5945945945946,55.4054054054054
baf,tableak_batch2,dna_v1_conservative,local_dp_eps10,4,100.0,43.24324324324324,56.75675675675676
baf,tableak_batch2,dna_v1_conservative,local_dp_eps10,5,100.0,39.189189189189186,60.810810810810814
baf,tableak_batch2,dna_v1_conservative,local_dp_eps10,6,100.0,35.13513513513513,64.86486486486487
baf,tableak_batch2,dna_v1_conservative,local_dp_eps10,7,100.0,33.78378378378378,66.21621621621622
baf,tableak_batch2,dna_v1_conservative,local_dp_eps10,8,100.0,32.432432432432435,67.56756756756756
baf,tableak_batch2,dna_v1_conservative,local_dp_eps10,9,100.0,28.37837837837838,71.62162162162161
baf,tableak_batch2,dna_v1_conservative,local_dp_eps10,10,98.64864864864865,31.081081081081074,67.56756756756758
baf,tableak_batch2,dna_v1_conservative,local_dp_eps10,11,98.64864864864865,31.081081081081074,67.56756756756758
baf,tableak_batch2,dna_v1_conservative,local_dp_eps10,12,100.0,33.78378378378378,66.21621621621622
baf,tableak_batch2,dna_v1_conservative,local_dp_eps10,13,100.0,40.54054054054055,59.45945945945945
baf,tableak_batch2,dna_v1_conservative,local_dp_eps10,14,100.0,33.78378378378378,66.21621621621622
baf,tableak_batch2,dna_v1_conservative,local_dp_eps10,15,100.0,33.78378378378378,66.21621621621622
baf,tableak_batch2,dna_v1_conservative,local_dp_eps10,16,100.0,36.48648648648649,63.51351351351351
baf,tableak_batch2,dna_v1_conservative,local_dp_eps10,17,100.0,36.48648648648649,63.51351351351351
baf,tableak_batch2,dna_v1_conservative,local_dp_eps10,18,100.0,33.78378378378378,66.21621621621622
baf,tableak_batch2,dna_v1_conservative,local_dp_eps10,19,100.0,33.78378378378378,66.21621621621622
baf,tableak_batch2,dna_v1_conservative,local_dp_eps10,20,100.0,43.24324324324324,56.75675675675676
baf,tableak_batch2,dna_v1_conservative,local_dp_eps10,21,100.0,33.78378378378378,66.21621621621622
baf,tableak_batch2,dna_v1_conservative,local_dp_eps10,22,100.0,41.89189189189189,58.10810810810811
baf,tableak_batch2,dna_v1_conservative,local_dp_eps10,23,100.0,44.5945945945946,55.4054054054054
baf,tableak_batch2,dna_v1_conservative,local_dp_eps10,24,100.0,37.83783783783784,62.16216216216216
baf,tableak_batch2,dna_v1_conservative,local_dp_eps10,25,100.0,36.48648648648649,63.51351351351351
baf,tableak_batch2,dna_v1_conservative,local_dp_eps10,26,100.0,41.89189189189189,58.10810810810811
baf,tableak_batch2,dna_v1_conservative,local_dp_eps10,27,100.0,28.37837837837838,71.62162162162161
baf,tableak_batch2,dna_v1_conservative,local_dp_eps10,28,97.2972972972973,32.432432432432435,64.86486486486487
baf,tableak_batch2,dna_v1_conservative,local_dp_eps10,29,100.0,45.945945945945944,54.054054054054056
baf,tableak_batch2,dna_v1_conservative,local_dp_eps10,30,100.0,36.48648648648649,63.51351351351351
baf,tableak_batch2,dna_v1_conservative,local_dp_eps10,31,97.2972972972973,33.78378378378378,63.51351351351352
baf,tableak_batch2,dna_v1_conservative,local_dp_eps10,32,100.0,33.78378378378378,66.21621621621622
baf,tableak_batch2,dna_v1_conservative,local_dp_eps10,33,100.0,36.48648648648649,63.51351351351351
baf,tableak_batch2,dna_v1_conservative,local_dp_eps10,34,100.0,35.13513513513513,64.86486486486487
baf,tableak_batch2,dna_v1_conservative,local_dp_eps10,35,100.0,33.78378378378378,66.21621621621622
baf,tableak_batch2,dna_v1_conservative,local_dp_eps10,36,100.0,37.83783783783783,62.16216216216217
baf,tableak_batch2,dna_v1_conservative,local_dp_eps10,37,100.0,40.54054054054055,59.45945945945945
baf,tableak_batch2,dna_v1_conservative,local_dp_eps10,38,100.0,41.89189189189189,58.10810810810811
baf,tableak_batch2,dna_v2_0p95,local_dp_eps10,0,100.0,31.081081081081074,68.91891891891893
baf,tableak_batch2,dna_v2_0p95,local_dp_eps10,1,100.0,41.89189189189189,58.10810810810811
baf,tableak_batch2,dna_v2_0p95,local_dp_eps10,2,100.0,37.83783783783783,62.16216216216217
baf,tableak_batch2,dna_v2_0p95,local_dp_eps10,3,100.0,44.5945945945946,55.4054054054054
baf,tableak_batch2,dna_v2_0p95,local_dp_eps10,4,100.0,43.24324324324324,56.75675675675676
baf,tableak_batch2,dna_v2_0p95,local_dp_eps10,5,100.0,39.189189189189186,60.810810810810814
baf,tableak_batch2,dna_v2_0p95,local_dp_eps10,6,100.0,35.13513513513513,64.86486486486487
baf,tableak_batch2,dna_v2_0p95,local_dp_eps10,7,100.0,33.78378378378378,66.21621621621622
baf,tableak_batch2,dna_v2_0p95,local_dp_eps10,8,100.0,32.432432432432435,67.56756756756756
baf,tableak_batch2,dna_v2_0p95,local_dp_eps10,9,100.0,28.37837837837838,71.62162162162161
baf,tableak_batch2,dna_v2_0p95,local_dp_eps10,10,100.0,31.081081081081074,68.91891891891893
baf,tableak_batch2,dna_v2_0p95,local_dp_eps10,11,100.0,31.081081081081074,68.91891891891893
baf,tableak_batch2,dna_v2_0p95,local_dp_eps10,12,100.0,33.78378378378378,66.21621621621622
baf,tableak_batch2,dna_v2_0p95,local_dp_eps10,13,100.0,40.54054054054055,59.45945945945945
baf,tableak_batch2,dna_v2_0p95,local_dp_eps10,14,100.0,33.78378378378378,66.21621621621622
baf,tableak_batch2,dna_v2_0p95,local_dp_eps10,15,100.0,33.78378378378378,66.21621621621622
baf,tableak_batch2,dna_v2_0p95,local_dp_eps10,16,100.0,36.48648648648649,63.51351351351351
baf,tableak_batch2,dna_v2_0p95,local_dp_eps10,17,100.0,36.48648648648649,63.51351351351351
baf,tableak_batch2,dna_v2_0p95,local_dp_eps10,18,100.0,33.78378378378378,66.21621621621622
baf,tableak_batch2,dna_v2_0p95,local_dp_eps10,19,100.0,33.78378378378378,66.21621621621622
baf,tableak_batch2,dna_v2_0p95,local_dp_eps10,20,100.0,43.24324324324324,56.75675675675676
baf,tableak_batch2,dna_v2_0p95,local_dp_eps10,21,100.0,33.78378378378378,66.21621621621622
baf,tableak_batch2,dna_v2_0p95,local_dp_eps10,22,100.0,41.89189189189189,58.10810810810811
baf,tableak_batch2,dna_v2_0p95,local_dp_eps10,23,100.0,44.5945945945946,55.4054054054054
baf,tableak_batch2,dna_v2_0p95,local_dp_eps10,24,100.0,37.83783783783784,62.16216216216216
baf,tableak_batch2,dna_v2_0p95,local_dp_eps10,25,100.0,36.48648648648649,63.51351351351351
baf,tableak_batch2,dna_v2_0p95,local_dp_eps10,26,100.0,41.89189189189189,58.10810810810811
baf,tableak_batch2,dna_v2_0p95,local_dp_eps10,27,100.0,28.37837837837838,71.62162162162161
baf,tableak_batch2,dna_v2_0p95,local_dp_eps10,28,98.64864864864865,32.432432432432435,66.21621621621621
baf,tableak_batch2,dna_v2_0p95,local_dp_eps10,29,100.0,45.945945945945944,54.054054054054056
baf,tableak_batch2,dna_v2_0p95,local_dp_eps10,30,100.0,36.48648648648649,63.51351351351351
baf,tableak_batch2,dna_v2_0p95,local_dp_eps10,31,97.2972972972973,33.78378378378378,63.51351351351352
baf,tableak_batch2,dna_v2_0p95,local_dp_eps10,32,100.0,33.78378378378378,66.21621621621622
baf,tableak_batch2,dna_v2_0p95,local_dp_eps10,33,100.0,36.48648648648649,63.51351351351351
baf,tableak_batch2,dna_v2_0p95,local_dp_eps10,34,100.0,35.13513513513513,64.86486486486487
baf,tableak_batch2,dna_v2_0p95,local_dp_eps10,35,100.0,33.78378378378378,66.21621621621622
baf,tableak_batch2,dna_v2_0p95,local_dp_eps10,36,100.0,37.83783783783783,62.16216216216217
baf,tableak_batch2,dna_v2_0p95,local_dp_eps10,37,100.0,40.54054054054055,59.45945945945945
baf,tableak_batch2,dna_v2_0p95,local_dp_eps10,38,100.0,41.89189189189189,58.10810810810811
ieee_cis,ratio_batch1,dna_v1_conservative,local_dp_eps10,0,97.14285714285714,59.04761904761905,38.09523809523809
ieee_cis,ratio_batch1,dna_v1_conservative,local_dp_eps10,1,98.57142857142858,60.952380952380956,37.61904761904763
ieee_cis,ratio_batch1,dna_v1_conservative,local_dp_eps10,2,85.71428571428572,58.33333333333333,27.380952380952394
ieee_cis,ratio_batch1,dna_v1_conservative,local_dp_eps10,3,98.80952380952381,59.76190476190476,39.04761904761905
ieee_cis,ratio_batch1,dna_v1_conservative,local_dp_eps10,4,99.28571428571429,68.80952380952381,30.47619047619048
ieee_cis,ratio_batch1,dna_v1_conservative,local_dp_eps10,5,98.57142857142858,61.42857142857143,37.14285714285715
ieee_cis,ratio_batch1,dna_v1_conservative,local_dp_eps10,6,91.42857142857143,60.0,31.42857142857143
ieee_cis,ratio_batch1,dna_v1_conservative,local_dp_eps10,7,95.47619047619048,56.19047619047619,39.28571428571429
ieee_cis,ratio_batch1,dna_v1_conservative,local_dp_eps10,8,84.76190476190476,59.285714285714285,25.476190476190474
ieee_cis,ratio_batch1,dna_v1_conservative,local_dp_eps10,9,95.23809523809523,55.714285714285715,39.52380952380951
ieee_cis,ratio_batch1,dna_v1_conservative,local_dp_eps10,10,98.57142857142858,65.0,33.571428571428584
ieee_cis,ratio_batch1,dna_v1_conservative,local_dp_eps10,11,88.33333333333333,61.66666666666667,26.666666666666657
ieee_cis,ratio_batch1,dna_v1_conservative,local_dp_eps10,12,85.0,60.0,25.0
ieee_cis,ratio_batch1,dna_v1_conservative,local_dp_eps10,13,99.04761904761905,65.71428571428571,33.33333333333334
ieee_cis,ratio_batch1,dna_v1_conservative,local_dp_eps10,14,60.23809523809525,47.14285714285714,13.095238095238109
ieee_cis,ratio_batch1,dna_v1_conservative,local_dp_eps10,15,71.66666666666667,55.714285714285715,15.952380952380956
ieee_cis,ratio_batch1,dna_v1_conservative,local_dp_eps10,16,98.80952380952381,63.57142857142857,35.23809523809524
ieee_cis,ratio_batch1,dna_v1_conservative,local_dp_eps10,17,98.09523809523809,61.42857142857143,36.66666666666666
ieee_cis,ratio_batch1,dna_v1_conservative,local_dp_eps10,18,79.52380952380953,59.04761904761905,20.47619047619048
ieee_cis,ratio_batch1,dna_v1_conservative,local_dp_eps10,19,77.85714285714286,63.095238095238095,14.761904761904766
ieee_cis,ratio_batch1,dna_v1_conservative,local_dp_eps10,20,98.57142857142858,61.1904761904762,37.38095238095239
ieee_cis,ratio_batch1,dna_v1_conservative,local_dp_eps10,21,98.57142857142858,68.0952380952381,30.47619047619048
ieee_cis,ratio_batch1,dna_v1_conservative,local_dp_eps10,22,77.61904761904762,64.52380952380952,13.095238095238102
ieee_cis,ratio_batch1,dna_v1_conservative,local_dp_eps10,23,99.04761904761905,60.0,39.04761904761905
ieee_cis,ratio_batch1,dna_v1_conservative,local_dp_eps10,24,98.80952380952381,64.76190476190476,34.04761904761905
ieee_cis,ratio_batch1,dna_v1_conservative,local_dp_eps10,25,91.19047619047619,49.523809523809526,41.666666666666664
ieee_cis,ratio_batch1,dna_v1_conservative,local_dp_eps10,26,72.38095238095238,55.47619047619048,16.904761904761898
ieee_cis,ratio_batch1,dna_v1_conservative,local_dp_eps10,27,95.71428571428572,60.71428571428572,35.0
ieee_cis,ratio_batch1,dna_v1_conservative,local_dp_eps10,28,83.33333333333334,59.523809523809526,23.809523809523817
ieee_cis,ratio_batch1,dna_v1_conservative,local_dp_eps10,29,74.04761904761905,57.61904761904761,16.428571428571438
ieee_cis,ratio_batch1,dna_v1_conservative,local_dp_eps10,30,99.52380952380952,65.0,34.52380952380952
ieee_cis,ratio_batch1,dna_v1_conservative,local_dp_eps10,31,95.0,61.1904761904762,33.8095238095238
ieee_cis,ratio_batch1,dna_v1_conservative,local_dp_eps10,32,96.9047619047619,64.52380952380952,32.38095238095238
ieee_cis,ratio_batch1,dna_v1_conservative,local_dp_eps10,33,70.0,61.1904761904762,8.809523809523803
ieee_cis,ratio_batch1,dna_v1_conservative,local_dp_eps10,34,78.57142857142857,63.095238095238095,15.476190476190474
ieee_cis,ratio_batch1,dna_v1_conservative,local_dp_eps10,35,99.52380952380952,62.38095238095238,37.14285714285714
ieee_cis,ratio_batch1,dna_v1_conservative,local_dp_eps10,36,82.85714285714285,58.57142857142856,24.285714285714285
ieee_cis,ratio_batch1,dna_v1_conservative,local_dp_eps10,37,73.33333333333334,60.0,13.333333333333343
ieee_cis,ratio_batch1,dna_v1_conservative,local_dp_eps10,38,79.52380952380953,47.61904761904761,31.90476190476192
ieee_cis,ratio_batch1,dna_v2_0p95,local_dp_eps10,0,63.33333333333333,59.04761904761905,4.285714285714278
ieee_cis,ratio_batch1,dna_v2_0p95,local_dp_eps10,1,75.0,60.952380952380956,14.047619047619044
ieee_cis,ratio_batch1,dna_v2_0p95,local_dp_eps10,2,62.857142857142854,58.33333333333333,4.5238095238095255
ieee_cis,ratio_batch1,dna_v2_0p95,local_dp_eps10,3,74.76190476190476,59.76190476190476,15.0
ieee_cis,ratio_batch1,dna_v2_0p95,local_dp_eps10,4,75.95238095238095,68.80952380952381,7.142857142857139
ieee_cis,ratio_batch1,dna_v2_0p95,local_dp_eps10,5,96.66666666666667,61.42857142857143,35.23809523809524
ieee_cis,ratio_batch1,dna_v2_0p95,local_dp_eps10,6,78.57142857142857,60.0,18.57142857142857
ieee_cis,ratio_batch1,dna_v2_0p95,local_dp_eps10,7,44.52380952380952,56.19047619047619,-11.666666666666671
ieee_cis,ratio_batch1,dna_v2_0p95,local_dp_eps10,8,53.095238095238095,59.285714285714285,-6.19047619047619
ieee_cis,ratio_batch1,dna_v2_0p95,local_dp_eps10,9,47.857142857142854,55.714285714285715,-7.857142857142861
ieee_cis,ratio_batch1,dna_v2_0p95,local_dp_eps10,10,67.61904761904762,65.0,2.6190476190476204
ieee_cis,ratio_batch1,dna_v2_0p95,local_dp_eps10,11,71.9047619047619,61.66666666666667,10.238095238095227
ieee_cis,ratio_batch1,dna_v2_0p95,local_dp_eps10,12,46.42857142857143,60.0,-13.57142857142857
ieee_cis,ratio_batch1,dna_v2_0p95,local_dp_eps10,13,70.71428571428571,65.71428571428571,5.0
ieee_cis,ratio_batch1,dna_v2_0p95,local_dp_eps10,14,32.61904761904761,47.14285714285714,-14.523809523809526
ieee_cis,ratio_batch1,dna_v2_0p95,local_dp_eps10,15,53.80952380952381,55.714285714285715,-1.904761904761905
ieee_cis,ratio_batch1,dna_v2_0p95,local_dp_eps10,16,99.28571428571429,63.57142857142857,35.71428571428572
ieee_cis,ratio_batch1,dna_v2_0p95,local_dp_eps10,17,71.66666666666667,61.42857142857143,10.23809523809524
ieee_cis,ratio_batch1,dna_v2_0p95,local_dp_eps10,18,64.28571428571428,59.04761904761905,5.238095238095227
ieee_cis,ratio_batch1,dna_v2_0p95,local_dp_eps10,19,37.142857142857146,63.095238095238095,-25.95238095238095
ieee_cis,ratio_batch1,dna_v2_0p95,local_dp_eps10,20,89.04761904761904,61.1904761904762,27.85714285714284
ieee_cis,ratio_batch1,dna_v2_0p95,local_dp_eps10,21,96.42857142857143,68.0952380952381,28.33333333333333
ieee_cis,ratio_batch1,dna_v2_0p95,local_dp_eps10,22,61.42857142857143,64.52380952380952,-3.095238095238088
ieee_cis,ratio_batch1,dna_v2_0p95,local_dp_eps10,23,82.38095238095238,60.0,22.38095238095238
ieee_cis,ratio_batch1,dna_v2_0p95,local_dp_eps10,24,82.85714285714285,64.76190476190476,18.095238095238088
ieee_cis,ratio_batch1,dna_v2_0p95,local_dp_eps10,25,41.42857142857142,49.523809523809526,-8.095238095238102
ieee_cis,ratio_batch1,dna_v2_0p95,local_dp_eps10,26,57.857142857142854,55.47619047619048,2.3809523809523725
ieee_cis,ratio_batch1,dna_v2_0p95,local_dp_eps10,27,41.19047619047619,60.71428571428572,-19.523809523809533
ieee_cis,ratio_batch1,dna_v2_0p95,local_dp_eps10,28,38.57142857142857,59.523809523809526,-20.952380952380956
ieee_cis,ratio_batch1,dna_v2_0p95,local_dp_eps10,29,51.19047619047619,57.61904761904761,-6.4285714285714235
ieee_cis,ratio_batch1,dna_v2_0p95,local_dp_eps10,30,95.71428571428572,65.0,30.714285714285722
ieee_cis,ratio_batch1,dna_v2_0p95,local_dp_eps10,31,71.42857142857143,61.1904761904762,10.238095238095234
ieee_cis,ratio_batch1,dna_v2_0p95,local_dp_eps10,32,65.71428571428571,64.52380952380952,1.1904761904761898
ieee_cis,ratio_batch1,dna_v2_0p95,local_dp_eps10,33,44.99999999999999,61.1904761904762,-16.190476190476204
ieee_cis,ratio_batch1,dna_v2_0p95,local_dp_eps10,34,57.61904761904761,63.095238095238095,-5.476190476190482
ieee_cis,ratio_batch1,dna_v2_0p95,local_dp_eps10,35,96.66666666666667,62.38095238095238,34.28571428571429
ieee_cis,ratio_batch1,dna_v2_0p95,local_dp_eps10,36,64.28571428571428,58.57142857142856,5.714285714285715
ieee_cis,ratio_batch1,dna_v2_0p95,local_dp_eps10,37,65.95238095238095,60.0,5.952380952380949
ieee_cis,ratio_batch1,dna_v2_0p95,local_dp_eps10,38,39.523809523809526,47.61904761904761,-8.095238095238088
ieee_cis,tableak_batch1,dna_v1_conservative,distortion_matched,0,100.0,100.0,0.0
ieee_cis,tableak_batch1,dna_v1_conservative,distortion_matched,1,100.0,100.0,0.0
ieee_cis,tableak_batch1,dna_v1_conservative,distortion_matched,2,100.0,100.0,0.0
ieee_cis,tableak_batch1,dna_v1_conservative,distortion_matched,3,100.0,100.0,0.0
ieee_cis,tableak_batch1,dna_v1_conservative,distortion_matched,4,100.0,100.0,0.0
ieee_cis,tableak_batch1,dna_v1_conservative,distortion_matched,5,100.0,100.0,0.0
ieee_cis,tableak_batch1,dna_v1_conservative,distortion_matched,6,100.0,100.0,0.0
ieee_cis,tableak_batch1,dna_v1_conservative,distortion_matched,7,100.0,100.0,0.0
ieee_cis,tableak_batch1,dna_v1_conservative,distortion_matched,8,100.0,100.0,0.0
ieee_cis,tableak_batch1,dna_v1_conservative,distortion_matched,9,100.0,100.0,0.0
ieee_cis,tableak_batch1,dna_v1_conservative,distortion_matched,10,100.0,100.0,0.0
ieee_cis,tableak_batch1,dna_v1_conservative,distortion_matched,11,100.0,100.0,0.0
ieee_cis,tableak_batch1,dna_v1_conservative,distortion_matched,12,100.0,100.0,0.0
ieee_cis,tableak_batch1,dna_v1_conservative,distortion_matched,13,100.0,100.0,0.0
ieee_cis,tableak_batch1,dna_v1_conservative,distortion_matched,14,100.0,100.0,0.0
ieee_cis,tableak_batch1,dna_v1_conservative,distortion_matched,15,100.0,100.0,0.0
ieee_cis,tableak_batch1,dna_v1_conservative,distortion_matched,16,100.0,100.0,0.0
ieee_cis,tableak_batch1,dna_v1_conservative,distortion_matched,17,100.0,100.0,0.0
ieee_cis,tableak_batch1,dna_v1_conservative,distortion_matched,18,100.0,100.0,0.0
ieee_cis,tableak_batch1,dna_v1_conservative,distortion_matched,19,100.0,100.0,0.0
ieee_cis,tableak_batch1,dna_v1_conservative,distortion_matched,20,100.0,100.0,0.0
ieee_cis,tableak_batch1,dna_v1_conservative,distortion_matched,21,100.0,100.0,0.0
ieee_cis,tableak_batch1,dna_v1_conservative,distortion_matched,22,100.0,100.0,0.0
ieee_cis,tableak_batch1,dna_v1_conservative,distortion_matched,23,100.0,100.0,0.0
ieee_cis,tableak_batch1,dna_v1_conservative,distortion_matched,24,100.0,100.0,0.0
ieee_cis,tableak_batch1,dna_v1_conservative,distortion_matched,25,100.0,100.0,0.0
ieee_cis,tableak_batch1,dna_v1_conservative,distortion_matched,26,100.0,100.0,0.0
ieee_cis,tableak_batch1,dna_v1_conservative,distortion_matched,27,100.0,100.0,0.0
ieee_cis,tableak_batch1,dna_v1_conservative,distortion_matched,28,100.0,100.0,0.0
ieee_cis,tableak_batch1,dna_v1_conservative,distortion_matched,29,100.0,100.0,0.0
ieee_cis,tableak_batch1,dna_v1_conservative,distortion_matched,30,100.0,100.0,0.0
ieee_cis,tableak_batch1,dna_v1_conservative,distortion_matched,31,100.0,100.0,0.0
ieee_cis,tableak_batch1,dna_v1_conservative,distortion_matched,32,100.0,100.0,0.0
ieee_cis,tableak_batch1,dna_v1_conservative,distortion_matched,33,100.0,100.0,0.0
ieee_cis,tableak_batch1,dna_v1_conservative,distortion_matched,34,100.0,100.0,0.0
ieee_cis,tableak_batch1,dna_v1_conservative,distortion_matched,35,100.0,100.0,0.0
ieee_cis,tableak_batch1,dna_v1_conservative,distortion_matched,36,100.0,100.0,0.0
ieee_cis,tableak_batch1,dna_v1_conservative,distortion_matched,37,100.0,100.0,0.0
ieee_cis,tableak_batch1,dna_v1_conservative,distortion_matched,38,100.0,100.0,0.0
ieee_cis,tableak_batch1,dna_v1_conservative,local_dp_eps10,0,100.0,46.29629629629629,53.70370370370371
ieee_cis,tableak_batch1,dna_v1_conservative,local_dp_eps10,1,100.0,29.629629629629626,70.37037037037038
ieee_cis,tableak_batch1,dna_v1_conservative,local_dp_eps10,2,100.0,40.74074074074075,59.25925925925925
ieee_cis,tableak_batch1,dna_v1_conservative,local_dp_eps10,3,100.0,33.333333333333336,66.66666666666666
ieee_cis,tableak_batch1,dna_v1_conservative,local_dp_eps10,4,100.0,25.92592592592593,74.07407407407408
ieee_cis,tableak_batch1,dna_v1_conservative,local_dp_eps10,5,100.0,12.962962962962965,87.03703703703704
ieee_cis,tableak_batch1,dna_v1_conservative,local_dp_eps10,6,100.0,33.333333333333336,66.66666666666666
ieee_cis,tableak_batch1,dna_v1_conservative,local_dp_eps10,7,100.0,38.888888888888886,61.111111111111114
ieee_cis,tableak_batch1,dna_v1_conservative,local_dp_eps10,8,100.0,33.333333333333336,66.66666666666666
ieee_cis,tableak_batch1,dna_v1_conservative,local_dp_eps10,9,100.0,38.888888888888886,61.111111111111114
ieee_cis,tableak_batch1,dna_v1_conservative,local_dp_eps10,10,100.0,44.44444444444444,55.55555555555556
ieee_cis,tableak_batch1,dna_v1_conservative,local_dp_eps10,11,100.0,31.481481481481477,68.51851851851852
ieee_cis,tableak_batch1,dna_v1_conservative,local_dp_eps10,12,100.0,18.518518518518523,81.48148148148148
ieee_cis,tableak_batch1,dna_v1_conservative,local_dp_eps10,13,100.0,31.481481481481477,68.51851851851852
ieee_cis,tableak_batch1,dna_v1_conservative,local_dp_eps10,14,100.0,35.18518518518518,64.81481481481481
ieee_cis,tableak_batch1,dna_v1_conservative,local_dp_eps10,15,100.0,38.888888888888886,61.111111111111114
ieee_cis,tableak_batch1,dna_v1_conservative,local_dp_eps10,16,100.0,38.888888888888886,61.111111111111114
ieee_cis,tableak_batch1,dna_v1_conservative,local_dp_eps10,17,100.0,35.18518518518518,64.81481481481481
ieee_cis,tableak_batch1,dna_v1_conservative,local_dp_eps10,18,100.0,33.333333333333336,66.66666666666666
ieee_cis,tableak_batch1,dna_v1_conservative,local_dp_eps10,19,100.0,35.18518518518518,64.81481481481481
ieee_cis,tableak_batch1,dna_v1_conservative,local_dp_eps10,20,100.0,27.77777777777778,72.22222222222223
ieee_cis,tableak_batch1,dna_v1_conservative,local_dp_eps10,21,100.0,38.888888888888886,61.111111111111114
ieee_cis,tableak_batch1,dna_v1_conservative,local_dp_eps10,22,100.0,40.74074074074075,59.25925925925925
ieee_cis,tableak_batch1,dna_v1_conservative,local_dp_eps10,23,100.0,38.888888888888886,61.111111111111114
ieee_cis,tableak_batch1,dna_v1_conservative,local_dp_eps10,24,100.0,38.888888888888886,61.111111111111114
ieee_cis,tableak_batch1,dna_v1_conservative,local_dp_eps10,25,100.0,31.481481481481477,68.51851851851852
ieee_cis,tableak_batch1,dna_v1_conservative,local_dp_eps10,26,100.0,40.74074074074075,59.25925925925925
ieee_cis,tableak_batch1,dna_v1_conservative,local_dp_eps10,27,100.0,38.888888888888886,61.111111111111114
ieee_cis,tableak_batch1,dna_v1_conservative,local_dp_eps10,28,100.0,18.518518518518523,81.48148148148148
ieee_cis,tableak_batch1,dna_v1_conservative,local_dp_eps10,29,100.0,29.629629629629626,70.37037037037038
ieee_cis,tableak_batch1,dna_v1_conservative,local_dp_eps10,30,100.0,40.74074074074075,59.25925925925925
ieee_cis,tableak_batch1,dna_v1_conservative,local_dp_eps10,31,100.0,35.18518518518518,64.81481481481481
ieee_cis,tableak_batch1,dna_v1_conservative,local_dp_eps10,32,100.0,38.888888888888886,61.111111111111114
ieee_cis,tableak_batch1,dna_v1_conservative,local_dp_eps10,33,100.0,31.481481481481477,68.51851851851852
ieee_cis,tableak_batch1,dna_v1_conservative,local_dp_eps10,34,100.0,35.18518518518518,64.81481481481481
ieee_cis,tableak_batch1,dna_v1_conservative,local_dp_eps10,35,100.0,37.03703703703704,62.96296296296296
ieee_cis,tableak_batch1,dna_v1_conservative,local_dp_eps10,36,100.0,31.481481481481477,68.51851851851852
ieee_cis,tableak_batch1,dna_v1_conservative,local_dp_eps10,37,100.0,40.74074074074075,59.25925925925925
ieee_cis,tableak_batch1,dna_v1_conservative,local_dp_eps10,38,100.0,35.18518518518518,64.81481481481481
ieee_cis,tableak_batch1,dna_v2_0p95,distortion_matched,0,100.0,100.0,0.0
ieee_cis,tableak_batch1,dna_v2_0p95,distortion_matched,1,100.0,100.0,0.0
ieee_cis,tableak_batch1,dna_v2_0p95,distortion_matched,2,100.0,100.0,0.0
ieee_cis,tableak_batch1,dna_v2_0p95,distortion_matched,3,100.0,100.0,0.0
ieee_cis,tableak_batch1,dna_v2_0p95,distortion_matched,4,100.0,100.0,0.0
ieee_cis,tableak_batch1,dna_v2_0p95,distortion_matched,5,100.0,100.0,0.0
ieee_cis,tableak_batch1,dna_v2_0p95,distortion_matched,6,100.0,100.0,0.0
ieee_cis,tableak_batch1,dna_v2_0p95,distortion_matched,7,100.0,100.0,0.0
ieee_cis,tableak_batch1,dna_v2_0p95,distortion_matched,8,100.0,100.0,0.0
ieee_cis,tableak_batch1,dna_v2_0p95,distortion_matched,9,100.0,100.0,0.0
ieee_cis,tableak_batch1,dna_v2_0p95,distortion_matched,10,100.0,100.0,0.0
ieee_cis,tableak_batch1,dna_v2_0p95,distortion_matched,11,100.0,100.0,0.0
ieee_cis,tableak_batch1,dna_v2_0p95,distortion_matched,12,100.0,100.0,0.0
ieee_cis,tableak_batch1,dna_v2_0p95,distortion_matched,13,100.0,100.0,0.0
ieee_cis,tableak_batch1,dna_v2_0p95,distortion_matched,14,100.0,100.0,0.0
ieee_cis,tableak_batch1,dna_v2_0p95,distortion_matched,15,100.0,100.0,0.0
ieee_cis,tableak_batch1,dna_v2_0p95,distortion_matched,16,100.0,100.0,0.0
ieee_cis,tableak_batch1,dna_v2_0p95,distortion_matched,17,100.0,100.0,0.0
ieee_cis,tableak_batch1,dna_v2_0p95,distortion_matched,18,100.0,100.0,0.0
ieee_cis,tableak_batch1,dna_v2_0p95,distortion_matched,19,100.0,100.0,0.0
ieee_cis,tableak_batch1,dna_v2_0p95,distortion_matched,20,100.0,100.0,0.0
ieee_cis,tableak_batch1,dna_v2_0p95,distortion_matched,21,100.0,100.0,0.0
ieee_cis,tableak_batch1,dna_v2_0p95,distortion_matched,22,100.0,100.0,0.0
ieee_cis,tableak_batch1,dna_v2_0p95,distortion_matched,23,100.0,100.0,0.0
ieee_cis,tableak_batch1,dna_v2_0p95,distortion_matched,24,100.0,100.0,0.0
ieee_cis,tableak_batch1,dna_v2_0p95,distortion_matched,25,100.0,100.0,0.0
ieee_cis,tableak_batch1,dna_v2_0p95,distortion_matched,26,100.0,100.0,0.0
ieee_cis,tableak_batch1,dna_v2_0p95,distortion_matched,27,100.0,100.0,0.0
ieee_cis,tableak_batch1,dna_v2_0p95,distortion_matched,28,100.0,100.0,0.0
ieee_cis,tableak_batch1,dna_v2_0p95,distortion_matched,29,100.0,100.0,0.0
ieee_cis,tableak_batch1,dna_v2_0p95,distortion_matched,30,100.0,100.0,0.0
ieee_cis,tableak_batch1,dna_v2_0p95,distortion_matched,31,100.0,100.0,0.0
ieee_cis,tableak_batch1,dna_v2_0p95,distortion_matched,32,100.0,100.0,0.0
ieee_cis,tableak_batch1,dna_v2_0p95,distortion_matched,33,100.0,100.0,0.0
ieee_cis,tableak_batch1,dna_v2_0p95,distortion_matched,34,100.0,100.0,0.0
ieee_cis,tableak_batch1,dna_v2_0p95,distortion_matched,35,100.0,100.0,0.0
ieee_cis,tableak_batch1,dna_v2_0p95,distortion_matched,36,100.0,100.0,0.0
ieee_cis,tableak_batch1,dna_v2_0p95,distortion_matched,37,100.0,100.0,0.0
ieee_cis,tableak_batch1,dna_v2_0p95,distortion_matched,38,100.0,100.0,0.0
ieee_cis,tableak_batch1,dna_v2_0p95,local_dp_eps10,0,100.0,46.29629629629629,53.70370370370371
ieee_cis,tableak_batch1,dna_v2_0p95,local_dp_eps10,1,100.0,29.629629629629626,70.37037037037038
ieee_cis,tableak_batch1,dna_v2_0p95,local_dp_eps10,2,100.0,40.74074074074075,59.25925925925925
ieee_cis,tableak_batch1,dna_v2_0p95,local_dp_eps10,3,100.0,33.333333333333336,66.66666666666666
ieee_cis,tableak_batch1,dna_v2_0p95,local_dp_eps10,4,100.0,25.92592592592593,74.07407407407408
ieee_cis,tableak_batch1,dna_v2_0p95,local_dp_eps10,5,100.0,12.962962962962965,87.03703703703704
ieee_cis,tableak_batch1,dna_v2_0p95,local_dp_eps10,6,100.0,33.333333333333336,66.66666666666666
ieee_cis,tableak_batch1,dna_v2_0p95,local_dp_eps10,7,100.0,38.888888888888886,61.111111111111114
ieee_cis,tableak_batch1,dna_v2_0p95,local_dp_eps10,8,100.0,33.333333333333336,66.66666666666666
ieee_cis,tableak_batch1,dna_v2_0p95,local_dp_eps10,9,100.0,38.888888888888886,61.111111111111114
ieee_cis,tableak_batch1,dna_v2_0p95,local_dp_eps10,10,100.0,44.44444444444444,55.55555555555556
ieee_cis,tableak_batch1,dna_v2_0p95,local_dp_eps10,11,100.0,31.481481481481477,68.51851851851852
ieee_cis,tableak_batch1,dna_v2_0p95,local_dp_eps10,12,100.0,18.518518518518523,81.48148148148148
ieee_cis,tableak_batch1,dna_v2_0p95,local_dp_eps10,13,100.0,31.481481481481477,68.51851851851852
ieee_cis,tableak_batch1,dna_v2_0p95,local_dp_eps10,14,100.0,35.18518518518518,64.81481481481481
ieee_cis,tableak_batch1,dna_v2_0p95,local_dp_eps10,15,100.0,38.888888888888886,61.111111111111114
ieee_cis,tableak_batch1,dna_v2_0p95,local_dp_eps10,16,100.0,38.888888888888886,61.111111111111114
ieee_cis,tableak_batch1,dna_v2_0p95,local_dp_eps10,17,100.0,35.18518518518518,64.81481481481481
ieee_cis,tableak_batch1,dna_v2_0p95,local_dp_eps10,18,100.0,33.333333333333336,66.66666666666666
ieee_cis,tableak_batch1,dna_v2_0p95,local_dp_eps10,19,100.0,35.18518518518518,64.81481481481481
ieee_cis,tableak_batch1,dna_v2_0p95,local_dp_eps10,20,100.0,27.77777777777778,72.22222222222223
ieee_cis,tableak_batch1,dna_v2_0p95,local_dp_eps10,21,100.0,38.888888888888886,61.111111111111114
ieee_cis,tableak_batch1,dna_v2_0p95,local_dp_eps10,22,100.0,40.74074074074075,59.25925925925925
ieee_cis,tableak_batch1,dna_v2_0p95,local_dp_eps10,23,100.0,38.888888888888886,61.111111111111114
ieee_cis,tableak_batch1,dna_v2_0p95,local_dp_eps10,24,100.0,38.888888888888886,61.111111111111114
ieee_cis,tableak_batch1,dna_v2_0p95,local_dp_eps10,25,100.0,31.481481481481477,68.51851851851852
ieee_cis,tableak_batch1,dna_v2_0p95,local_dp_eps10,26,100.0,40.74074074074075,59.25925925925925
ieee_cis,tableak_batch1,dna_v2_0p95,local_dp_eps10,27,100.0,38.888888888888886,61.111111111111114
ieee_cis,tableak_batch1,dna_v2_0p95,local_dp_eps10,28,100.0,18.518518518518523,81.48148148148148
ieee_cis,tableak_batch1,dna_v2_0p95,local_dp_eps10,29,100.0,29.629629629629626,70.37037037037038
ieee_cis,tableak_batch1,dna_v2_0p95,local_dp_eps10,30,100.0,40.74074074074075,59.25925925925925
ieee_cis,tableak_batch1,dna_v2_0p95,local_dp_eps10,31,100.0,35.18518518518518,64.81481481481481
ieee_cis,tableak_batch1,dna_v2_0p95,local_dp_eps10,32,100.0,38.888888888888886,61.111111111111114
ieee_cis,tableak_batch1,dna_v2_0p95,local_dp_eps10,33,100.0,31.481481481481477,68.51851851851852
ieee_cis,tableak_batch1,dna_v2_0p95,local_dp_eps10,34,100.0,35.18518518518518,64.81481481481481
ieee_cis,tableak_batch1,dna_v2_0p95,local_dp_eps10,35,100.0,37.03703703703704,62.96296296296296
ieee_cis,tableak_batch1,dna_v2_0p95,local_dp_eps10,36,100.0,31.481481481481477,68.51851851851852
ieee_cis,tableak_batch1,dna_v2_0p95,local_dp_eps10,37,100.0,40.74074074074075,59.25925925925925
ieee_cis,tableak_batch1,dna_v2_0p95,local_dp_eps10,38,100.0,35.18518518518518,64.81481481481481
paysim,ratio_batch1,dna_v1_conservative,local_dp_eps10,0,100.0,77.77777777777779,22.222222222222214
paysim,ratio_batch1,dna_v1_conservative,local_dp_eps10,1,100.0,77.77777777777779,22.222222222222214
paysim,ratio_batch1,dna_v1_conservative,local_dp_eps10,2,100.0,77.77777777777779,22.222222222222214
paysim,ratio_batch1,dna_v1_conservative,local_dp_eps10,3,100.0,55.55555555555556,44.44444444444444
paysim,ratio_batch1,dna_v1_conservative,local_dp_eps10,4,100.0,77.77777777777779,22.222222222222214
paysim,ratio_batch1,dna_v1_conservative,local_dp_eps10,5,100.0,66.66666666666667,33.33333333333333
paysim,ratio_batch1,dna_v1_conservative,local_dp_eps10,6,100.0,77.77777777777779,22.222222222222214
paysim,ratio_batch1,dna_v1_conservative,local_dp_eps10,7,88.88888888888889,44.44444444444444,44.44444444444444
paysim,ratio_batch1,dna_v1_conservative,local_dp_eps10,8,100.0,77.77777777777779,22.222222222222214
paysim,ratio_batch1,dna_v1_conservative,local_dp_eps10,9,100.0,77.77777777777779,22.222222222222214
paysim,ratio_batch1,dna_v1_conservative,local_dp_eps10,10,100.0,88.88888888888889,11.111111111111114
paysim,ratio_batch1,dna_v1_conservative,local_dp_eps10,11,100.0,77.77777777777779,22.222222222222214
paysim,ratio_batch1,dna_v1_conservative,local_dp_eps10,12,100.0,77.77777777777779,22.222222222222214
paysim,ratio_batch1,dna_v1_conservative,local_dp_eps10,13,100.0,11.111111111111116,88.88888888888889
paysim,ratio_batch1,dna_v1_conservative,local_dp_eps10,14,100.0,88.88888888888889,11.111111111111114
paysim,ratio_batch1,dna_v1_conservative,local_dp_eps10,15,100.0,66.66666666666667,33.33333333333333
paysim,ratio_batch1,dna_v1_conservative,local_dp_eps10,16,100.0,55.55555555555556,44.44444444444444
paysim,ratio_batch1,dna_v1_conservative,local_dp_eps10,17,100.0,66.66666666666667,33.33333333333333
paysim,ratio_batch1,dna_v1_conservative,local_dp_eps10,18,100.0,88.88888888888889,11.111111111111114
paysim,ratio_batch1,dna_v1_conservative,local_dp_eps10,19,100.0,77.77777777777779,22.222222222222214
paysim,ratio_batch1,dna_v1_conservative,local_dp_eps10,20,88.88888888888889,33.333333333333336,55.55555555555555
paysim,ratio_batch1,dna_v1_conservative,local_dp_eps10,21,100.0,88.88888888888889,11.111111111111114
paysim,ratio_batch1,dna_v1_conservative,local_dp_eps10,22,100.0,88.88888888888889,11.111111111111114
paysim,ratio_batch1,dna_v1_conservative,local_dp_eps10,23,100.0,33.333333333333336,66.66666666666666
paysim,ratio_batch1,dna_v1_conservative,local_dp_eps10,24,100.0,22.22222222222222,77.77777777777777
paysim,ratio_batch1,dna_v1_conservative,local_dp_eps10,25,100.0,44.44444444444444,55.55555555555556
paysim,ratio_batch1,dna_v1_conservative,local_dp_eps10,26,100.0,55.55555555555556,44.44444444444444
paysim,ratio_batch1,dna_v1_conservative,local_dp_eps10,27,100.0,88.88888888888889,11.111111111111114
paysim,ratio_batch1,dna_v1_conservative,local_dp_eps10,28,100.0,100.0,0.0
paysim,ratio_batch1,dna_v1_conservative,local_dp_eps10,29,100.0,77.77777777777779,22.222222222222214
paysim,ratio_batch1,dna_v1_conservative,local_dp_eps10,30,100.0,33.333333333333336,66.66666666666666
paysim,ratio_batch1,dna_v1_conservative,local_dp_eps10,31,100.0,77.77777777777779,22.222222222222214
paysim,ratio_batch1,dna_v1_conservative,local_dp_eps10,32,100.0,66.66666666666667,33.33333333333333
paysim,ratio_batch1,dna_v1_conservative,local_dp_eps10,33,100.0,77.77777777777779,22.222222222222214
paysim,ratio_batch1,dna_v1_conservative,local_dp_eps10,34,100.0,66.66666666666667,33.33333333333333
paysim,ratio_batch1,dna_v1_conservative,local_dp_eps10,35,100.0,77.77777777777779,22.222222222222214
paysim,ratio_batch1,dna_v1_conservative,local_dp_eps10,36,100.0,55.55555555555556,44.44444444444444
paysim,ratio_batch1,dna_v1_conservative,local_dp_eps10,37,100.0,88.88888888888889,11.111111111111114
paysim,ratio_batch1,dna_v1_conservative,local_dp_eps10,38,100.0,77.77777777777779,22.222222222222214
paysim,ratio_batch1,dna_v2_0p95,local_dp_eps10,0,100.0,77.77777777777779,22.222222222222214
paysim,ratio_batch1,dna_v2_0p95,local_dp_eps10,1,100.0,77.77777777777779,22.222222222222214
paysim,ratio_batch1,dna_v2_0p95,local_dp_eps10,2,100.0,77.77777777777779,22.222222222222214
paysim,ratio_batch1,dna_v2_0p95,local_dp_eps10,3,100.0,55.55555555555556,44.44444444444444
paysim,ratio_batch1,dna_v2_0p95,local_dp_eps10,4,100.0,77.77777777777779,22.222222222222214
paysim,ratio_batch1,dna_v2_0p95,local_dp_eps10,5,100.0,66.66666666666667,33.33333333333333
paysim,ratio_batch1,dna_v2_0p95,local_dp_eps10,6,100.0,77.77777777777779,22.222222222222214
paysim,ratio_batch1,dna_v2_0p95,local_dp_eps10,7,66.66666666666667,44.44444444444444,22.22222222222223
paysim,ratio_batch1,dna_v2_0p95,local_dp_eps10,8,100.0,77.77777777777779,22.222222222222214
paysim,ratio_batch1,dna_v2_0p95,local_dp_eps10,9,100.0,77.77777777777779,22.222222222222214
paysim,ratio_batch1,dna_v2_0p95,local_dp_eps10,10,100.0,88.88888888888889,11.111111111111114
paysim,ratio_batch1,dna_v2_0p95,local_dp_eps10,11,100.0,77.77777777777779,22.222222222222214
paysim,ratio_batch1,dna_v2_0p95,local_dp_eps10,12,100.0,77.77777777777779,22.222222222222214
paysim,ratio_batch1,dna_v2_0p95,local_dp_eps10,13,100.0,11.111111111111116,88.88888888888889
paysim,ratio_batch1,dna_v2_0p95,local_dp_eps10,14,100.0,88.88888888888889,11.111111111111114
paysim,ratio_batch1,dna_v2_0p95,local_dp_eps10,15,100.0,66.66666666666667,33.33333333333333
paysim,ratio_batch1,dna_v2_0p95,local_dp_eps10,16,100.0,55.55555555555556,44.44444444444444
paysim,ratio_batch1,dna_v2_0p95,local_dp_eps10,17,100.0,66.66666666666667,33.33333333333333
paysim,ratio_batch1,dna_v2_0p95,local_dp_eps10,18,100.0,88.88888888888889,11.111111111111114
paysim,ratio_batch1,dna_v2_0p95,local_dp_eps10,19,100.0,77.77777777777779,22.222222222222214
paysim,ratio_batch1,dna_v2_0p95,local_dp_eps10,20,88.88888888888889,33.333333333333336,55.55555555555555
paysim,ratio_batch1,dna_v2_0p95,local_dp_eps10,21,100.0,88.88888888888889,11.111111111111114
paysim,ratio_batch1,dna_v2_0p95,local_dp_eps10,22,100.0,88.88888888888889,11.111111111111114
paysim,ratio_batch1,dna_v2_0p95,local_dp_eps10,23,100.0,33.333333333333336,66.66666666666666
paysim,ratio_batch1,dna_v2_0p95,local_dp_eps10,24,88.88888888888889,22.22222222222222,66.66666666666666
paysim,ratio_batch1,dna_v2_0p95,local_dp_eps10,25,100.0,44.44444444444444,55.55555555555556
paysim,ratio_batch1,dna_v2_0p95,local_dp_eps10,26,100.0,55.55555555555556,44.44444444444444
paysim,ratio_batch1,dna_v2_0p95,local_dp_eps10,27,100.0,88.88888888888889,11.111111111111114
paysim,ratio_batch1,dna_v2_0p95,local_dp_eps10,28,100.0,100.0,0.0
paysim,ratio_batch1,dna_v2_0p95,local_dp_eps10,29,100.0,77.77777777777779,22.222222222222214
paysim,ratio_batch1,dna_v2_0p95,local_dp_eps10,30,100.0,33.333333333333336,66.66666666666666
paysim,ratio_batch1,dna_v2_0p95,local_dp_eps10,31,100.0,77.77777777777779,22.222222222222214
paysim,ratio_batch1,dna_v2_0p95,local_dp_eps10,32,100.0,66.66666666666667,33.33333333333333
paysim,ratio_batch1,dna_v2_0p95,local_dp_eps10,33,100.0,77.77777777777779,22.222222222222214
paysim,ratio_batch1,dna_v2_0p95,local_dp_eps10,34,100.0,66.66666666666667,33.33333333333333
paysim,ratio_batch1,dna_v2_0p95,local_dp_eps10,35,100.0,77.77777777777779,22.222222222222214
paysim,ratio_batch1,dna_v2_0p95,local_dp_eps10,36,100.0,55.55555555555556,44.44444444444444
paysim,ratio_batch1,dna_v2_0p95,local_dp_eps10,37,100.0,88.88888888888889,11.111111111111114
paysim,ratio_batch1,dna_v2_0p95,local_dp_eps10,38,100.0,77.77777777777779,22.222222222222214
paysim,tableak_batch1,dna_v1_conservative,local_dp_eps10,0,100.0,33.333333333333336,66.66666666666666
paysim,tableak_batch1,dna_v1_conservative,local_dp_eps10,1,100.0,11.111111111111116,88.88888888888889
paysim,tableak_batch1,dna_v1_conservative,local_dp_eps10,2,100.0,33.333333333333336,66.66666666666666
paysim,tableak_batch1,dna_v1_conservative,local_dp_eps10,3,100.0,11.111111111111116,88.88888888888889
paysim,tableak_batch1,dna_v1_conservative,local_dp_eps10,4,100.0,11.111111111111116,88.88888888888889
paysim,tableak_batch1,dna_v1_conservative,local_dp_eps10,5,100.0,11.111111111111116,88.88888888888889
paysim,tableak_batch1,dna_v1_conservative,local_dp_eps10,6,100.0,11.111111111111116,88.88888888888889
paysim,tableak_batch1,dna_v1_conservative,local_dp_eps10,7,100.0,44.44444444444444,55.55555555555556
paysim,tableak_batch1,dna_v1_conservative,local_dp_eps10,8,100.0,22.22222222222222,77.77777777777777
paysim,tableak_batch1,dna_v1_conservative,local_dp_eps10,9,100.0,33.333333333333336,66.66666666666666
paysim,tableak_batch1,dna_v1_conservative,local_dp_eps10,10,100.0,11.111111111111116,88.88888888888889
paysim,tableak_batch1,dna_v1_conservative,local_dp_eps10,11,100.0,22.22222222222222,77.77777777777777
paysim,tableak_batch1,dna_v1_conservative,local_dp_eps10,12,100.0,22.22222222222222,77.77777777777777
paysim,tableak_batch1,dna_v1_conservative,local_dp_eps10,13,100.0,0.0,100.0
paysim,tableak_batch1,dna_v1_conservative,local_dp_eps10,14,100.0,0.0,100.0
paysim,tableak_batch1,dna_v1_conservative,local_dp_eps10,15,100.0,0.0,100.0
paysim,tableak_batch1,dna_v1_conservative,local_dp_eps10,16,100.0,22.22222222222222,77.77777777777777
paysim,tableak_batch1,dna_v1_conservative,local_dp_eps10,17,100.0,33.333333333333336,66.66666666666666
paysim,tableak_batch1,dna_v1_conservative,local_dp_eps10,18,100.0,33.333333333333336,66.66666666666666
paysim,tableak_batch1,dna_v1_conservative,local_dp_eps10,19,100.0,22.22222222222222,77.77777777777777
paysim,tableak_batch1,dna_v1_conservative,local_dp_eps10,20,100.0,33.333333333333336,66.66666666666666
paysim,tableak_batch1,dna_v1_conservative,local_dp_eps10,21,100.0,33.333333333333336,66.66666666666666
paysim,tableak_batch1,dna_v1_conservative,local_dp_eps10,22,100.0,22.22222222222222,77.77777777777777
paysim,tableak_batch1,dna_v1_conservative,local_dp_eps10,23,100.0,33.333333333333336,66.66666666666666
paysim,tableak_batch1,dna_v1_conservative,local_dp_eps10,24,100.0,33.333333333333336,66.66666666666666
paysim,tableak_batch1,dna_v1_conservative,local_dp_eps10,25,100.0,11.111111111111116,88.88888888888889
paysim,tableak_batch1,dna_v1_conservative,local_dp_eps10,26,100.0,33.333333333333336,66.66666666666666
paysim,tableak_batch1,dna_v1_conservative,local_dp_eps10,27,100.0,55.55555555555556,44.44444444444444
paysim,tableak_batch1,dna_v1_conservative,local_dp_eps10,28,100.0,55.55555555555556,44.44444444444444
paysim,tableak_batch1,dna_v1_conservative,local_dp_eps10,29,100.0,11.111111111111116,88.88888888888889
paysim,tableak_batch1,dna_v1_conservative,local_dp_eps10,30,100.0,33.333333333333336,66.66666666666666
paysim,tableak_batch1,dna_v1_conservative,local_dp_eps10,31,100.0,22.22222222222222,77.77777777777777
paysim,tableak_batch1,dna_v1_conservative,local_dp_eps10,32,100.0,22.22222222222222,77.77777777777777
paysim,tableak_batch1,dna_v1_conservative,local_dp_eps10,33,100.0,22.22222222222222,77.77777777777777
paysim,tableak_batch1,dna_v1_conservative,local_dp_eps10,34,100.0,22.22222222222222,77.77777777777777
paysim,tableak_batch1,dna_v1_conservative,local_dp_eps10,35,100.0,11.111111111111116,88.88888888888889
paysim,tableak_batch1,dna_v1_conservative,local_dp_eps10,36,100.0,11.111111111111116,88.88888888888889
paysim,tableak_batch1,dna_v1_conservative,local_dp_eps10,37,100.0,44.44444444444444,55.55555555555556
paysim,tableak_batch1,dna_v1_conservative,local_dp_eps10,38,100.0,22.22222222222222,77.77777777777777
paysim,tableak_batch1,dna_v2_0p95,local_dp_eps10,0,100.0,33.333333333333336,66.66666666666666
paysim,tableak_batch1,dna_v2_0p95,local_dp_eps10,1,100.0,11.111111111111116,88.88888888888889
paysim,tableak_batch1,dna_v2_0p95,local_dp_eps10,2,100.0,33.333333333333336,66.66666666666666
paysim,tableak_batch1,dna_v2_0p95,local_dp_eps10,3,100.0,11.111111111111116,88.88888888888889
paysim,tableak_batch1,dna_v2_0p95,local_dp_eps10,4,100.0,11.111111111111116,88.88888888888889
paysim,tableak_batch1,dna_v2_0p95,local_dp_eps10,5,100.0,11.111111111111116,88.88888888888889
paysim,tableak_batch1,dna_v2_0p95,local_dp_eps10,6,100.0,11.111111111111116,88.88888888888889
paysim,tableak_batch1,dna_v2_0p95,local_dp_eps10,7,100.0,44.44444444444444,55.55555555555556
paysim,tableak_batch1,dna_v2_0p95,local_dp_eps10,8,100.0,22.22222222222222,77.77777777777777
paysim,tableak_batch1,dna_v2_0p95,local_dp_eps10,9,100.0,33.333333333333336,66.66666666666666
paysim,tableak_batch1,dna_v2_0p95,local_dp_eps10,10,100.0,11.111111111111116,88.88888888888889
paysim,tableak_batch1,dna_v2_0p95,local_dp_eps10,11,100.0,22.22222222222222,77.77777777777777
paysim,tableak_batch1,dna_v2_0p95,local_dp_eps10,12,100.0,22.22222222222222,77.77777777777777
paysim,tableak_batch1,dna_v2_0p95,local_dp_eps10,13,100.0,0.0,100.0
paysim,tableak_batch1,dna_v2_0p95,local_dp_eps10,14,100.0,0.0,100.0
paysim,tableak_batch1,dna_v2_0p95,local_dp_eps10,15,100.0,0.0,100.0
paysim,tableak_batch1,dna_v2_0p95,local_dp_eps10,16,100.0,22.22222222222222,77.77777777777777
paysim,tableak_batch1,dna_v2_0p95,local_dp_eps10,17,100.0,33.333333333333336,66.66666666666666
paysim,tableak_batch1,dna_v2_0p95,local_dp_eps10,18,100.0,33.333333333333336,66.66666666666666
paysim,tableak_batch1,dna_v2_0p95,local_dp_eps10,19,100.0,22.22222222222222,77.77777777777777
paysim,tableak_batch1,dna_v2_0p95,local_dp_eps10,20,100.0,33.333333333333336,66.66666666666666
paysim,tableak_batch1,dna_v2_0p95,local_dp_eps10,21,100.0,33.333333333333336,66.66666666666666
paysim,tableak_batch1,dna_v2_0p95,local_dp_eps10,22,100.0,22.22222222222222,77.77777777777777
paysim,tableak_batch1,dna_v2_0p95,local_dp_eps10,23,100.0,33.333333333333336,66.66666666666666
paysim,tableak_batch1,dna_v2_0p95,local_dp_eps10,24,100.0,33.333333333333336,66.66666666666666
paysim,tableak_batch1,dna_v2_0p95,local_dp_eps10,25,100.0,11.111111111111116,88.88888888888889
paysim,tableak_batch1,dna_v2_0p95,local_dp_eps10,26,100.0,33.333333333333336,66.66666666666666
paysim,tableak_batch1,dna_v2_0p95,local_dp_eps10,27,100.0,55.55555555555556,44.44444444444444
paysim,tableak_batch1,dna_v2_0p95,local_dp_eps10,28,100.0,55.55555555555556,44.44444444444444
paysim,tableak_batch1,dna_v2_0p95,local_dp_eps10,29,100.0,11.111111111111116,88.88888888888889
paysim,tableak_batch1,dna_v2_0p95,local_dp_eps10,30,100.0,33.333333333333336,66.66666666666666
paysim,tableak_batch1,dna_v2_0p95,local_dp_eps10,31,100.0,22.22222222222222,77.77777777777777
paysim,tableak_batch1,dna_v2_0p95,local_dp_eps10,32,100.0,22.22222222222222,77.77777777777777
paysim,tableak_batch1,dna_v2_0p95,local_dp_eps10,33,100.0,22.22222222222222,77.77777777777777
paysim,tableak_batch1,dna_v2_0p95,local_dp_eps10,34,100.0,22.22222222222222,77.77777777777777
paysim,tableak_batch1,dna_v2_0p95,local_dp_eps10,35,100.0,11.111111111111116,88.88888888888889
paysim,tableak_batch1,dna_v2_0p95,local_dp_eps10,36,100.0,11.111111111111116,88.88888888888889
paysim,tableak_batch1,dna_v2_0p95,local_dp_eps10,37,100.0,44.44444444444444,55.55555555555556
paysim,tableak_batch1,dna_v2_0p95,local_dp_eps10,38,100.0,22.22222222222222,77.77777777777777
paysim,tableak_batch2,dna_v1_conservative,local_dp_eps10,0,100.0,33.333333333333336,66.66666666666666
paysim,tableak_batch2,dna_v1_conservative,local_dp_eps10,1,27.77777777777778,11.111111111111116,16.666666666666664
paysim,tableak_batch2,dna_v1_conservative,local_dp_eps10,2,100.0,27.77777777777778,72.22222222222223
paysim,tableak_batch2,dna_v1_conservative,local_dp_eps10,3,100.0,33.333333333333336,66.66666666666666
paysim,tableak_batch2,dna_v1_conservative,local_dp_eps10,4,83.33333333333334,27.77777777777778,55.555555555555564
paysim,tableak_batch2,dna_v1_conservative,local_dp_eps10,5,100.0,33.333333333333336,66.66666666666666
paysim,tableak_batch2,dna_v1_conservative,local_dp_eps10,6,100.0,11.111111111111116,88.88888888888889
paysim,tableak_batch2,dna_v1_conservative,local_dp_eps10,7,94.44444444444444,38.888888888888886,55.55555555555556
paysim,tableak_batch2,dna_v1_conservative,local_dp_eps10,8,100.0,27.77777777777778,72.22222222222223
paysim,tableak_batch2,dna_v1_conservative,local_dp_eps10,9,100.0,16.666666666666675,83.33333333333333
paysim,tableak_batch2,dna_v1_conservative,local_dp_eps10,10,100.0,22.22222222222222,77.77777777777777
paysim,tableak_batch2,dna_v1_conservative,local_dp_eps10,11,100.0,33.333333333333336,66.66666666666666
paysim,tableak_batch2,dna_v1_conservative,local_dp_eps10,12,100.0,38.888888888888886,61.111111111111114
paysim,tableak_batch2,dna_v1_conservative,local_dp_eps10,13,100.0,33.33333333333333,66.66666666666667
paysim,tableak_batch2,dna_v1_conservative,local_dp_eps10,14,100.0,16.666666666666675,83.33333333333333
paysim,tableak_batch2,dna_v1_conservative,local_dp_eps10,15,100.0,16.666666666666675,83.33333333333333
paysim,tableak_batch2,dna_v1_conservative,local_dp_eps10,16,100.0,33.33333333333333,66.66666666666667
paysim,tableak_batch2,dna_v1_conservative,local_dp_eps10,17,55.55555555555556,11.111111111111116,44.44444444444444
paysim,tableak_batch2,dna_v1_conservative,local_dp_eps10,18,61.111111111111114,27.77777777777778,33.333333333333336
paysim,tableak_batch2,dna_v1_conservative,local_dp_eps10,19,88.88888888888889,38.888888888888886,50.0
paysim,tableak_batch2,dna_v1_conservative,local_dp_eps10,20,100.0,11.111111111111116,88.88888888888889
paysim,tableak_batch2,dna_v1_conservative,local_dp_eps10,21,100.0,22.222222222222232,77.77777777777777
paysim,tableak_batch2,dna_v1_conservative,local_dp_eps10,22,88.88888888888889,22.22222222222222,66.66666666666666
paysim,tableak_batch2,dna_v1_conservative,local_dp_eps10,23,100.0,44.44444444444444,55.55555555555556
paysim,tableak_batch2,dna_v1_conservative,local_dp_eps10,24,100.0,27.77777777777778,72.22222222222223
paysim,tableak_batch2,dna_v1_conservative,local_dp_eps10,25,100.0,11.111111111111116,88.88888888888889
paysim,tableak_batch2,dna_v1_conservative,local_dp_eps10,26,100.0,16.666666666666675,83.33333333333333
paysim,tableak_batch2,dna_v1_conservative,local_dp_eps10,27,72.22222222222221,27.77777777777778,44.444444444444436
paysim,tableak_batch2,dna_v1_conservative,local_dp_eps10,28,72.22222222222221,38.888888888888886,33.33333333333333
paysim,tableak_batch2,dna_v1_conservative,local_dp_eps10,29,100.0,11.111111111111116,88.88888888888889
paysim,tableak_batch2,dna_v1_conservative,local_dp_eps10,30,100.0,33.333333333333336,66.66666666666666
paysim,tableak_batch2,dna_v1_conservative,local_dp_eps10,31,94.44444444444444,16.666666666666675,77.77777777777777
paysim,tableak_batch2,dna_v1_conservative,local_dp_eps10,32,100.0,22.22222222222222,77.77777777777777
paysim,tableak_batch2,dna_v1_conservative,local_dp_eps10,33,100.0,22.222222222222232,77.77777777777777
paysim,tableak_batch2,dna_v1_conservative,local_dp_eps10,34,100.0,16.666666666666675,83.33333333333333
paysim,tableak_batch2,dna_v1_conservative,local_dp_eps10,35,100.0,44.44444444444444,55.55555555555556
paysim,tableak_batch2,dna_v1_conservative,local_dp_eps10,36,72.22222222222221,27.77777777777778,44.444444444444436
paysim,tableak_batch2,dna_v1_conservative,local_dp_eps10,37,100.0,55.55555555555556,44.44444444444444
paysim,tableak_batch2,dna_v1_conservative,local_dp_eps10,38,100.0,27.77777777777778,72.22222222222223
paysim,tableak_batch2,dna_v2_0p95,local_dp_eps10,0,100.0,33.333333333333336,66.66666666666666
paysim,tableak_batch2,dna_v2_0p95,local_dp_eps10,1,27.77777777777778,11.111111111111116,16.666666666666664
paysim,tableak_batch2,dna_v2_0p95,local_dp_eps10,2,100.0,27.77777777777778,72.22222222222223
paysim,tableak_batch2,dna_v2_0p95,local_dp_eps10,3,100.0,33.333333333333336,66.66666666666666
paysim,tableak_batch2,dna_v2_0p95,local_dp_eps10,4,100.0,27.77777777777778,72.22222222222223
paysim,tableak_batch2,dna_v2_0p95,local_dp_eps10,5,100.0,33.333333333333336,66.66666666666666
paysim,tableak_batch2,dna_v2_0p95,local_dp_eps10,6,100.0,11.111111111111116,88.88888888888889
paysim,tableak_batch2,dna_v2_0p95,local_dp_eps10,7,100.0,38.888888888888886,61.111111111111114
paysim,tableak_batch2,dna_v2_0p95,local_dp_eps10,8,100.0,27.77777777777778,72.22222222222223
paysim,tableak_batch2,dna_v2_0p95,local_dp_eps10,9,100.0,16.666666666666675,83.33333333333333
paysim,tableak_batch2,dna_v2_0p95,local_dp_eps10,10,100.0,22.22222222222222,77.77777777777777
paysim,tableak_batch2,dna_v2_0p95,local_dp_eps10,11,100.0,33.333333333333336,66.66666666666666
paysim,tableak_batch2,dna_v2_0p95,local_dp_eps10,12,100.0,38.888888888888886,61.111111111111114
paysim,tableak_batch2,dna_v2_0p95,local_dp_eps10,13,100.0,33.33333333333333,66.66666666666667
paysim,tableak_batch2,dna_v2_0p95,local_dp_eps10,14,100.0,16.666666666666675,83.33333333333333
paysim,tableak_batch2,dna_v2_0p95,local_dp_eps10,15,100.0,16.666666666666675,83.33333333333333
paysim,tableak_batch2,dna_v2_0p95,local_dp_eps10,16,100.0,33.33333333333333,66.66666666666667
paysim,tableak_batch2,dna_v2_0p95,local_dp_eps10,17,61.111111111111114,11.111111111111116,50.0
paysim,tableak_batch2,dna_v2_0p95,local_dp_eps10,18,61.111111111111114,27.77777777777778,33.333333333333336
paysim,tableak_batch2,dna_v2_0p95,local_dp_eps10,19,100.0,38.888888888888886,61.111111111111114
paysim,tableak_batch2,dna_v2_0p95,local_dp_eps10,20,100.0,11.111111111111116,88.88888888888889
paysim,tableak_batch2,dna_v2_0p95,local_dp_eps10,21,100.0,22.222222222222232,77.77777777777777
paysim,tableak_batch2,dna_v2_0p95,local_dp_eps10,22,44.44444444444444,22.22222222222222,22.22222222222222
paysim,tableak_batch2,dna_v2_0p95,local_dp_eps10,23,100.0,44.44444444444444,55.55555555555556
paysim,tableak_batch2,dna_v2_0p95,local_dp_eps10,24,100.0,27.77777777777778,72.22222222222223
paysim,tableak_batch2,dna_v2_0p95,local_dp_eps10,25,100.0,11.111111111111116,88.88888888888889
paysim,tableak_batch2,dna_v2_0p95,local_dp_eps10,26,100.0,16.666666666666675,83.33333333333333
paysim,tableak_batch2,dna_v2_0p95,local_dp_eps10,27,100.0,27.77777777777778,72.22222222222223
paysim,tableak_batch2,dna_v2_0p95,local_dp_eps10,28,66.66666666666667,38.888888888888886,27.777777777777786
paysim,tableak_batch2,dna_v2_0p95,local_dp_eps10,29,100.0,11.111111111111116,88.88888888888889
paysim,tableak_batch2,dna_v2_0p95,local_dp_eps10,30,100.0,33.333333333333336,66.66666666666666
paysim,tableak_batch2,dna_v2_0p95,local_dp_eps10,31,100.0,16.666666666666675,83.33333333333333
paysim,tableak_batch2,dna_v2_0p95,local_dp_eps10,32,100.0,22.22222222222222,77.77777777777777
paysim,tableak_batch2,dna_v2_0p95,local_dp_eps10,33,100.0,22.222222222222232,77.77777777777777
paysim,tableak_batch2,dna_v2_0p95,local_dp_eps10,34,100.0,16.666666666666675,83.33333333333333
paysim,tableak_batch2,dna_v2_0p95,local_dp_eps10,35,100.0,44.44444444444444,55.55555555555556
paysim,tableak_batch2,dna_v2_0p95,local_dp_eps10,36,94.44444444444444,27.77777777777778,66.66666666666666
paysim,tableak_batch2,dna_v2_0p95,local_dp_eps10,37,77.77777777777779,55.55555555555556,22.22222222222223
paysim,tableak_batch2,dna_v2_0p95,local_dp_eps10,38,100.0,27.77777777777778,72.22222222222223
