group_id,raw_fraud_mse,dna_fraud_mse,dna_minus_raw_fraud_mse,dna_harder,raw_restart,dna_realization,dna_restart,raw_prior_fraud_mse_mean,dna_prior_fraud_mse_mean,raw_zero_fraud_mse,dna_zero_fraud_mse
0,41.28401224281442,4.190871416426696,-37.093140826387724,False,5,1,0,36.239561375975114,33.627672058195145,63.759492201101196,104.6145466317913
1,11405.6914987459,8595.820181077703,-2809.8713176681977,False,6,1,7,26748.119643717473,26601.892576206657,22727.42330232623,27244.920500119588
2,63024.38695592859,68601.40552942365,5577.018573495057,True,6,1,3,82238.82925799637,82275.8936154232,74003.72351196219,76241.39149137324
3,8.66557533062731,6.148723521171673,-2.516851809455636,False,6,3,6,272.5485683485034,283.33842564319104,872.0771618388867,489.5617633619887
4,24.894780828870676,30.31414952851882,5.4193686996481425,True,4,2,2,106.43905513693073,102.6107994581661,233.52238995251506,170.82036172095118
5,24.706658208293717,13.280927831283604,-11.425730377010114,False,6,1,1,575.0705565716476,706.4269427412985,609.2208401333229,413.1869553378626
6,12.357761554639602,7.07930606160222,-5.278455493037382,False,5,3,4,567.24962732919,595.9297862836388,763.6266807604649,324.6096850051192
7,22.993035740010644,55.47025617070199,32.47722043069135,True,5,2,3,490.1907582075262,603.7555866483792,71.90471472614952,836.4235259553222
8,11.928628231870912,90.89478503991134,78.96615680804042,True,2,0,1,39.1090773613934,42.567157971101956,74.66519917281195,202.7619912056364
9,73842.80699605435,73945.29358578227,102.48658972792327,True,7,3,0,94238.06781877043,94767.32042697215,84901.96874073782,105217.71693411253
10,10493.916595481725,10528.462951912468,34.54635643074289,True,1,0,2,19801.22930955465,19361.031900488513,25707.600890082926,15555.43898173669
11,75.2948506723604,59.23685954613001,-16.057991126230384,False,3,1,5,26.13033108575765,57.70992588699387,130.1270960368836,52.74676183884722
