target,source_ids,dna,comparator,dna_ssim,comparator_ssim,gray,cifar_mean
0,[202],28.24141604774068,28.25717607086687,0.9207019805908203,0.9220651984214783,14.56768552268395,14.027311881197427
1,[5614],27.838541803296202,28.13886633488101,0.9065583348274231,0.9102073311805725,12.137828284050808,11.647863779589656
2,[9392],19.722850974580087,19.663039392250937,0.847557783126831,0.8495686054229736,8.911475908415179,8.799885235161039
3,[7728],26.770500186488984,26.559300810267025,0.9233801364898682,0.9152143001556396,13.83277556045375,13.567126377634764
4,[1562],20.620776504467393,20.474257252549947,0.7760970592498779,0.7689853310585022,14.012008783807865,14.137391002595692
5,[1438],21.215291774153236,20.617665739053834,0.8809013366699219,0.8662906289100647,12.186802277483881,12.22144499331749
6,[4884],22.43785374695392,22.35501700245477,0.852189838886261,0.8495288491249084,12.85167354922314,13.14669850323812
7,[4697],25.186230493895355,24.854390144383864,0.8342141509056091,0.8255743384361267,14.185292343674028,13.923756312043993
8,[6749],15.019296699128315,6.175231402496308,0.7048686146736145,0.029362216591835022,9.487487596898847,9.201166353371745
9,[7587],21.89483581943691,21.320181895611118,0.8751859664916992,0.8596535325050354,12.537086019628793,12.275370801644536
10,[1058],20.45923777539654,20.550889430868928,0.828259289264679,0.8350927829742432,12.175167405472589,12.301897459018381
11,[9438],21.054545705079654,21.208937341614487,0.8246688842773438,0.824615478515625,11.561089028598923,11.027906236570646
12,[9980],21.940471673821257,22.014405188539317,0.8643324971199036,0.862574577331543,8.778319635853215,8.433227959799966
13,[4970],24.68696937528427,24.74523062897932,0.8326058387756348,0.8262090682983398,13.54397318742123,12.980374215601167
14,[7765],24.96304569969929,25.0033402625316,0.8756633400917053,0.873847484588623,13.744449068661737,14.051350004593761
15,[5881],24.586540617810083,24.30638237362304,0.884135901927948,0.8767354488372803,14.14443219630124,14.575409237744552
16,[1360],23.792240479927443,23.637891170888636,0.8855972290039062,0.879106342792511,13.280655584284517,13.474020841919376
17,[8963],22.854724353914513,23.600666782628522,0.7207397818565369,0.7414363026618958,10.264714578886341,11.010498884479578
18,[7790],27.112857906396314,27.245104452522426,0.8956390023231506,0.8938286900520325,14.291636789480329,13.71458669452229
19,[6363],27.160783563237235,27.207559051253508,0.919268786907196,0.9186270833015442,11.739698613910118,10.953748296216581
20,[4887],24.700983006518996,24.585691209995208,0.8635416030883789,0.8560786247253418,12.996211033923895,13.464154815899235
21,[8222],24.288353456664748,24.168504869249464,0.872359037399292,0.8677791953086853,12.492670338456534,11.943561554945122
22,[2798],22.001614692249326,21.795762901748148,0.8474504351615906,0.8452730774879456,11.210692736684702,11.042423756447892
23,[1206],23.503469463571736,23.340903299715656,0.8929474353790283,0.8890761733055115,13.966510322172054,14.174402262276935
24,[9343],22.957965801314106,23.119692883626506,0.8214345574378967,0.8271774649620056,10.621232321483102,10.564107629246312
25,[7287],21.954069315274467,21.793548591342763,0.7972826957702637,0.7876878380775452,12.803948383563188,13.099276997445203
26,[1103],23.679391473794098,23.573704168952162,0.8642099499702454,0.8656672835350037,10.890117880838336,10.372153909425387
27,[7774],27.562793566255493,27.749564158394456,0.9163808226585388,0.9159438014030457,13.89322334287684,13.524249042878964
28,[215],19.947322981240415,20.01577060094016,0.9158980250358582,0.909025251865387,7.9315620127938855,7.476329156411793
29,[9086],24.42285149892905,24.712597956416626,0.7716568112373352,0.7859866619110107,13.901646883022359,13.981623305806767
30,[8985],22.1316636774001,8.052622616198217,0.7501103281974792,0.01223048847168684,14.60071743587724,13.635909585678174
31,[2105],22.440175759631877,22.35842246412298,0.8354448676109314,0.8255640864372253,13.395147785348424,14.04869471467592
32,[328],24.32132117720233,24.301230224328044,0.8894133567810059,0.8882870674133301,13.796996093486449,13.948003844027761
33,[8328],26.95742719463525,26.83543846509478,0.876716136932373,0.8755617737770081,15.499128158300097,16.249959965847943
34,[2357],22.15604936712099,21.730154164102053,0.8828417658805847,0.8769996762275696,11.886882666188308,11.813347738394322
35,[2314],24.03251813618439,24.376039704502652,0.9276747107505798,0.9298757910728455,8.25843299542763,7.818487718845647
36,[1217],23.57517938476854,25.107933806354072,0.8757657408714294,0.8776432871818542,12.392417766654948,12.113564871163504
37,[6957],21.190942073876272,21.221844947936567,0.7709624767303467,0.7731986045837402,11.9657659138823,12.434000910493573
38,[1030],23.436485178287235,23.258982066168294,0.8905139565467834,0.8861434459686279,13.561546177154675,13.623476856888619
