hypothesis_id,p_raw,origin,holm_combined135,direction,wins,losses,status,n,quality,median_dna,median_comparator,median_paired_difference,rank13,rank27,ties,median_dna_ssim,median_comparator_ssim,median_gray,median_cifar_mean,both_at_reference_level,holm_p33c,reason
adult::count_sketch::E1::empirical_marginal::defense_greater,0.9999999985793693,P30 repaired,1.0,,,,,,,,,,,,,,,,,,,
adult::count_sketch::E1::mean_mode::defense_greater,0.999999999998181,P30 repaired,1.0,,,,,,,,,,,,,,,,,,,
adult::count_sketch::E1::undefended::defense_greater,1.8189894035458565e-12,P30 repaired,2.455635694786906e-10,,,,,,,,,,,,,,,,,,,
adult::count_sketch::E2::empirical_marginal::defense_greater,0.999999999998181,P30 repaired,1.0,,,,,,,,,,,,,,,,,,,
adult::count_sketch::E2::mean_mode::defense_greater,1.0,P30 repaired,1.0,,,,,,,,,,,,,,,,,,,
adult::count_sketch::E2::undefended::defense_greater,7.275957614183426e-12,P30 repaired,7.421476766467094e-10,,,,,,,,,,,,,,,,,,,
adult::count_sketch::E3::distortion_matched_clipped::defense_greater,0.999999999998181,P30 repaired,1.0,,,,,,,,,,,,,,,,,,,
adult::count_sketch::E3::distortion_matched_clipped::comparator_greater,7.275957614183426e-11,P30 repaired,7.34871719032526e-09,,,,,,,,,,,,,,,,,,,
adult::dna_v1_conservative::E1::empirical_marginal::defense_greater,0.999999999998181,P30 repaired,1.0,,,,,,,,,,,,,,,,,,,
adult::dna_v1_conservative::E1::mean_mode::defense_greater,1.0,P30 repaired,1.0,,,,,,,,,,,,,,,,,,,
adult::dna_v1_conservative::E1::undefended::defense_greater,0.010030803503468633,P30 repaired,0.8124950837809592,,,,,,,,,,,,,,,,,,,
adult::dna_v1_conservative::E2::empirical_marginal::defense_greater,1.0,P30 repaired,1.0,,,,,,,,,,,,,,,,,,,
adult::dna_v1_conservative::E2::mean_mode::defense_greater,1.0,P30 repaired,1.0,,,,,,,,,,,,,,,,,,,
adult::dna_v1_conservative::E2::undefended::defense_greater,5.842093378305435e-05,P30 repaired,0.005082621239125729,,,,,,,,,,,,,,,,,,,
adult::dna_v1_conservative::E3::distortion_matched_clipped::defense_greater,0.0006593635771423578,P30 repaired,0.0547271769028157,,,,,,,,,,,,,,,,,,,
adult::dna_v1_conservative::E3::distortion_matched_clipped::comparator_greater,0.9998379682656378,P30 repaired,1.0,,,,,,,,,,,,,,,,,,,
adult::dna_v1_conservative::E3::utility_matched_clipped::defense_greater,1.0,P30 repaired,1.0,,,,,,,,,,,,,,,,,,,
adult::dna_v1_conservative::E3::utility_matched_clipped::comparator_greater,1.8189894035458565e-12,P30 repaired,2.455635694786906e-10,,,,,,,,,,,,,,,,,,,
adult::dna_v2_0p95::E1::empirical_marginal::defense_greater,1.0,P30 repaired,1.0,,,,,,,,,,,,,,,,,,,
adult::dna_v2_0p95::E1::mean_mode::defense_greater,1.0,P30 repaired,1.0,,,,,,,,,,,,,,,,,,,
adult::dna_v2_0p95::E1::undefended::defense_greater,1.2171280104666948e-05,P30 repaired,0.0010710726492106915,,,,,,,,,,,,,,,,,,,
adult::dna_v2_0p95::E2::empirical_marginal::defense_greater,1.0,P30 repaired,1.0,,,,,,,,,,,,,,,,,,,
adult::dna_v2_0p95::E2::mean_mode::defense_greater,1.0,P30 repaired,1.0,,,,,,,,,,,,,,,,,,,
adult::dna_v2_0p95::E2::undefended::defense_greater,0.8810577392578125,P30 repaired,1.0,,,,,,,,,,,,,,,,,,,
adult::dna_v2_0p95::E3::distortion_matched_clipped::defense_greater,0.995934970676899,P30 repaired,1.0,,,,,,,,,,,,,,,,,,,
adult::dna_v2_0p95::E3::distortion_matched_clipped::comparator_greater,0.01205977238714695,P30 repaired,0.9481080988189206,,,,,,,,,,,,,,,,,,,
adult::gradient_pruning::E1::empirical_marginal::defense_greater,0.9999999999272404,P30 repaired,1.0,,,,,,,,,,,,,,,,,,,
adult::gradient_pruning::E1::mean_mode::defense_greater,0.999999999998181,P30 repaired,1.0,,,,,,,,,,,,,,,,,,,
adult::gradient_pruning::E1::undefended::defense_greater,1.8189894035458565e-12,P30 repaired,2.455635694786906e-10,,,,,,,,,,,,,,,,,,,
adult::gradient_pruning::E2::empirical_marginal::defense_greater,1.0,P30 repaired,1.0,,,,,,,,,,,,,,,,,,,
adult::gradient_pruning::E2::mean_mode::defense_greater,1.0,P30 repaired,1.0,,,,,,,,,,,,,,,,,,,
adult::gradient_pruning::E2::undefended::defense_greater,0.22912915982306004,P30 repaired,1.0,,,,,,,,,,,,,,,,,,,
adult::gradient_pruning::E3::distortion_matched_clipped::defense_greater,0.9999999819556251,P30 repaired,1.0,,,,,,,,,,,,,,,,,,,
adult::gradient_pruning::E3::distortion_matched_clipped::comparator_greater,1.6765807231422514e-07,P30 repaired,1.6095174942165613e-05,,,,,,,,,,,,,,,,,,,
adult::gradient_pruning::E3::paper_unclipped::defense_greater,1.0,P30 repaired,1.0,,,,,,,,,,,,,,,,,,,
adult::gradient_pruning::E3::paper_unclipped::comparator_greater,1.8189894035458565e-12,P30 repaired,2.455635694786906e-10,,,,,,,,,,,,,,,,,,,
adult::precode::E1::empirical_marginal::defense_greater,1.8189894035458565e-12,P30 repaired,2.455635694786906e-10,,,,,,,,,,,,,,,,,,,
adult::precode::E1::mean_mode::defense_greater,1.8189894035458565e-12,P30 repaired,2.455635694786906e-10,,,,,,,,,,,,,,,,,,,
adult::precode::E1::undefended::defense_greater,1.8189894035458565e-12,P30 repaired,2.455635694786906e-10,,,,,,,,,,,,,,,,,,,
adult::precode::E2::empirical_marginal::defense_greater,1.8189894035458565e-12,P30 repaired,2.455635694786906e-10,,,,,,,,,,,,,,,,,,,
adult::precode::E2::mean_mode::defense_greater,1.8189894035458565e-12,P30 repaired,2.455635694786906e-10,,,,,,,,,,,,,,,,,,,
adult::precode::E2::undefended::defense_greater,1.8189894035458565e-12,P30 repaired,2.455635694786906e-10,,,,,,,,,,,,,,,,,,,
adult::precode::E3::paper_unclipped::defense_greater,1.8189894035458565e-12,P30 repaired,2.455635694786906e-10,,,,,,,,,,,,,,,,,,,
adult::precode::E3::paper_unclipped::comparator_greater,1.0,P30 repaired,1.0,,,,,,,,,,,,,,,,,,,
adult::precode::E3::utility_matched_clipped::defense_greater,1.8189894035458565e-12,P30 repaired,2.455635694786906e-10,,,,,,,,,,,,,,,,,,,
adult::precode::E3::utility_matched_clipped::comparator_greater,1.0,P30 repaired,1.0,,,,,,,,,,,,,,,,,,,
adult::soteria::E1::empirical_marginal::defense_greater,1.0,P30 repaired,1.0,,,,,,,,,,,,,,,,,,,
adult::soteria::E1::mean_mode::defense_greater,1.0,P30 repaired,1.0,,,,,,,,,,,,,,,,,,,
adult::soteria::E1::undefended::defense_greater,1.8189894035458565e-12,P30 repaired,2.455635694786906e-10,,,,,,,,,,,,,,,,,,,
adult::soteria::E2::empirical_marginal::defense_greater,0.999999999998181,P30 repaired,1.0,,,,,,,,,,,,,,,,,,,
adult::soteria::E2::mean_mode::defense_greater,1.0,P30 repaired,1.0,,,,,,,,,,,,,,,,,,,
adult::soteria::E2::undefended::defense_greater,0.9866981506347656,P30 repaired,1.0,,,,,,,,,,,,,,,,,,,
adult::soteria::E3::distortion_matched_clipped::defense_greater,0.9999999999272404,P30 repaired,1.0,,,,,,,,,,,,,,,,,,,
adult::soteria::E3::distortion_matched_clipped::comparator_greater,1.420630724169314e-09,P30 repaired,1.3922181096859276e-07,,,,,,,,,,,,,,,,,,,
adult::soteria::E3::paper_unclipped::defense_greater,1.0,P30 repaired,1.0,,,,,,,,,,,,,,,,,,,
adult::soteria::E3::paper_unclipped::comparator_greater,1.8189894035458565e-12,P30 repaired,2.455635694786906e-10,,,,,,,,,,,,,,,,,,,
image::ats::E1::cifar_mean::defense_greater,0.00053250981727615,P30 repaired,0.04526333446847275,,,,,,,,,,,,,,,,,,,
image::ats::E1::gray::defense_greater,0.004737652139738202,P30 repaired,0.38848747545853257,,,,,,,,,,,,,,,,,,,
image::ats::E1::undefended::defense_greater,1.8189894035458565e-12,P30 repaired,2.455635694786906e-10,,,,,,,,,,,,,,,,,,,
image::count_sketch::E1::cifar_mean::defense_greater,1.8189894035458565e-12,P30 repaired,2.455635694786906e-10,,,,,,,,,,,,,,,,,,,
image::count_sketch::E1::gray::defense_greater,1.8189894035458565e-12,P30 repaired,2.455635694786906e-10,,,,,,,,,,,,,,,,,,,
image::count_sketch::E1::undefended::defense_greater,1.8189894035458565e-12,P30 repaired,2.455635694786906e-10,,,,,,,,,,,,,,,,,,,
image::count_sketch::E2::cifar_mean::defense_greater,1.0,P30 repaired,1.0,,,,,,,,,,,,,,,,,,,
image::count_sketch::E2::gray::defense_greater,1.0,P30 repaired,1.0,,,,,,,,,,,,,,,,,,,
image::count_sketch::E2::undefended::defense_greater,1.8189894035458565e-12,P30 repaired,2.455635694786906e-10,,,,,,,,,,,,,,,,,,,
image::count_sketch::E3::distortion_matched_clipped::defense_greater,1.0,P30 repaired,1.0,,,,,,,,,,,,,,,,,,,
image::count_sketch::E3::distortion_matched_clipped::comparator_greater,1.8189894035458565e-12,P30 repaired,2.455635694786906e-10,,,,,,,,,,,,,,,,,,,
image::dna_v1_conservative::E1::cifar_mean::defense_greater,1.0,P30 repaired,1.0,,,,,,,,,,,,,,,,,,,
image::dna_v1_conservative::E1::gray::defense_greater,1.0,P30 repaired,1.0,,,,,,,,,,,,,,,,,,,
image::dna_v1_conservative::E1::undefended::defense_greater,1.8044374883174896e-08,P30 repaired,1.750304363667965e-06,,,,,,,,,,,,,,,,,,,
image::dna_v1_conservative::E2::cifar_mean::defense_greater,1.0,P30 repaired,1.0,,,,,,,,,,,,,,,,,,,
image::dna_v1_conservative::E2::gray::defense_greater,1.0,P30 repaired,1.0,,,,,,,,,,,,,,,,,,,
image::dna_v1_conservative::E2::undefended::defense_greater,1.6765807231422514e-07,P30 repaired,1.6095174942165613e-05,,,,,,,,,,,,,,,,,,,
image::dna_v1_conservative::E3::distortion_matched_clipped::defense_greater,7.14963061909657e-06,P30 repaired,0.0006434667557186913,,,,,,,,,,,,,,,,,,,
image::dna_v1_conservative::E3::distortion_matched_clipped::comparator_greater,0.9999987850460457,P30 repaired,1.0,,,,,,,,,,,,,,,,,,,
image::dna_v2_0p95::E1::cifar_mean::defense_greater,1.0,P30 repaired,1.0,,,,,,,,,,,,,,,,,,,
image::dna_v2_0p95::E1::gray::defense_greater,1.0,P30 repaired,1.0,,,,,,,,,,,,,,,,,,,
image::dna_v2_0p95::E1::undefended::defense_greater,1.6765807231422514e-07,P30 repaired,1.6095174942165613e-05,,,,,,,,,,,,,,,,,,,
image::dna_v2_0p95::E2::cifar_mean::defense_greater,1.0,P30 repaired,1.0,,,,,,,,,,,,,,,,,,,
image::dna_v2_0p95::E2::gray::defense_greater,1.0,P30 repaired,1.0,,,,,,,,,,,,,,,,,,,
image::dna_v2_0p95::E2::undefended::defense_greater,0.011851351235236507,P30 repaired,0.9481080988189206,,,,,,,,,,,,,,,,,,,
image::dna_v2_0p95::E3::distortion_matched_clipped::defense_greater,1.0,P30 repaired,1.0,,,,,,,,,,,,,,,,,,,
image::dna_v2_0p95::E3::distortion_matched_clipped::comparator_greater,1.8189894035458565e-12,P30 repaired,2.455635694786906e-10,,,,,,,,,,,,,,,,,,,
image::gradient_pruning::E1::cifar_mean::defense_greater,1.0,P30 repaired,1.0,,,,,,,,,,,,,,,,,,,
image::gradient_pruning::E1::gray::defense_greater,1.0,P30 repaired,1.0,,,,,,,,,,,,,,,,,,,
image::gradient_pruning::E1::undefended::defense_greater,1.8189894035458565e-12,P30 repaired,2.455635694786906e-10,,,,,,,,,,,,,,,,,,,
image::gradient_pruning::E2::cifar_mean::defense_greater,1.0,P30 repaired,1.0,,,,,,,,,,,,,,,,,,,
image::gradient_pruning::E2::gray::defense_greater,1.0,P30 repaired,1.0,,,,,,,,,,,,,,,,,,,
image::gradient_pruning::E2::undefended::defense_greater,7.275957614183426e-11,P30 repaired,7.34871719032526e-09,,,,,,,,,,,,,,,,,,,
image::gradient_pruning::E3::distortion_matched_clipped::defense_greater,0.00014703843771712855,P30 repaired,0.012645305643673055,,,,,,,,,,,,,,,,,,,
image::gradient_pruning::E3::distortion_matched_clipped::comparator_greater,0.9999648726079613,P30 repaired,1.0,,,,,,,,,,,,,,,,,,,
image::gradient_pruning::E3::paper_unclipped::defense_greater,1.0,P30 repaired,1.0,,,,,,,,,,,,,,,,,,,
image::gradient_pruning::E3::paper_unclipped::comparator_greater,1.8189894035458565e-12,P30 repaired,2.455635694786906e-10,,,,,,,,,,,,,,,,,,,
image::precode::E1::cifar_mean::defense_greater,1.8189894035458565e-12,P30 repaired,2.455635694786906e-10,,,,,,,,,,,,,,,,,,,
image::precode::E1::gray::defense_greater,1.8189894035458565e-12,P30 repaired,2.455635694786906e-10,,,,,,,,,,,,,,,,,,,
image::precode::E1::undefended::defense_greater,1.8189894035458565e-12,P30 repaired,2.455635694786906e-10,,,,,,,,,,,,,,,,,,,
image::precode::E2::cifar_mean::defense_greater,7.275957614183426e-11,P30 repaired,7.34871719032526e-09,,,,,,,,,,,,,,,,,,,
image::precode::E2::gray::defense_greater,1.8189894035458565e-12,P30 repaired,2.455635694786906e-10,,,,,,,,,,,,,,,,,,,
image::precode::E2::undefended::defense_greater,1.8189894035458565e-12,P30 repaired,2.455635694786906e-10,,,,,,,,,,,,,,,,,,,
image::precode::E3::paper_unclipped::defense_greater,7.14963061909657e-06,P30 repaired,0.0006434667557186913,,,,,,,,,,,,,,,,,,,
image::precode::E3::paper_unclipped::comparator_greater,0.9999987850460457,P30 repaired,1.0,,,,,,,,,,,,,,,,,,,
image::soteria::E1::cifar_mean::defense_greater,0.9998529615622829,P30 repaired,1.0,,,,,,,,,,,,,,,,,,,
image::soteria::E1::gray::defense_greater,0.9983110760440468,P30 repaired,1.0,,,,,,,,,,,,,,,,,,,
image::soteria::E1::undefended::defense_greater,1.8189894035458565e-12,P30 repaired,2.455635694786906e-10,,,,,,,,,,,,,,,,,,,
image::soteria::E2::cifar_mean::defense_greater,1.0,P30 repaired,1.0,,,,,,,,,,,,,,,,,,,
image::soteria::E2::gray::defense_greater,1.0,P30 repaired,1.0,,,,,,,,,,,,,,,,,,,
image::soteria::E2::undefended::defense_greater,0.999999999998181,P30 repaired,1.0,,,,,,,,,,,,,,,,,,,
image::soteria::E3::distortion_matched_clipped::defense_greater,1.0,P30 repaired,1.0,,,,,,,,,,,,,,,,,,,
image::soteria::E3::distortion_matched_clipped::comparator_greater,1.8189894035458565e-12,P30 repaired,2.455635694786906e-10,,,,,,,,,,,,,,,,,,,
image::soteria::E3::paper_unclipped::defense_greater,1.0,P30 repaired,1.0,,,,,,,,,,,,,,,,,,,
image::soteria::E3::paper_unclipped::comparator_greater,1.8189894035458565e-12,P30 repaired,2.455635694786906e-10,,,,,,,,,,,,,,,,,,,
P31::dna_v1_conservative::dna_greater,0.00053250981727615,P31,0.04526333446847275,,,,,,,,,,,,,,,,,,,
P31::dna_v1_conservative::dp_greater,0.9998529615622829,P31,1.0,,,,,,,,,,,,,,,,,,,
P31::dna_v2_0p95::dna_greater,0.6253706876195793,P31,1.0,,,,,,,,,,,,,,,,,,,
P31::dna_v2_0p95::dp_greater,0.5,P31,1.0,,,,,,,,,,,,,,,,,,,
C1::dna_v1_medium::unprotected::DNA_stronger,1.2149539543315768e-06,,0.00011056080984417349,DNA_stronger,34,5,VALID,39,PSNR,23.503469463571736,23.72549903297637,-0.19327655661342646,-0.32491323747662193,-0.08571669343453792,0,0.872359037399292,0.8791406750679016,12.803948383563188,12.980374215601167,False,1.943926326930523e-05,
C1::dna_v1_medium::unprotected::comparator_stronger,0.9999998323419277,,1.0,comparator_stronger,5,34,VALID,39,PSNR,23.503469463571736,23.72549903297637,-0.19327655661342646,-0.32491323747662193,-0.08571669343453792,0,0.872359037399292,0.8791406750679016,12.803948383563188,12.980374215601167,False,1.0,
C1::dna_v1_medium::distortion::DNA_stronger,0.8316081824050343,,1.0,DNA_stronger,17,22,VALID,39,PSNR,23.503469463571736,23.573704168952162,0.08175329550889643,-0.05826125369505064,0.15434930903880684,0,0.872359037399292,0.8656672835350037,12.803948383563188,12.980374215601167,False,1.0,
C1::dna_v1_medium::distortion::comparator_stronger,0.26119869024842046,,1.0,comparator_stronger,22,17,VALID,39,PSNR,23.503469463571736,23.573704168952162,0.08175329550889643,-0.05826125369505064,0.15434930903880684,0,0.872359037399292,0.8656672835350037,12.803948383563188,12.980374215601167,False,1.0,
C1::dna_v1_medium::single::DNA_stronger,0.9999999819556251,,1.0,DNA_stronger,4,35,VALID,39,PSNR,23.503469463571736,23.28442018588712,0.30833209037709963,0.18907670548800226,0.42771544920377025,0,0.872359037399292,0.8614926338195801,12.803948383563188,12.980374215601167,False,1.0,
C1::dna_v1_medium::single::comparator_stronger,1.6765807231422514e-07,,1.6095174942165613e-05,comparator_stronger,35,4,VALID,39,PSNR,23.503469463571736,23.28442018588712,0.30833209037709963,0.18907670548800226,0.42771544920377025,0,0.872359037399292,0.8614926338195801,12.803948383563188,12.980374215601167,False,3.0178453016560525e-06,
C1::dna_v1_stronger::unprotected::DNA_stronger,1.6765807231422514e-07,,1.6095174942165613e-05,DNA_stronger,35,4,VALID,39,PSNR,23.348872516243095,23.72549903297637,-0.26452567205406297,-0.4375528727790936,-0.16214587734307173,0,0.8686653971672058,0.8791406750679016,12.803948383563188,12.980374215601167,False,3.0178453016560525e-06,
C1::dna_v1_stronger::unprotected::comparator_stronger,0.9999999819556251,,1.0,comparator_stronger,4,35,VALID,39,PSNR,23.348872516243095,23.72549903297637,-0.26452567205406297,-0.4375528727790936,-0.16214587734307173,0,0.8686653971672058,0.8791406750679016,12.803948383563188,12.980374215601167,False,1.0,
C1::dna_v1_stronger::distortion::DNA_stronger,0.9733740429510362,,1.0,DNA_stronger,14,25,VALID,39,PSNR,23.348872516243095,23.22943130932852,0.13771827374510792,-0.06369356318401742,0.25203519461067003,0,0.8686653971672058,0.8629815578460693,12.803948383563188,12.980374215601167,False,1.0,
C1::dna_v1_stronger::distortion::comparator_stronger,0.054064510703028645,,1.0,comparator_stronger,25,14,VALID,39,PSNR,23.348872516243095,23.22943130932852,0.13771827374510792,-0.06369356318401742,0.25203519461067003,0,0.8686653971672058,0.8629815578460693,12.803948383563188,12.980374215601167,False,0.756903149842401,
C1::dna_v1_stronger::single::DNA_stronger,0.9952623478602618,,1.0,DNA_stronger,12,27,VALID,39,PSNR,23.348872516243095,23.34960280511413,0.13495845985803356,0.018970580057061426,0.24278355633781246,0,0.8686653971672058,0.8628904819488525,12.803948383563188,12.980374215601167,False,1.0,
C1::dna_v1_stronger::single::comparator_stronger,0.011851351235236507,,0.9481080988189206,comparator_stronger,27,12,VALID,39,PSNR,23.348872516243095,23.34960280511413,0.13495845985803356,0.018970580057061426,0.24278355633781246,0,0.8686653971672058,0.8628904819488525,12.803948383563188,12.980374215601167,False,0.1777702685285476,
D::image::dna_v1_conservative::per_tensor::DNA_stronger,1.0,,1.0,DNA_stronger,0,39,VALID,39,PSNR,23.633492817942297,18.55080998906486,4.9379313264197755,4.366026281321062,6.62183329708083,0,0.8753960728645325,0.6368213295936584,12.803948383563188,12.980374215601167,False,1.0,
D::image::dna_v1_conservative::per_tensor::comparator_stronger,1.8189894035458565e-12,,2.455635694786906e-10,comparator_stronger,39,0,VALID,39,PSNR,23.633492817942297,18.55080998906486,4.9379313264197755,4.366026281321062,6.62183329708083,0,0.8753960728645325,0.6368213295936584,12.803948383563188,12.980374215601167,False,3.637978807091713e-11,
D::PaySim::dna_v1_conservative::per_tensor::DNA_stronger,1.0,,1.0,DNA_stronger,,,NOT_ASSESSABLE,,,,,,,,,,,,,,1.0,no BN-valid full-state CPU utility target and bracketed comparator
D::PaySim::dna_v1_conservative::per_tensor::comparator_stronger,1.0,,1.0,comparator_stronger,,,NOT_ASSESSABLE,,,,,,,,,,,,,,1.0,no BN-valid full-state CPU utility target and bracketed comparator
D::image::dna_v2_0p95::per_tensor::DNA_stronger,1.0,,1.0,DNA_stronger,0,39,VALID,39,PSNR,23.73199176519156,18.528448348346753,5.097837813135911,4.5171059635766895,6.45825863812691,0,0.8777130246162415,0.632530927658081,12.803948383563188,12.980374215601167,False,1.0,
D::image::dna_v2_0p95::per_tensor::comparator_stronger,1.8189894035458565e-12,,2.455635694786906e-10,comparator_stronger,39,0,VALID,39,PSNR,23.73199176519156,18.528448348346753,5.097837813135911,4.5171059635766895,6.45825863812691,0,0.8777130246162415,0.632530927658081,12.803948383563188,12.980374215601167,False,3.637978807091713e-11,
D::PaySim::dna_v2_0p95::per_tensor::DNA_stronger,1.0,,1.0,DNA_stronger,,,NOT_ASSESSABLE,,,,,,,,,,,,,,1.0,no BN-valid full-state CPU utility target and bracketed comparator
D::PaySim::dna_v2_0p95::per_tensor::comparator_stronger,1.0,,1.0,comparator_stronger,,,NOT_ASSESSABLE,,,,,,,,,,,,,,1.0,no BN-valid full-state CPU utility target and bracketed comparator
