method,group_id,restart,realization_id,objective,fraud_mse,non_fraud_mse,prior_fraud_mse,max_balance_residual_raw
baseline,0,0,0,0.7714228630065918,94.44132162796998,42.00755506546989,412.94946486151173,0.18282652227208018
zero_update,0,0,0,0.8527218103408813,25.91889034251293,99.60303764376886,412.94946486151173,0.15754421334713697
baseline,0,1,0,0.6347060799598694,49.124576449176274,18.256391020977244,16.26295770971503,0.14347688667476177
zero_update,0,1,0,0.820579469203949,98.71337139242834,104.10990711369213,16.26295770971503,0.08737380150705576
baseline,0,0,1,0.7545704245567322,32.37101480350678,55.764028667475635,47.16440897331369,0.08374179364182055
zero_update,0,0,1,0.8106730580329895,56.345112687881695,65.20666880494585,47.16440897331369,0.19641206925734878
baseline,0,1,1,0.5909941792488098,42.19294791859371,35.231517555110926,22.1449875277995,0.1519091078080237
zero_update,0,1,1,0.8504352569580078,30.05023684315685,58.04786614880888,22.1449875277995,0.13332095881924033
baseline,0,0,2,0.6626999974250793,65.34705086818299,60.85892709745761,46.20263562408819,0.23857723455876112
zero_update,0,0,2,0.8426915407180786,27.101190731846984,87.76240648586543,46.20263562408819,0.13172948779538274
baseline,0,1,2,0.6911232471466064,18.064639216010473,43.839607412508734,43.077480992102636,0.234843494836241
zero_update,0,1,2,0.816232442855835,10.272945827029998,84.84977311534658,43.077480992102636,0.1745208282954991
baseline,0,0,3,0.6670444011688232,35.22137830744951,18.81081558988204,14.370347521338111,0.09401239221915603
zero_update,0,0,3,0.8092243671417236,61.165400737764166,26.576579880807998,14.370347521338111,0.3496478511951864
baseline,0,1,3,0.780282199382782,127.03138134328509,42.86377833370468,32.33782113010837,0.41004583053290844
zero_update,0,1,3,0.8277343511581421,198.52647889234441,79.2332877843379,32.33782113010837,0.12886404246091843
baseline,1,0,0,0.7800540924072266,98.31506665992244,59.50788605558454,38.834435331908146,0.40020762104541063
zero_update,1,0,0,0.8350103497505188,37.36104056408757,24.58349860745589,38.834435331908146,0.2773859524168074
baseline,1,1,0,0.8642198443412781,125.30564925355287,135.0124122795369,29.011935847633943,0.15765150031074882
zero_update,1,1,0,0.8737556338310242,43.047320258870585,17.062195959363027,29.011935847633943,0.18500658590346575
baseline,1,0,1,0.8521336913108826,35.61320367057202,7.859253653437789,28.300370198405304,0.19790700357407331
zero_update,1,0,1,0.8094882369041443,88.97888231457858,34.629362403853314,28.300370198405304,0.1801403551362455
baseline,1,1,1,0.7396588325500488,32.994669750090324,38.82447953372756,49.14615440564708,0.21679925825446844
zero_update,1,1,1,0.83613121509552,194.91266968972644,52.94742340338274,49.14615440564708,0.22735924227163196
baseline,1,0,2,0.7033735513687134,30.305522541362855,30.36109707524318,28.888252503936727,0.10852103447541595
zero_update,1,0,2,0.8266535401344299,151.99821190687868,88.10746782568276,28.888252503936727,0.03274342051008716
baseline,1,1,2,0.7036774158477783,149.54926723645877,28.73301949203071,27.05452545983862,0.21827157819643617
zero_update,1,1,2,0.8011723756790161,119.02199995798165,91.1211307269536,27.05452545983862,0.34320073667913675
baseline,1,0,3,0.7672926783561707,27.477548217870513,11.935614446761667,51.87405001464193,0.053384250844828784
zero_update,1,0,3,0.8294531106948853,44.67151471768279,44.23794155626498,51.87405001464193,0.38843957893550396
baseline,1,1,3,0.6710514426231384,45.23173822139919,11.442973100343247,48.62710272675649,0.18779570772312582
zero_update,1,1,3,0.8398022651672363,113.19790747762721,48.57246905990794,48.62710272675649,0.5350373527035117
baseline,2,0,0,0.8386038541793823,2027.3327792811008,1068.419870662201,2493.351226384157,0.3181521147489548
zero_update,2,0,0,0.966819167137146,2909.9774796778884,618.9110277774324,2493.351226384157,0.20952031621709466
baseline,2,1,0,0.8733472228050232,4609.820846825178,1132.1270215968254,2592.179927996,0.18756241211667657
zero_update,2,1,0,0.8135988116264343,3371.259730840311,512.4514600703309,2592.179927996,0.3152727708220482
baseline,2,0,1,0.7417746782302856,514.1215807006046,325.1116341058413,2479.10341894787,0.22671094443649054
zero_update,2,0,1,0.8743592500686646,2127.0880748084946,334.94734805532664,2479.10341894787,0.0845446391031146
baseline,2,1,1,0.7137183547019958,107.30105065969762,342.11498747016236,2293.1815315076824,0.24282120447605848
zero_update,2,1,1,0.7902839183807373,1606.4177858860655,394.8045511523989,2293.1815315076824,0.23435681173577905
baseline,2,0,2,0.7975868582725525,1066.2996437800518,462.2992858010347,3012.946834569343,0.31558507261797786
zero_update,2,0,2,1.0538398027420044,3344.8680147311266,347.7883396389497,3012.946834569343,0.14193315507145599
baseline,2,1,2,0.8500875234603882,1405.6638023383248,824.3812558772992,2185.904150650217,0.20848214998841286
zero_update,2,1,2,0.840721070766449,3727.3934112450615,647.660023902802,2185.904150650217,0.12356505007483065
baseline,2,0,3,0.8375409841537476,1567.051324401256,802.7717201935552,1963.678671618884,0.08129514986649156
zero_update,2,0,3,0.9646677374839783,1969.0230937065664,466.7439900420984,1963.678671618884,0.127879552077502
baseline,2,1,3,0.7593927979469299,439.2880952835912,632.0039676687014,2258.184544480958,0.7375153675675392
zero_update,2,1,3,1.0082392692565918,1610.011736965349,609.9442721283343,2258.184544480958,0.4811724005267024
baseline,3,0,0,0.6718762516975403,58.75838990467131,37.48428171264082,3.845075686548772,0.15560094825923443
zero_update,3,0,0,0.8186048269271851,142.70387499088247,47.41687910926827,3.845075686548772,0.1419642404653132
baseline,3,1,0,0.7393301129341125,17.467399161589718,58.727175271543665,80.27484994579456,0.1180779691785574
zero_update,3,1,0,0.8255150318145752,171.9414913444216,31.091321974176314,80.27484994579456,0.06348943710327148
baseline,3,0,1,0.6230297088623047,41.589098125799005,16.570640837218374,8.41288992527836,0.13608228461816907
zero_update,3,0,1,0.847410261631012,54.97660313055532,69.13104695773133,8.41288992527836,0.1263061137869954
baseline,3,1,1,0.6213266849517822,28.74430668256707,27.705783698311468,7.052072319728479,0.20640815375372767
zero_update,3,1,1,0.8440029621124268,64.06023511080834,75.42097208904477,7.052072319728479,0.4022613409906626
baseline,3,0,2,0.6983619928359985,42.91368351034624,15.822031481603906,10.801331206976787,0.13643724215216935
zero_update,3,0,2,0.8162109851837158,14.206890084386329,89.84213609756985,10.801331206976787,0.06095977523364127
baseline,3,1,2,0.645977258682251,38.62119928625225,37.34097792301353,3.65402776167663,0.24527794029563665
zero_update,3,1,2,0.8463806509971619,7.397673583565853,57.22225289007182,3.65402776167663,0.33178640087135136
baseline,3,0,3,0.8246685266494751,233.1836617552896,140.64819882118107,7.2246792114200895,0.27506617549806833
zero_update,3,0,3,0.8218567371368408,214.98208913279348,64.03210205738567,7.2246792114200895,0.750555045902729
baseline,3,1,3,0.7666743397712708,65.39878357842423,53.583490307611235,93.11185112341036,0.47038459312170744
zero_update,3,1,3,0.8222497701644897,169.37133148074184,48.04778850426348,93.11185112341036,0.333322296384722
