method,group_id,restart,objective,fraud_mse,non_fraud_mse,prior_fraud_mse,max_balance_residual_raw,defense_relative_l2_delta,defense_keep_ratio
baseline,18,0,0.9328044056892395,30.876189251821643,32.964399145897424,3.9018523293134426,0.0778317735530436,0.06765875250559897,1.0
zero_update,18,0,0.06937757134437561,7.7458657040874215,83.89248559155229,3.9018523293134426,0.2925475756637752,0.06765875250559897,1.0
baseline,18,1,0.9048321843147278,1.4719597395915236,11.15222432186601,5.984489731322754,0.3498797982465476,0.06765875250559897,1.0
zero_update,18,1,0.09694846719503403,60.76362651196736,65.15560177246677,5.984489731322754,0.5168626960366964,0.06765875250559897,1.0
baseline,18,2,0.9220752120018005,18.928947505502656,20.73457772053798,41.06273215536945,0.17737456178292632,0.06765875250559897,1.0
zero_update,18,2,0.07485058158636093,97.46048027208484,46.08985795677621,41.06273215536945,0.24577047768980265,0.06765875250559897,1.0
baseline,18,3,0.9222618937492371,21.49073496379652,24.22548032209072,14.150482521284927,0.15458228532224894,0.06765875250559897,1.0
zero_update,18,3,0.08901943266391754,71.74478483322167,62.911086225862356,14.150482521284927,0.4666489129886031,0.06765875250559897,1.0
baseline,18,4,0.9156314134597778,13.339322460016726,19.81709625871905,28.393175031363974,0.18970809737220407,0.06765875250559897,1.0
zero_update,18,4,0.08871337026357651,77.53043075666417,64.80230814611384,28.393175031363974,0.28632251525414176,0.06765875250559897,1.0
baseline,18,5,0.9165592193603516,6.339475366052399,24.880249287092898,46.62306958392956,0.14185958076268435,0.06765875250559897,1.0
zero_update,18,5,0.08192771673202515,81.2984120288714,47.47331204500114,46.62306958392956,0.14026384125463665,0.06765875250559897,1.0
baseline,18,6,0.9217816591262817,1.6466112904152692,14.238686028422691,21.866866574330338,0.10054693790152669,0.06765875250559897,1.0
zero_update,18,6,0.07761978358030319,4.072447420861523,79.45520514546047,21.866866574330338,0.5162641229107976,0.06765875250559897,1.0
baseline,18,7,0.9168449640274048,11.635958860166763,27.024392663024376,7.219091974062386,0.1600825898349285,0.06765875250559897,1.0
zero_update,18,7,0.08607134222984314,17.285111894408068,65.51413583482194,7.219091974062386,0.3125904124462977,0.06765875250559897,1.0
