group_id,original_dna_mse,original_dp_mse,original_D_dna_minus_dp,original_winner,replay_dna_mse,replay_dp_mse,replay_D_dna_minus_dp,replay_winner,delta_dna_mse_replay_minus_original,delta_dp_mse_replay_minus_original,delta_D_replay_minus_original,abs_delta_D,sign_match,mse_values_bit_exact_text
0,1.0069440776985603e-06,0.0016166429099626627,-0.001615635965884964,DP,1.0069440776985603e-06,0.0016166429099626627,-0.001615635965884964,DP,0.0,0.0,0.0,0.0,True,True
1,1.0110104095338282e-06,0.00162906770282613,-0.0016280566924165962,DP,1.0110104095338282e-06,0.00162906770282613,-0.0016280566924165962,DP,0.0,0.0,0.0,0.0,True,True
2,1.1238292563914315e-06,0.0016263452574523292,-0.0016252214281959377,DP,1.1238292563914315e-06,0.0016263452574523292,-0.0016252214281959377,DP,0.0,0.0,0.0,0.0,True,True
3,1.0818143709998576e-06,0.0016305441194725623,-0.0016294623051015624,DP,1.0818143709998576e-06,0.0016305441194725623,-0.0016294623051015624,DP,0.0,0.0,0.0,0.0,True,True
4,1.1680914614632941e-06,0.001641099485397918,-0.0016399313939364547,DP,1.1680914614632941e-06,0.001641099485397918,-0.0016399313939364547,DP,0.0,0.0,0.0,0.0,True,True
5,1.2389646482379303e-06,0.0016443358532382316,-0.0016430968885899936,DP,1.2389646482379303e-06,0.0016443358532382316,-0.0016430968885899936,DP,0.0,0.0,0.0,0.0,True,True
6,1.250850028015834e-06,0.0016474224977506154,-0.0016461716477225996,DP,1.250850028015834e-06,0.0016474224977506154,-0.0016461716477225996,DP,0.0,0.0,0.0,0.0,True,True
7,1.1469118781846348e-06,0.0016321976171030743,-0.0016310507052248898,DP,1.1469118781846348e-06,0.0016321976171030743,-0.0016310507052248898,DP,0.0,0.0,0.0,0.0,True,True
8,1.2362957160963354e-06,0.0015860013096631017,-0.0015847650139470054,DP,1.2362957160963354e-06,0.0015860013096631017,-0.0015847650139470054,DP,0.0,0.0,0.0,0.0,True,True
9,1.1121603679175186e-06,0.0016132716464278022,-0.0016121594860598848,DP,1.1121603679175186e-06,0.0016132716464278022,-0.0016121594860598848,DP,0.0,0.0,0.0,0.0,True,True
10,1.2543959251072066e-06,0.0015839042182887123,-0.0015826498223636052,DP,1.2543959251072066e-06,0.0015839042182887123,-0.0015826498223636052,DP,0.0,0.0,0.0,0.0,True,True
11,1.1215744049057307e-06,0.0016396736328703736,-0.0016385520584654679,DP,1.1215744049057307e-06,0.0016396736328703736,-0.0016385520584654679,DP,0.0,0.0,0.0,0.0,True,True
12,1.0502075072585586e-06,0.0015877069701125395,-0.0015866567626052809,DP,1.0502075072585586e-06,0.0015877069701125395,-0.0015866567626052809,DP,0.0,0.0,0.0,0.0,True,True
13,1.005512493544195e-06,0.0015995321515911891,-0.0015985266390976449,DP,1.005512493544195e-06,0.0015995321515911891,-0.0015985266390976449,DP,0.0,0.0,0.0,0.0,True,True
14,1.2287381426710132e-06,0.0016027930279424514,-0.0016015642897997805,DP,1.2287381426710132e-06,0.0016027930279424514,-0.0016015642897997805,DP,0.0,0.0,0.0,0.0,True,True
15,1.237593830473106e-06,0.001626841303719059,-0.0016256037098885858,DP,1.237593830473106e-06,0.001626841303719059,-0.0016256037098885858,DP,0.0,0.0,0.0,0.0,True,True
16,1.0582503672508964e-06,0.0016452409338864485,-0.0016441826835191975,DP,1.0582503672508964e-06,0.0016452409338864485,-0.0016441826835191975,DP,0.0,0.0,0.0,0.0,True,True
17,1.0632491456444982e-06,0.0015804142534673665,-0.001579351004321722,DP,1.0632491456444982e-06,0.0015804142534673665,-0.001579351004321722,DP,0.0,0.0,0.0,0.0,True,True
18,1.0053075634023988e-06,0.0016221518192647648,-0.0016211465117013624,DP,1.0053075634023988e-06,0.0016221518192647648,-0.0016211465117013624,DP,0.0,0.0,0.0,0.0,True,True
19,1.134943383691863e-06,0.0016360895068305084,-0.0016349545634468166,DP,1.134943383691863e-06,0.0016360895068305084,-0.0016349545634468166,DP,0.0,0.0,0.0,0.0,True,True
20,1.0633566417995928e-06,0.001620475008752038,-0.0016194116521102385,DP,1.0633566417995928e-06,0.001620475008752038,-0.0016194116521102385,DP,0.0,0.0,0.0,0.0,True,True
21,1.142670249143828e-06,0.0016156059564218742,-0.0016144632861727303,DP,1.142670249143828e-06,0.0016156059564218742,-0.0016144632861727303,DP,0.0,0.0,0.0,0.0,True,True
22,1.2179843865479513e-06,0.0015935614901130132,-0.0015923435057264652,DP,1.2179843865479513e-06,0.0015935614901130132,-0.0015923435057264652,DP,0.0,0.0,0.0,0.0,True,True
23,1.1664943619463147e-06,0.0016197273954628758,-0.0016185609011009296,DP,1.1664943619463147e-06,0.0016197273954628758,-0.0016185609011009296,DP,0.0,0.0,0.0,0.0,True,True
24,1.2307959087944205e-06,0.0016163589104232236,-0.0016151281145144292,DP,1.2307959087944205e-06,0.0016163589104232236,-0.0016151281145144292,DP,0.0,0.0,0.0,0.0,True,True
25,1.0749882835102357e-06,0.0015622384244289309,-0.0015611634361454207,DP,1.0749882835102357e-06,0.0015622384244289309,-0.0015611634361454207,DP,0.0,0.0,0.0,0.0,True,True
26,1.2454370297362948e-06,0.0016119174553904717,-0.0016106720183607353,DP,1.2454370297362948e-06,0.0016119174553904717,-0.0016106720183607353,DP,0.0,0.0,0.0,0.0,True,True
27,1.1016646255529364e-06,0.0015932249284439548,-0.0015921232638184018,DP,1.1016646255529364e-06,0.0015932249284439548,-0.0015921232638184018,DP,0.0,0.0,0.0,0.0,True,True
28,1.0348949260743626e-06,0.0015964189763298404,-0.001595384081403766,DP,1.0348949260743626e-06,0.0015964189763298404,-0.001595384081403766,DP,0.0,0.0,0.0,0.0,True,True
29,1.18574207364209e-06,0.0016660079486049088,-0.0016648222065312667,DP,1.18574207364209e-06,0.0016660079486049088,-0.0016648222065312667,DP,0.0,0.0,0.0,0.0,True,True
30,1.1025321941534372e-06,0.0015966781230989245,-0.0015955755909047712,DP,1.1025321941534372e-06,0.0015966781230989245,-0.0015955755909047712,DP,0.0,0.0,0.0,0.0,True,True
31,1.202513770301201e-06,0.001629609041760868,-0.0016284065279905668,DP,1.202513770301201e-06,0.001629609041760868,-0.0016284065279905668,DP,0.0,0.0,0.0,0.0,True,True
32,1.085155039552401e-06,0.0016162343846262864,-0.001615149229586734,DP,1.085155039552401e-06,0.0016162343846262864,-0.001615149229586734,DP,0.0,0.0,0.0,0.0,True,True
33,1.0768010025587925e-06,0.0016415917436623255,-0.0016405149426597667,DP,1.0768010025587925e-06,0.0016415917436623255,-0.0016405149426597667,DP,0.0,0.0,0.0,0.0,True,True
34,1.1674675634965979e-06,0.0016117687191653963,-0.0016106012516018996,DP,1.1674675634965979e-06,0.0016117687191653963,-0.0016106012516018996,DP,0.0,0.0,0.0,0.0,True,True
35,1.1783195972331903e-06,0.0016031702882376997,-0.0016019919686404665,DP,1.1783195972331903e-06,0.0016031702882376997,-0.0016019919686404665,DP,0.0,0.0,0.0,0.0,True,True
36,1.2920033538244649e-06,0.0016297348359870512,-0.0016284428326332266,DP,1.2920033538244649e-06,0.0016297348359870512,-0.0016284428326332266,DP,0.0,0.0,0.0,0.0,True,True
37,1.1768821040688335e-06,0.0016459176353760035,-0.0016447407532719346,DP,1.1768821040688335e-06,0.0016459176353760035,-0.0016447407532719346,DP,0.0,0.0,0.0,0.0,True,True
38,1.1243042480643134e-06,0.0016327331809489374,-0.001631608876700873,DP,1.1243042480643134e-06,0.0016327331809489374,-0.001631608876700873,DP,0.0,0.0,0.0,0.0,True,True
